{
"type": "FeatureCollection",
"name": "eunpyeong_base_risk",
"crs": { "type": "name", "properties": { "name": "urn:ogc:def:crs:OGC:1.3:CRS84" } },
"features": [
{ "type": "Feature", "properties": { "ADM_CD": "1138011400", "SGG_CD": "11380", "GU_NM": "은평구", "F_YR": 2022, "F_ZONE_NM": "서울특별시 은평구 진관동 62", "F_SHIM": 0.3, "F_AREA": 208.78, "F_AVR_HGT": 46.74, "반복침수연도수": 1, "반복침수여부": false, "침수이력점수": 2, "기본위험등급": "위험" }, "geometry": { "type": "Polygon", "coordinates": [ [ [ 126.917385106133239, 37.635407893675072 ], [ 126.917385094654435, 37.635418074715453 ], [ 126.917386555991229, 37.635428256806016 ], [ 126.917389490448912, 37.635438169653611 ], [ 126.917393898028081, 37.635447813258082 ], [ 126.917399552345273, 37.635457007262332 ], [ 126.917406453603903, 37.635465571470831 ], [ 126.917414601804381, 37.635473505883319 ], [ 126.917423770562635, 37.635480630142645 ], [ 126.917433959878807, 37.635486944248605 ], [ 126.917444830074885, 37.635492267763297 ], [ 126.917456494545803, 37.635496510669597 ], [ 126.917468726602408, 37.635499762903592 ], [ 126.917481299859986, 37.635501844108227 ], [ 126.91749410092298, 37.635502844300447 ], [ 126.9175070167, 37.635502583204165 ], [ 126.917519707106749, 37.635501240772733 ], [ 126.917532172244094, 37.63549872690853 ], [ 126.917544185422827, 37.635495131548076 ], [ 126.917555633348911, 37.635490454610839 ], [ 126.918738239703487, 37.63493763938817 ], [ 126.918747761792289, 37.634932690690263 ], [ 126.918756605022622, 37.634926930635366 ], [ 126.918764655901811, 37.634920539339589 ], [ 126.918818669734975, 37.634873203795635 ], [ 126.918842336893661, 37.634852479871661 ], [ 126.91884789948945, 37.634770738048779 ], [ 126.91885051381874, 37.634732295155167 ], [ 126.918775022278339, 37.634665029290296 ], [ 126.917439822397057, 37.63460750398928 ], [ 126.917385106133239, 37.635407893675072 ] ] ] } },
{ "type": "Feature", "properties": { "ADM_CD": "1138011400", "SGG_CD": "11380", "GU_NM": "은평구", "F_YR": 2022, "F_ZONE_NM": "서울특별시 은평구 진관동 66", "F_SHIM": 0.3, "F_AREA": 4917.23, "F_AVR_HGT": 31.23, "반복침수연도수": 2, "반복침수여부": true, "침수이력점수": 2, "기본위험등급": "위험" }, "geometry": { "type": "Polygon", "coordinates": [ [ [ 126.920463253085401, 37.640033053619668 ], [ 126.91992117113935, 37.639458937748756 ], [ 126.919368717011082, 37.63987480580824 ], [ 126.919391474198463, 37.639889507577585 ], [ 126.919413437499401, 37.639904929571713 ], [ 126.919434493514657, 37.639921161809859 ], [ 126.919454755742947, 37.639938024176047 ], [ 126.919474110883684, 37.63995551659189 ], [ 126.919498443823144, 37.639979769793008 ], [ 126.919878579750559, 37.640382319686111 ], [ 126.920463253085401, 37.640033053619668 ] ] ] } },
{ "type": "Feature", "properties": { "ADM_CD": "1138011400", "SGG_CD": "11380", "GU_NM": "은평구", "F_YR": 2022, "F_ZONE_NM": "서울특별시 은평구 진관동 산109-14", "F_SHIM": 0.3, "F_AREA": 128.86, "F_AVR_HGT": 14.31, "반복침수연도수": 2, "반복침수여부": true, "침수이력점수": 2, "기본위험등급": "위험" }, "geometry": { "type": "Polygon", "coordinates": [ [ [ 126.936723259634263, 37.626841791627967 ], [ 126.936781902142258, 37.62688425993413 ], [ 126.936814797753584, 37.62696392453482 ], [ 126.936823045224045, 37.626989336669155 ], [ 126.936865693974269, 37.627187215063387 ], [ 126.936888825784337, 37.627292101704349 ], [ 126.936891532598068, 37.6273058881672 ], [ 126.936879500476763, 37.627320873868925 ], [ 126.936875542700776, 37.627325791046701 ], [ 126.936872592628106, 37.627331285403038 ], [ 126.936860165859912, 37.627357217782546 ], [ 126.936826517115122, 37.627427394620518 ], [ 126.936829503408035, 37.627510826920449 ], [ 126.936841817135942, 37.627550026260025 ], [ 126.937231003127152, 37.627607811500354 ], [ 126.937344712215449, 37.627664148548455 ], [ 126.937346463029044, 37.627656851570308 ], [ 126.937351738247969, 37.627634816491387 ], [ 126.937765365236714, 37.62746097153908 ], [ 126.938026768976641, 37.627306675656449 ], [ 126.93795581389513, 37.627035550855162 ], [ 126.93758554975507, 37.62672467518356 ], [ 126.93676028327404, 37.626733243960871 ], [ 126.936723259634263, 37.626841791627967 ] ] ] } },
{ "type": "Feature", "properties": { "ADM_CD": "1138010300", "SGG_CD": "11380", "GU_NM": "은평구", "F_YR": 2022, "F_ZONE_NM": "서울특별시 은평구 불광동 23-20", "F_SHIM": 0.3, "F_AREA": 102.4, "F_AVR_HGT": 14.49, "반복침수연도수": 1, "반복침수여부": false, "침수이력점수": 2, "기본위험등급": "위험" }, "geometry": { "type": "Polygon", "coordinates": [ [ [ 126.934349132782444, 37.622427196165226 ], [ 126.934402939223972, 37.622425695114615 ], [ 126.934426973272565, 37.622403454579562 ], [ 126.934480923065252, 37.622368437124457 ], [ 126.934498009192424, 37.622363491440595 ], [ 126.934482312861249, 37.622283998081578 ], [ 126.934464912320294, 37.622285898272658 ], [ 126.934460178621649, 37.622259406774617 ], [ 126.934322538669974, 37.622273293665323 ], [ 126.93433224097096, 37.622329475284189 ], [ 126.934349132782444, 37.622427196165226 ] ] ] } },
{ "type": "Feature", "properties": { "ADM_CD": "1138010700", "SGG_CD": "11380", "GU_NM": "은평구", "F_YR": 2022, "F_ZONE_NM": "서울특별시 은평구 응암동 339-8", "F_SHIM": 0.3, "F_AREA": 5996.7, "F_AVR_HGT": 39.26, "반복침수연도수": 1, "반복침수여부": false, "침수이력점수": 2, "기본위험등급": "위험" }, "geometry": { "type": "Polygon", "coordinates": [ [ [ 126.920485753025844, 37.589138726167832 ], [ 126.920636350376071, 37.589129279013271 ], [ 126.920615837740712, 37.589042410012247 ], [ 126.920467398349189, 37.58904582202377 ], [ 126.920477644122954, 37.589098897068858 ], [ 126.920485753025844, 37.589138726167832 ] ] ] } },
{ "type": "Feature", "properties": { "ADM_CD": "1138011400", "SGG_CD": "11380", "GU_NM": "은평구", "F_YR": 2022, "F_ZONE_NM": "서울특별시 은평구 진관동 290", "F_SHIM": 0.3, "F_AREA": 128.98, "F_AVR_HGT": 30.14, "반복침수연도수": 2, "반복침수여부": true, "침수이력점수": 2, "기본위험등급": "위험" }, "geometry": { "type": "Polygon", "coordinates": [ [ [ 126.944123233778214, 37.65801951079353 ], [ 126.944069745443826, 37.658016331345912 ], [ 126.943892622246068, 37.658005523356906 ], [ 126.943859432648694, 37.657985505506787 ], [ 126.943612186993946, 37.657939434700822 ], [ 126.943402361836988, 37.657865091221069 ], [ 126.943315985486919, 37.657891537283056 ], [ 126.943311233117583, 37.657896580394905 ], [ 126.943296136677006, 37.6579126102896 ], [ 126.943282334239697, 37.657911477258324 ], [ 126.943146780256797, 37.657900373323052 ], [ 126.94289875393369, 37.657839164264679 ], [ 126.942601385947128, 37.657733980517321 ], [ 126.942475820248035, 37.657689571773652 ], [ 126.942357553641216, 37.657630048205483 ], [ 126.942337744497109, 37.657615172190447 ], [ 126.942267183914524, 37.657561898188504 ], [ 126.942228533103759, 37.657555472839881 ], [ 126.942193695913588, 37.657541733483832 ], [ 126.942026851469919, 37.657475896340607 ], [ 126.942001950014173, 37.657466072167452 ], [ 126.941815266908932, 37.657366239955252 ], [ 126.941750606653514, 37.657304580555682 ], [ 126.941505683385245, 37.657193546244429 ], [ 126.941495149811118, 37.657186333088887 ], [ 126.941256143662571, 37.657046379985296 ], [ 126.941191808321761, 37.657004253570726 ], [ 126.940827533218723, 37.656766047256014 ], [ 126.940762926078492, 37.656766013998862 ], [ 126.940852653363635, 37.656826966059263 ], [ 126.940754752586358, 37.656824933526799 ], [ 126.940723463773338, 37.656824286723484 ], [ 126.940714737813153, 37.656824102031159 ], [ 126.940626050962308, 37.656765943424176 ], [ 126.940332423355017, 37.656765791489967 ], [ 126.940335141773772, 37.656767504751663 ], [ 126.940769121978022, 37.656978376896653 ], [ 126.941021499741353, 37.657118067554102 ], [ 126.941443338066975, 37.657353617681594 ], [ 126.941801404115012, 37.657553815826468 ], [ 126.942069755800176, 37.657704954690047 ], [ 126.942099887463812, 37.657721818093599 ], [ 126.942697194317915, 37.657919070459727 ], [ 126.943338294375252, 37.65805813845737 ], [ 126.944123159912451, 37.658115464531605 ], [ 126.944123233778214, 37.65801951079353 ] ] ] } },
{ "type": "Feature", "properties": { "ADM_CD": "1138011400", "SGG_CD": "11380", "GU_NM": "은평구", "F_YR": 2022, "F_ZONE_NM": "서울특별시 은평구 진관동 산27-2", "F_SHIM": 0.3, "F_AREA": 116.69, "F_AVR_HGT": 23.85, "반복침수연도수": 2, "반복침수여부": true, "침수이력점수": 2, "기본위험등급": "위험" }, "geometry": { "type": "Polygon", "coordinates": [ [ [ 126.939023549815658, 37.646844285620908 ], [ 126.939057905656583, 37.646857863505552 ], [ 126.939281773132564, 37.646505988460497 ], [ 126.939222555033169, 37.646508461919638 ], [ 126.939143030216911, 37.646648206350278 ], [ 126.939023549815658, 37.646844285620908 ] ] ] } },
{ "type": "Feature", "properties": { "ADM_CD": "1138010300", "SGG_CD": "11380", "GU_NM": "은평구", "F_YR": 2022, "F_ZONE_NM": "서울특별시 은평구 불광동 630-20", "F_SHIM": 0.3, "F_AREA": 144.65, "F_AVR_HGT": 17.23, "반복침수연도수": 1, "반복침수여부": false, "침수이력점수": 2, "기본위험등급": "위험" }, "geometry": { "type": "Polygon", "coordinates": [ [ [ 126.93991893395841, 37.612088625895559 ], [ 126.940041281211137, 37.612054128044036 ], [ 126.9400803416831, 37.612043111362262 ], [ 126.940039264791011, 37.611958334643361 ], [ 126.939920223988324, 37.611993852328354 ], [ 126.939898504036847, 37.612031465975811 ], [ 126.93991893395841, 37.612088625895559 ] ] ] } },
{ "type": "Feature", "properties": { "ADM_CD": "1138010200", "SGG_CD": "11380", "GU_NM": "은평구", "F_YR": 2022, "F_ZONE_NM": "서울특별시 은평구 녹번동 73-2", "F_SHIM": 0.3, "F_AREA": 135.96, "F_AVR_HGT": 32.08, "반복침수연도수": 3, "반복침수여부": true, "침수이력점수": 2, "기본위험등급": "위험" }, "geometry": { "type": "Polygon", "coordinates": [ [ [ 126.932141684218564, 37.60178686733672 ], [ 126.932070659387037, 37.601810251124803 ], [ 126.931994914399212, 37.601673167015399 ], [ 126.931921880893782, 37.601664744830508 ], [ 126.931976242326968, 37.602024269088965 ], [ 126.932008834061449, 37.602048164336402 ], [ 126.932233242630872, 37.601968108799582 ], [ 126.932141684218564, 37.60178686733672 ] ] ] } },
{ "type": "Feature", "properties": { "ADM_CD": "1138010200", "SGG_CD": "11380", "GU_NM": "은평구", "F_YR": 2022, "F_ZONE_NM": "서울특별시 은평구 녹번동 212", "F_SHIM": 0.3, "F_AREA": 88.38, "F_AVR_HGT": 31.99, "반복침수연도수": 1, "반복침수여부": false, "침수이력점수": 2, "기본위험등급": "위험" }, "geometry": { "type": "Polygon", "coordinates": [ [ [ 126.929758055261857, 37.601666152011681 ], [ 126.929760375685603, 37.601655449744243 ], [ 126.929868376908075, 37.601558929977244 ], [ 126.929866768221274, 37.601559604737915 ], [ 126.929847611270375, 37.601567620865424 ], [ 126.929873353071244, 37.601542084615318 ], [ 126.929873477706664, 37.601542012612313 ], [ 126.929871666563827, 37.601517630911971 ], [ 126.929809253964621, 37.601522674553173 ], [ 126.929477689007925, 37.60154947510209 ], [ 126.929462139635746, 37.601550735996227 ], [ 126.929501204199781, 37.601731109609076 ], [ 126.929758055261857, 37.601666152011681 ] ] ] } },
{ "type": "Feature", "properties": { "ADM_CD": "1138010700", "SGG_CD": "11380", "GU_NM": "은평구", "F_YR": 2022, "F_ZONE_NM": "서울특별시 은평구 응암동 99-72", "F_SHIM": 0.3, "F_AREA": 257.57, "F_AVR_HGT": 37.37, "반복침수연도수": 1, "반복침수여부": false, "침수이력점수": 2, "기본위험등급": "위험" }, "geometry": { "type": "Polygon", "coordinates": [ [ [ 126.923884550001731, 37.599766135602373 ], [ 126.923994704357227, 37.599683677936476 ], [ 126.923862549656747, 37.599578896802569 ], [ 126.923758961781616, 37.599662710147811 ], [ 126.923813835980383, 37.599707795451103 ], [ 126.923884550001731, 37.599766135602373 ] ] ] } },
{ "type": "Feature", "properties": { "ADM_CD": "1138010700", "SGG_CD": "11380", "GU_NM": "은평구", "F_YR": 2022, "F_ZONE_NM": "서울특별시 은평구 응암동 99-71", "F_SHIM": 0.3, "F_AREA": 113.8, "F_AVR_HGT": 14.59, "반복침수연도수": 1, "반복침수여부": false, "침수이력점수": 2, "기본위험등급": "위험" }, "geometry": { "type": "Polygon", "coordinates": [ [ [ 126.924130857849732, 37.599863963940244 ], [ 126.924129971436514, 37.599845132808895 ], [ 126.923994704357227, 37.599683677936476 ], [ 126.923884550001731, 37.599766135602373 ], [ 126.923938405851544, 37.599810589488932 ], [ 126.924025695096773, 37.599828396201588 ], [ 126.924041191908529, 37.599844804270461 ], [ 126.924130857849732, 37.599863963940244 ] ] ] } },
{ "type": "Feature", "properties": { "ADM_CD": "1138010400", "SGG_CD": "11380", "GU_NM": "은평구", "F_YR": 2022, "F_ZONE_NM": "서울특별시 은평구 갈현동 12-319", "F_SHIM": 0.3, "F_AREA": 132.26, "F_AVR_HGT": 33.33, "반복침수연도수": 1, "반복침수여부": false, "침수이력점수": 2, "기본위험등급": "위험" }, "geometry": { "type": "Polygon", "coordinates": [ [ [ 126.91539527559847, 37.62878048380454 ], [ 126.915297278324999, 37.628688512404288 ], [ 126.915201590975741, 37.628754394092105 ], [ 126.915300497191438, 37.628844023690206 ], [ 126.91539527559847, 37.62878048380454 ] ] ] } },
{ "type": "Feature", "properties": { "ADM_CD": "1138010400", "SGG_CD": "11380", "GU_NM": "은평구", "F_YR": 2022, "F_ZONE_NM": "서울특별시 은평구 갈현동 12-344", "F_SHIM": 0.3, "F_AREA": 215.43, "F_AVR_HGT": 35.11, "반복침수연도수": 1, "반복침수여부": false, "침수이력점수": 2, "기본위험등급": "위험" }, "geometry": { "type": "Polygon", "coordinates": [ [ [ 126.914012913044303, 37.629812618998905 ], [ 126.913918874642604, 37.629726145375592 ], [ 126.913834521602894, 37.629784916624928 ], [ 126.913927086640399, 37.62987192980799 ], [ 126.914012913044303, 37.629812618998905 ] ] ] } },
{ "type": "Feature", "properties": { "ADM_CD": "1138010400", "SGG_CD": "11380", "GU_NM": "은평구", "F_YR": 2022, "F_ZONE_NM": "서울특별시 은평구 갈현동 285-233", "F_SHIM": 0.3, "F_AREA": 115.13, "F_AVR_HGT": 18.18, "반복침수연도수": 1, "반복침수여부": false, "침수이력점수": 2, "기본위험등급": "위험" }, "geometry": { "type": "Polygon", "coordinates": [ [ [ 126.912947057740183, 37.626338820575796 ], [ 126.912990672453802, 37.626337141444765 ], [ 126.913011759142066, 37.626323101988568 ], [ 126.913110897573887, 37.626211725187773 ], [ 126.912991266510161, 37.62621830274351 ], [ 126.912935981189051, 37.626222405757986 ], [ 126.912947057740183, 37.626338820575796 ] ] ] } },
{ "type": "Feature", "properties": { "ADM_CD": "1138010300", "SGG_CD": "11380", "GU_NM": "은평구", "F_YR": 2022, "F_ZONE_NM": "서울특별시 은평구 불광동 433-2", "F_SHIM": 0.3, "F_AREA": 321.49, "F_AVR_HGT": 42.48, "반복침수연도수": 2, "반복침수여부": true, "침수이력점수": 2, "기본위험등급": "위험" }, "geometry": { "type": "Polygon", "coordinates": [ [ [ 126.926387075721763, 37.622812249394478 ], [ 126.926397389492934, 37.622806489690326 ], [ 126.926507868853648, 37.622769890094062 ], [ 126.926516821960249, 37.622765480984086 ], [ 126.926554222839584, 37.622745232705277 ], [ 126.926583128220216, 37.622724888922008 ], [ 126.92647282952953, 37.622694545908168 ], [ 126.926325276071623, 37.622651925733088 ], [ 126.926315175069277, 37.62267138045911 ], [ 126.926270119405459, 37.62275649432366 ], [ 126.926398649381767, 37.622792705502263 ], [ 126.926387075721763, 37.622812249394478 ] ] ] } },
{ "type": "Feature", "properties": { "ADM_CD": "1138010300", "SGG_CD": "11380", "GU_NM": "은평구", "F_YR": 2022, "F_ZONE_NM": "서울특별시 은평구 불광동 484-161", "F_SHIM": 0.3, "F_AREA": 79.42, "F_AVR_HGT": 14.49, "반복침수연도수": 1, "반복침수여부": false, "침수이력점수": 2, "기본위험등급": "위험" }, "geometry": { "type": "Polygon", "coordinates": [ [ [ 126.920648359269023, 37.6240621692221 ], [ 126.920781730548782, 37.624020545197652 ], [ 126.920740045842649, 37.623894028153209 ], [ 126.920614466405553, 37.623874562051355 ], [ 126.920611282277022, 37.62388600230846 ], [ 126.920731191540639, 37.623932304712326 ], [ 126.920743406443549, 37.623949792077276 ], [ 126.920708288025807, 37.623952380873462 ], [ 126.920639419574201, 37.623949180262755 ], [ 126.920635096730521, 37.623966115714985 ], [ 126.920623982197711, 37.623978541613681 ], [ 126.920648359269023, 37.6240621692221 ] ] ] } },
{ "type": "Feature", "properties": { "ADM_CD": "1138010700", "SGG_CD": "11380", "GU_NM": "은평구", "F_YR": 2022, "F_ZONE_NM": "서울특별시 은평구 응암동 241-114", "F_SHIM": 0.3, "F_AREA": 140.63, "F_AVR_HGT": 32.83, "반복침수연도수": 1, "반복침수여부": false, "침수이력점수": 2, "기본위험등급": "위험" }, "geometry": { "type": "Polygon", "coordinates": [ [ [ 126.92416261033533, 37.593563198207633 ], [ 126.92417157980438, 37.593561609343404 ], [ 126.924170693359571, 37.593542868290541 ], [ 126.924164762557041, 37.59336546060613 ], [ 126.924161760267353, 37.593203011174445 ], [ 126.92416156141249, 37.593176341909256 ], [ 126.924098937373017, 37.593195104393352 ], [ 126.924111817490584, 37.593276850134366 ], [ 126.924145449576869, 37.593460006245259 ], [ 126.92416261033533, 37.593563198207633 ] ] ] } },
{ "type": "Feature", "properties": { "ADM_CD": "1138010300", "SGG_CD": "11380", "GU_NM": "은평구", "F_YR": 2022, "F_ZONE_NM": "서울특별시 은평구 불광동 205-9", "F_SHIM": 0.3, "F_AREA": 69.03, "F_AVR_HGT": 27.8, "반복침수연도수": 1, "반복침수여부": false, "침수이력점수": 2, "기본위험등급": "위험" }, "geometry": { "type": "Polygon", "coordinates": [ [ [ 126.929209404573214, 37.621415241345126 ], [ 126.929249473392261, 37.621445809111968 ], [ 126.929313648349691, 37.621380887740699 ], [ 126.929228629765831, 37.621330380810058 ], [ 126.929142658916589, 37.621327535075132 ], [ 126.929209404573214, 37.621415241345126 ] ] ] } },
{ "type": "Feature", "properties": { "ADM_CD": "1138010300", "SGG_CD": "11380", "GU_NM": "은평구", "F_YR": 2022, "F_ZONE_NM": "서울특별시 은평구 불광동 228-54", "F_SHIM": 0.3, "F_AREA": 184.78, "F_AVR_HGT": 27.99, "반복침수연도수": 1, "반복침수여부": false, "침수이력점수": 2, "기본위험등급": "위험" }, "geometry": { "type": "Polygon", "coordinates": [ [ [ 126.93091174619704, 37.618941901343504 ], [ 126.931064750232423, 37.618917017614422 ], [ 126.931054633047381, 37.618871448996472 ], [ 126.931041883040763, 37.618819184520746 ], [ 126.931062046590412, 37.618817304502286 ], [ 126.931059227295137, 37.618804148505404 ], [ 126.931039929255263, 37.618729085315081 ], [ 126.930884885879394, 37.618826748987829 ], [ 126.930893640059793, 37.618864226001129 ], [ 126.930901356337458, 37.618897305608286 ], [ 126.93091174619704, 37.618941901343504 ] ] ] } },
{ "type": "Feature", "properties": { "ADM_CD": "1138010400", "SGG_CD": "11380", "GU_NM": "은평구", "F_YR": 2022, "F_ZONE_NM": "서울특별시 은평구 갈현동 455-19", "F_SHIM": 0.3, "F_AREA": 109.81, "F_AVR_HGT": 35.6, "반복침수연도수": 1, "반복침수여부": false, "침수이력점수": 2, "기본위험등급": "위험" }, "geometry": { "type": "Polygon", "coordinates": [ [ [ 126.918937774792369, 37.618428238132147 ], [ 126.919054270918679, 37.618376783519103 ], [ 126.918991624511577, 37.618282767470973 ], [ 126.918873091567548, 37.618332508733843 ], [ 126.918935625496005, 37.618425713883042 ], [ 126.918937774792369, 37.618428238132147 ] ] ] } },
{ "type": "Feature", "properties": { "ADM_CD": "1138010400", "SGG_CD": "11380", "GU_NM": "은평구", "F_YR": 2022, "F_ZONE_NM": "서울특별시 은평구 갈현동 461-22", "F_SHIM": 0.3, "F_AREA": 182.44, "F_AVR_HGT": 14.67, "반복침수연도수": 2, "반복침수여부": true, "침수이력점수": 2, "기본위험등급": "위험" }, "geometry": { "type": "Polygon", "coordinates": [ [ [ 126.918030720478924, 37.616204700720736 ], [ 126.918133498619824, 37.61616233719527 ], [ 126.918114727644081, 37.616134663822479 ], [ 126.918058754693234, 37.616051553827759 ], [ 126.917938297267042, 37.6161030046745 ], [ 126.918003993823532, 37.616201348181178 ], [ 126.918023030693718, 37.616193793413721 ], [ 126.918030720478924, 37.616204700720736 ] ] ] } },
{ "type": "Feature", "properties": { "ADM_CD": "1138010300", "SGG_CD": "11380", "GU_NM": "은평구", "F_YR": 2022, "F_ZONE_NM": "서울특별시 은평구 불광동 326-1", "F_SHIM": 0.3, "F_AREA": 211.14, "F_AVR_HGT": 35.74, "반복침수연도수": 2, "반복침수여부": true, "침수이력점수": 2, "기본위험등급": "위험" }, "geometry": { "type": "Polygon", "coordinates": [ [ [ 126.923943546708514, 37.619068267640465 ], [ 126.92397277836055, 37.619060268128152 ], [ 126.92395605025402, 37.619025929784812 ], [ 126.923936192208416, 37.618951585855115 ], [ 126.923968616482341, 37.618923226287173 ], [ 126.923941223577529, 37.618905819362247 ], [ 126.923916750194437, 37.618912921015784 ], [ 126.923814886592268, 37.618946730846901 ], [ 126.923837545204805, 37.619050899088791 ], [ 126.92385449708209, 37.619087850438888 ], [ 126.923943546708514, 37.619068267640465 ] ] ] } },
{ "type": "Feature", "properties": { "ADM_CD": "1138010300", "SGG_CD": "11380", "GU_NM": "은평구", "F_YR": 2022, "F_ZONE_NM": "서울특별시 은평구 불광동 310-93", "F_SHIM": 0.3, "F_AREA": 104.21, "F_AVR_HGT": 35.6, "반복침수연도수": 1, "반복침수여부": false, "침수이력점수": 2, "기본위험등급": "위험" }, "geometry": { "type": "Polygon", "coordinates": [ [ [ 126.921468501443783, 37.619182570827235 ], [ 126.921494634144821, 37.619191688452041 ], [ 126.92151830207554, 37.619154331837677 ], [ 126.921510738614629, 37.619151623769156 ], [ 126.921499348135981, 37.619147543615199 ], [ 126.921493018784929, 37.61914532291172 ], [ 126.921468501443783, 37.619182570827235 ] ] ] } },
{ "type": "Feature", "properties": { "ADM_CD": "1138010300", "SGG_CD": "11380", "GU_NM": "은평구", "F_YR": 2022, "F_ZONE_NM": "서울특별시 은평구 불광동 310-11", "F_SHIM": 0.3, "F_AREA": 117.58, "F_AVR_HGT": 35.6, "반복침수연도수": 2, "반복침수여부": true, "침수이력점수": 2, "기본위험등급": "위험" }, "geometry": { "type": "Polygon", "coordinates": [ [ [ 126.92133103821881, 37.619224787533213 ], [ 126.921303871064296, 37.619229670402426 ], [ 126.921306479879433, 37.619226293499707 ], [ 126.921295870394744, 37.619222736425542 ], [ 126.921289257822608, 37.619231102036743 ], [ 126.921300127865464, 37.619234623249412 ], [ 126.921458423264866, 37.619285636132538 ], [ 126.921499184189884, 37.619300520943305 ], [ 126.921635288651061, 37.619342607844679 ], [ 126.921648877083854, 37.619325047927497 ], [ 126.921641947329377, 37.619322880884503 ], [ 126.921603267534465, 37.619310781561396 ], [ 126.92157054377418, 37.619300488221356 ], [ 126.92153510250246, 37.619289319079513 ], [ 126.921508946307227, 37.619280949261508 ], [ 126.921506930813905, 37.619280299189192 ], [ 126.921499208319858, 37.61927800546308 ], [ 126.921439309209774, 37.619259134343828 ], [ 126.921412541209477, 37.619250926265686 ], [ 126.921378956667468, 37.61924062327833 ], [ 126.92133103821881, 37.619224787533213 ] ] ] } },
{ "type": "Feature", "properties": { "ADM_CD": "1138010600", "SGG_CD": "11380", "GU_NM": "은평구", "F_YR": 2022, "F_ZONE_NM": "서울특별시 은평구 대조동 221-2", "F_SHIM": 0.3, "F_AREA": 8501.3, "F_AVR_HGT": 99.14, "반복침수연도수": 1, "반복침수여부": false, "침수이력점수": 2, "기본위험등급": "위험" }, "geometry": { "type": "Polygon", "coordinates": [ [ [ 126.91952006545641, 37.614732371013439 ], [ 126.919504874020049, 37.614642262361926 ], [ 126.919504087617938, 37.614636405439157 ], [ 126.91939806203591, 37.614647593969998 ], [ 126.91942057576189, 37.614773746966868 ], [ 126.91952006545641, 37.614732371013439 ] ] ] } },
{ "type": "Feature", "properties": { "ADM_CD": "1138010600", "SGG_CD": "11380", "GU_NM": "은평구", "F_YR": 2022, "F_ZONE_NM": "서울특별시 은평구 대조동 220-31", "F_SHIM": 0.3, "F_AREA": 191.67, "F_AVR_HGT": 26.15, "반복침수연도수": 1, "반복침수여부": false, "침수이력점수": 2, "기본위험등급": "위험" }, "geometry": { "type": "Polygon", "coordinates": [ [ [ 126.918192259641643, 37.614660533751007 ], [ 126.918175370592664, 37.614570694023676 ], [ 126.918173009389022, 37.614555195483597 ], [ 126.918024500456994, 37.614575362579117 ], [ 126.918041372002619, 37.614680699187744 ], [ 126.918192259641643, 37.614660533751007 ] ] ] } },
{ "type": "Feature", "properties": { "ADM_CD": "1138010400", "SGG_CD": "11380", "GU_NM": "은평구", "F_YR": 2022, "F_ZONE_NM": "서울특별시 은평구 갈현동 507-8", "F_SHIM": 0.3, "F_AREA": 229.85, "F_AVR_HGT": 27.04, "반복침수연도수": 2, "반복침수여부": true, "침수이력점수": 2, "기본위험등급": "위험" }, "geometry": { "type": "Polygon", "coordinates": [ [ [ 126.91229498639683, 37.614992108161061 ], [ 126.91238690851192, 37.61493667720157 ], [ 126.912326613259069, 37.614875004555344 ], [ 126.912301584658067, 37.614873003478678 ], [ 126.912190279925483, 37.614940763140432 ], [ 126.912261323533073, 37.615012084480554 ], [ 126.91229498639683, 37.614992108161061 ] ] ] } },
{ "type": "Feature", "properties": { "ADM_CD": "1138010400", "SGG_CD": "11380", "GU_NM": "은평구", "F_YR": 2022, "F_ZONE_NM": "서울특별시 은평구 갈현동 508-9", "F_SHIM": 0.3, "F_AREA": 133.07, "F_AVR_HGT": 31.06, "반복침수연도수": 1, "반복침수여부": false, "침수이력점수": 2, "기본위험등급": "위험" }, "geometry": { "type": "Polygon", "coordinates": [ [ [ 126.911523500489977, 37.614379395934705 ], [ 126.911437041791572, 37.614224811736705 ], [ 126.911301863247758, 37.614272550565218 ], [ 126.9113879808489, 37.614428035581291 ], [ 126.911523500489977, 37.614379395934705 ] ] ] } },
{ "type": "Feature", "properties": { "ADM_CD": "1138010300", "SGG_CD": "11380", "GU_NM": "은평구", "F_YR": 2022, "F_ZONE_NM": "서울특별시 은평구 불광동 221-26", "F_SHIM": 0.3, "F_AREA": 635.65, "F_AVR_HGT": 27.84, "반복침수연도수": 2, "반복침수여부": true, "침수이력점수": 2, "기본위험등급": "위험" }, "geometry": { "type": "Polygon", "coordinates": [ [ [ 126.931833613054096, 37.617744154316838 ], [ 126.931962765303126, 37.61771395756454 ], [ 126.931970355764051, 37.617712250175096 ], [ 126.931922444067524, 37.617590589552528 ], [ 126.931803035123806, 37.617618449468353 ], [ 126.931833613054096, 37.617744154316838 ] ] ] } },
{ "type": "Feature", "properties": { "ADM_CD": "1138010300", "SGG_CD": "11380", "GU_NM": "은평구", "F_YR": 2022, "F_ZONE_NM": "서울특별시 은평구 불광동 234-2", "F_SHIM": 0.3, "F_AREA": 157.19, "F_AVR_HGT": 13.76, "반복침수연도수": 2, "반복침수여부": true, "침수이력점수": 2, "기본위험등급": "위험" }, "geometry": { "type": "Polygon", "coordinates": [ [ [ 126.931642822190426, 37.617058845751721 ], [ 126.931635785051199, 37.616965590086153 ], [ 126.931628137134567, 37.616907742597732 ], [ 126.931593922787613, 37.61691646184223 ], [ 126.931600104131974, 37.616968001599169 ], [ 126.931605310217051, 37.617032902320773 ], [ 126.931502261651289, 37.617044382788471 ], [ 126.931515099910158, 37.617087105897575 ], [ 126.931519658328256, 37.617117877090649 ], [ 126.931515047919916, 37.617190889826865 ], [ 126.931631348257838, 37.617167884644893 ], [ 126.931622333738858, 37.61711793794904 ], [ 126.931651317597556, 37.61708254657286 ], [ 126.931642822190426, 37.617058845751721 ] ] ] } },
{ "type": "Feature", "properties": { "ADM_CD": "1138010300", "SGG_CD": "11380", "GU_NM": "은평구", "F_YR": 2022, "F_ZONE_NM": "서울특별시 은평구 불광동 230-23", "F_SHIM": 0.3, "F_AREA": 263.4, "F_AVR_HGT": 18.96, "반복침수연도수": 1, "반복침수여부": false, "침수이력점수": 2, "기본위험등급": "위험" }, "geometry": { "type": "Polygon", "coordinates": [ [ [ 126.931065721708492, 37.617431256333106 ], [ 126.931098248363185, 37.617422878608181 ], [ 126.931091243023189, 37.6174046746196 ], [ 126.931303461685047, 37.617329208806545 ], [ 126.931324885235682, 37.617311922723722 ], [ 126.931302782435694, 37.617208386901126 ], [ 126.930976811740535, 37.617259088894095 ], [ 126.930998061805781, 37.617341604389502 ], [ 126.931020485599305, 37.617428661523363 ], [ 126.931060498831869, 37.617420630653683 ], [ 126.931065721708492, 37.617431256333106 ] ] ] } },
{ "type": "Feature", "properties": { "ADM_CD": "1138010300", "SGG_CD": "11380", "GU_NM": "은평구", "F_YR": 2022, "F_ZONE_NM": "서울특별시 은평구 불광동 230-13", "F_SHIM": 0.3, "F_AREA": 165.06, "F_AVR_HGT": 23.04, "반복침수연도수": 3, "반복침수여부": true, "침수이력점수": 2, "기본위험등급": "위험" }, "geometry": { "type": "Polygon", "coordinates": [ [ [ 126.931399553495197, 37.617525589613614 ], [ 126.931398880073289, 37.617519012055226 ], [ 126.931340464128425, 37.617367072002573 ], [ 126.931327893619894, 37.617364902173016 ], [ 126.931107408484053, 37.617438200744125 ], [ 126.931185081941493, 37.617587359349365 ], [ 126.931346669019675, 37.617513935529296 ], [ 126.931399553495197, 37.617525589613614 ] ] ] } },
{ "type": "Feature", "properties": { "ADM_CD": "1138010300", "SGG_CD": "11380", "GU_NM": "은평구", "F_YR": 2022, "F_ZONE_NM": "서울특별시 은평구 불광동 238-184", "F_SHIM": 0.3, "F_AREA": 11.54, "F_AVR_HGT": 27.8, "반복침수연도수": 2, "반복침수여부": true, "침수이력점수": 2, "기본위험등급": "위험" }, "geometry": { "type": "Polygon", "coordinates": [ [ [ 126.931790136245695, 37.6168762140071 ], [ 126.931790244042332, 37.616882070445236 ], [ 126.931873429884732, 37.616878119213411 ], [ 126.931889160444356, 37.616843837171025 ], [ 126.931904701651121, 37.616818258488138 ], [ 126.93193429168636, 37.616788453478449 ], [ 126.931965911408398, 37.61676838024902 ], [ 126.931971478774898, 37.616749733229632 ], [ 126.93178688274746, 37.616721513699204 ], [ 126.931790136245695, 37.6168762140071 ] ] ] } },
{ "type": "Feature", "properties": { "ADM_CD": "1138010300", "SGG_CD": "11380", "GU_NM": "은평구", "F_YR": 2022, "F_ZONE_NM": "서울특별시 은평구 불광동 221-46", "F_SHIM": 0.3, "F_AREA": 151.33, "F_AVR_HGT": 17.05, "반복침수연도수": 1, "반복침수여부": false, "침수이력점수": 2, "기본위험등급": "위험" }, "geometry": { "type": "Polygon", "coordinates": [ [ [ 126.932247590739792, 37.617513296530021 ], [ 126.932366315747132, 37.617489760469816 ], [ 126.932362720847493, 37.617457773552076 ], [ 126.932385604472543, 37.61745364244937 ], [ 126.932366039446293, 37.6174211956844 ], [ 126.932317911572667, 37.617410085410683 ], [ 126.932089102531549, 37.617422114253678 ], [ 126.932122520813735, 37.61753890099498 ], [ 126.932247590739792, 37.617513296530021 ] ] ] } },
{ "type": "Feature", "properties": { "ADM_CD": "1138010300", "SGG_CD": "11380", "GU_NM": "은평구", "F_YR": 2022, "F_ZONE_NM": "서울특별시 은평구 불광동 246-9", "F_SHIM": 0.3, "F_AREA": 250.83, "F_AVR_HGT": 34.64, "반복침수연도수": 1, "반복침수여부": false, "침수이력점수": 2, "기본위험등급": "위험" }, "geometry": { "type": "Polygon", "coordinates": [ [ [ 126.930704080197287, 37.616230104700634 ], [ 126.930733292678852, 37.616240393407331 ], [ 126.930752392187372, 37.616284913312235 ], [ 126.930907614895006, 37.616231758326869 ], [ 126.930894906170067, 37.616136426954903 ], [ 126.930886429587304, 37.616117140892797 ], [ 126.930785023784892, 37.616153299583566 ], [ 126.930679314864847, 37.616188374427054 ], [ 126.930704080197287, 37.616230104700634 ] ] ] } },
{ "type": "Feature", "properties": { "ADM_CD": "1138010300", "SGG_CD": "11380", "GU_NM": "은평구", "F_YR": 2022, "F_ZONE_NM": "서울특별시 은평구 불광동 238-28", "F_SHIM": 0.3, "F_AREA": 231.33, "F_AVR_HGT": 17.96, "반복침수연도수": 2, "반복침수여부": true, "침수이력점수": 2, "기본위험등급": "위험" }, "geometry": { "type": "Polygon", "coordinates": [ [ [ 126.932289039908923, 37.616542784482895 ], [ 126.932460623216997, 37.616556940315014 ], [ 126.932461204373013, 37.616540903197958 ], [ 126.932516147464227, 37.616407950578107 ], [ 126.932517512718036, 37.616401374216856 ], [ 126.932434262598832, 37.616401956197521 ], [ 126.932381584347809, 37.6164129173128 ], [ 126.932319589737133, 37.616454776581868 ], [ 126.932295651284278, 37.616497469029888 ], [ 126.932289039908923, 37.616542784482895 ] ] ] } },
{ "type": "Feature", "properties": { "ADM_CD": "1138010300", "SGG_CD": "11380", "GU_NM": "은평구", "F_YR": 2022, "F_ZONE_NM": "서울특별시 은평구 불광동 239-40", "F_SHIM": 0.3, "F_AREA": 139.67, "F_AVR_HGT": 17.43, "반복침수연도수": 2, "반복침수여부": true, "침수이력점수": 2, "기본위험등급": "위험" }, "geometry": { "type": "Polygon", "coordinates": [ [ [ 126.93237192517357, 37.615713209954947 ], [ 126.932508323144262, 37.615682386152187 ], [ 126.932482682944112, 37.615605967977281 ], [ 126.93234628510254, 37.615636791750909 ], [ 126.93237192517357, 37.615713209954947 ] ] ] } },
{ "type": "Feature", "properties": { "ADM_CD": "1138010300", "SGG_CD": "11380", "GU_NM": "은평구", "F_YR": 2022, "F_ZONE_NM": "서울특별시 은평구 불광동 245-50", "F_SHIM": 0.3, "F_AREA": 312.14, "F_AVR_HGT": 27.84, "반복침수연도수": 1, "반복침수여부": false, "침수이력점수": 2, "기본위험등급": "위험" }, "geometry": { "type": "Polygon", "coordinates": [ [ [ 126.930607923399961, 37.61562873235944 ], [ 126.93066148070568, 37.615645973263277 ], [ 126.930630839622481, 37.615530115750417 ], [ 126.930522759943187, 37.615545953091839 ], [ 126.930498931456611, 37.615460336559998 ], [ 126.930479410945907, 37.61546584782382 ], [ 126.93051065507187, 37.615602365231474 ], [ 126.930607923399961, 37.61562873235944 ] ] ] } },
{ "type": "Feature", "properties": { "ADM_CD": "1138010300", "SGG_CD": "11380", "GU_NM": "은평구", "F_YR": 2022, "F_ZONE_NM": "서울특별시 은평구 불광동 246-17", "F_SHIM": 0.3, "F_AREA": 241.55, "F_AVR_HGT": 35.56, "반복침수연도수": 1, "반복침수여부": false, "침수이력점수": 2, "기본위험등급": "위험" }, "geometry": { "type": "Polygon", "coordinates": [ [ [ 126.930869602677546, 37.615945133583864 ], [ 126.93099299190898, 37.615897815796409 ], [ 126.930921080765927, 37.615765869204218 ], [ 126.930794645531591, 37.61580057136041 ], [ 126.930869602677546, 37.615945133583864 ] ] ] } },
{ "type": "Feature", "properties": { "ADM_CD": "1138010300", "SGG_CD": "11380", "GU_NM": "은평구", "F_YR": 2022, "F_ZONE_NM": "서울특별시 은평구 불광동 238-3", "F_SHIM": 0.3, "F_AREA": 361.82, "F_AVR_HGT": 38.62, "반복침수연도수": 1, "반복침수여부": false, "침수이력점수": 2, "기본위험등급": "위험" }, "geometry": { "type": "Polygon", "coordinates": [ [ [ 126.932150029849581, 37.615360075417449 ], [ 126.932229669187109, 37.615343544154413 ], [ 126.932225379570312, 37.615328044763871 ], [ 126.932238307522809, 37.615310843618424 ], [ 126.932235071545634, 37.615258404628456 ], [ 126.932220836116144, 37.615219924384078 ], [ 126.932214506104415, 37.615206225756552 ], [ 126.932111980437952, 37.615230672184111 ], [ 126.932150029849581, 37.615360075417449 ] ] ] } },
{ "type": "Feature", "properties": { "ADM_CD": "1138010300", "SGG_CD": "11380", "GU_NM": "은평구", "F_YR": 2022, "F_ZONE_NM": "서울특별시 은평구 불광동 242-19", "F_SHIM": 0.3, "F_AREA": 470.58, "F_AVR_HGT": 38.62, "반복침수연도수": 2, "반복침수여부": true, "침수이력점수": 2, "기본위험등급": "위험" }, "geometry": { "type": "Polygon", "coordinates": [ [ [ 126.931668841883209, 37.613592967745603 ], [ 126.931801403668331, 37.613542591184626 ], [ 126.931785234024886, 37.613514110625353 ], [ 126.931753345459185, 37.613459672513606 ], [ 126.93163049741311, 37.61350234237517 ], [ 126.931617614272056, 37.613508155083622 ], [ 126.931621119859543, 37.61351401353776 ], [ 126.931668841883209, 37.613592967745603 ] ] ] } },
{ "type": "Feature", "properties": { "ADM_CD": "1138010300", "SGG_CD": "11380", "GU_NM": "은평구", "F_YR": 2022, "F_ZONE_NM": "서울특별시 은평구 불광동 242-13", "F_SHIM": 0.3, "F_AREA": 147.13, "F_AVR_HGT": 78.97, "반복침수연도수": 2, "반복침수여부": true, "침수이력점수": 2, "기본위험등급": "위험" }, "geometry": { "type": "Polygon", "coordinates": [ [ [ 126.931707125314361, 37.613712640699113 ], [ 126.931799693369911, 37.613676115586088 ], [ 126.931834251621993, 37.613661359905642 ], [ 126.93178110407051, 37.613570419509728 ], [ 126.931699981589873, 37.613600374218116 ], [ 126.931654887926513, 37.613617466174013 ], [ 126.931707125314361, 37.613712640699113 ] ] ] } },
{ "type": "Feature", "properties": { "ADM_CD": "1138010300", "SGG_CD": "11380", "GU_NM": "은평구", "F_YR": 2022, "F_ZONE_NM": "서울특별시 은평구 불광동 542-2", "F_SHIM": 0.3, "F_AREA": 8151.5, "F_AVR_HGT": 36.29, "반복침수연도수": 1, "반복침수여부": false, "침수이력점수": 2, "기본위험등급": "위험" }, "geometry": { "type": "Polygon", "coordinates": [ [ [ 126.932231477228299, 37.613883145057443 ], [ 126.932348167620077, 37.613848976226279 ], [ 126.932322618513652, 37.613797335028366 ], [ 126.932301582582411, 37.613764346781728 ], [ 126.932179370299323, 37.613768599748532 ], [ 126.932171521930499, 37.613804544285259 ], [ 126.932231477228299, 37.613883145057443 ] ] ] } },
{ "type": "Feature", "properties": { "ADM_CD": "1138010300", "SGG_CD": "11380", "GU_NM": "은평구", "F_YR": 2022, "F_ZONE_NM": "서울특별시 은평구 불광동 279-4", "F_SHIM": 0.3, "F_AREA": 98.33, "F_AVR_HGT": 18.19, "반복침수연도수": 2, "반복침수여부": true, "침수이력점수": 2, "기본위험등급": "위험" }, "geometry": { "type": "Polygon", "coordinates": [ [ [ 126.931772185180066, 37.612812058320245 ], [ 126.931806449767848, 37.612747478205307 ], [ 126.931750515749073, 37.612730326506394 ], [ 126.931721416579435, 37.612721299486722 ], [ 126.931669805409825, 37.612804970115498 ], [ 126.931703544191521, 37.612818324602834 ], [ 126.93175834466274, 37.612836556831283 ], [ 126.931772185180066, 37.612812058320245 ] ] ] } },
{ "type": "Feature", "properties": { "ADM_CD": "1138010300", "SGG_CD": "11380", "GU_NM": "은평구", "F_YR": 2022, "F_ZONE_NM": "서울특별시 은평구 불광동 264-11", "F_SHIM": 0.3, "F_AREA": 109.88, "F_AVR_HGT": 35.6, "반복침수연도수": 1, "반복침수여부": false, "침수이력점수": 2, "기본위험등급": "위험" }, "geometry": { "type": "Polygon", "coordinates": [ [ [ 126.929135302075125, 37.613025444605661 ], [ 126.929180850477508, 37.613006822221429 ], [ 126.929307641542053, 37.612951399424261 ], [ 126.92930144590288, 37.612916617755822 ], [ 126.929228250777669, 37.612947116207955 ], [ 126.929191993014641, 37.612962320576081 ], [ 126.929138383741858, 37.612884172632107 ], [ 126.929103096452366, 37.612832975247471 ], [ 126.929100942517096, 37.612835046182731 ], [ 126.929042785871019, 37.612891321812107 ], [ 126.929105556572637, 37.612982359453298 ], [ 126.929135302075125, 37.613025444605661 ] ] ] } },
{ "type": "Feature", "properties": { "ADM_CD": "1138010300", "SGG_CD": "11380", "GU_NM": "은평구", "F_YR": 2022, "F_ZONE_NM": "서울특별시 은평구 불광동 276-32", "F_SHIM": 0.3, "F_AREA": 183.2, "F_AVR_HGT": 37.32, "반복침수연도수": 2, "반복침수여부": true, "침수이력점수": 2, "기본위험등급": "위험" }, "geometry": { "type": "Polygon", "coordinates": [ [ [ 126.931464695116972, 37.612319579986895 ], [ 126.931541692734356, 37.612338996767264 ], [ 126.931638595990989, 37.612388247769182 ], [ 126.931707357663825, 37.612494784462193 ], [ 126.931816995250159, 37.612370153445461 ], [ 126.931786522781238, 37.612255170219193 ], [ 126.931735262698254, 37.61220594633555 ], [ 126.931634312061277, 37.612366982072032 ], [ 126.931477513435524, 37.61229814423816 ], [ 126.931464695116972, 37.612319579986895 ] ] ] } },
{ "type": "Feature", "properties": { "ADM_CD": "1138010300", "SGG_CD": "11380", "GU_NM": "은평구", "F_YR": 2022, "F_ZONE_NM": "서울특별시 은평구 불광동 239-57", "F_SHIM": 0.3, "F_AREA": 157.81, "F_AVR_HGT": 18.05, "반복침수연도수": 2, "반복침수여부": true, "침수이력점수": 2, "기본위험등급": "위험" }, "geometry": { "type": "Polygon", "coordinates": [ [ [ 126.932788248294912, 37.615627319385815 ], [ 126.932775372252124, 37.615588209315661 ], [ 126.932763174807619, 37.615550180816349 ], [ 126.932632219978274, 37.615574340833355 ], [ 126.932656614754166, 37.615650397857173 ], [ 126.932788248294912, 37.615627319385815 ] ] ] } },
{ "type": "Feature", "properties": { "ADM_CD": "1138010300", "SGG_CD": "11380", "GU_NM": "은평구", "F_YR": 2022, "F_ZONE_NM": "서울특별시 은평구 불광동 239-55", "F_SHIM": 0.3, "F_AREA": 187.96, "F_AVR_HGT": 33.9, "반복침수연도수": 2, "반복침수여부": true, "침수이력점수": 2, "기본위험등급": "위험" }, "geometry": { "type": "Polygon", "coordinates": [ [ [ 126.932684399931432, 37.615734655778475 ], [ 126.932829406096431, 37.615703566331156 ], [ 126.932835024957996, 37.615702497434278 ], [ 126.932829416621686, 37.615692123880201 ], [ 126.932812221776103, 37.615669048760267 ], [ 126.932803271384373, 37.615671836589712 ], [ 126.932788248294912, 37.615627319385815 ], [ 126.932656614754166, 37.615650397857173 ], [ 126.932684399931432, 37.615734655778475 ] ] ] } },
{ "type": "Feature", "properties": { "ADM_CD": "1138010300", "SGG_CD": "11380", "GU_NM": "은평구", "F_YR": 2022, "F_ZONE_NM": "서울특별시 은평구 불광동 239-48", "F_SHIM": 0.3, "F_AREA": 114.77, "F_AVR_HGT": 14.91, "반복침수연도수": 2, "반복침수여부": true, "침수이력점수": 2, "기본위험등급": "위험" }, "geometry": { "type": "Polygon", "coordinates": [ [ [ 126.932534751498466, 37.615763940372176 ], [ 126.932662197096391, 37.615738066553121 ], [ 126.932634411444212, 37.615654349214893 ], [ 126.932508323144262, 37.615682386152187 ], [ 126.932534751498466, 37.615763940372176 ] ] ] } },
{ "type": "Feature", "properties": { "ADM_CD": "1138010300", "SGG_CD": "11380", "GU_NM": "은평구", "F_YR": 2022, "F_ZONE_NM": "서울특별시 은평구 불광동 222-8", "F_SHIM": 0.3, "F_AREA": 161.63, "F_AVR_HGT": 13.76, "반복침수연도수": 1, "반복침수여부": false, "침수이력점수": 2, "기본위험등급": "위험" }, "geometry": { "type": "Polygon", "coordinates": [ [ [ 126.932438711533308, 37.617151367520869 ], [ 126.932465826834132, 37.617176457681623 ], [ 126.932473835968878, 37.617211870906964 ], [ 126.932526416289988, 37.617307495703407 ], [ 126.932569346452013, 37.617304998048205 ], [ 126.93269890769318, 37.617198577764952 ], [ 126.932631848118277, 37.617143840104006 ], [ 126.932438711533308, 37.617151367520869 ] ] ] } },
{ "type": "Feature", "properties": { "ADM_CD": "1138010300", "SGG_CD": "11380", "GU_NM": "은평구", "F_YR": 2022, "F_ZONE_NM": "서울특별시 은평구 불광동 221-52", "F_SHIM": 0.3, "F_AREA": 136.91, "F_AVR_HGT": 14.59, "반복침수연도수": 2, "반복침수여부": true, "침수이력점수": 2, "기본위험등급": "위험" }, "geometry": { "type": "Polygon", "coordinates": [ [ [ 126.932514609404436, 37.617704641044554 ], [ 126.932695286239607, 37.61768681704087 ], [ 126.932728741254493, 37.617641940685516 ], [ 126.932729581406733, 37.617590612311886 ], [ 126.932724736431638, 37.617562949383768 ], [ 126.932715114761862, 37.617556456714183 ], [ 126.932500332635826, 37.617587685417746 ], [ 126.932513865579637, 37.61765157285442 ], [ 126.932514609404436, 37.617704641044554 ] ] ] } },
{ "type": "Feature", "properties": { "ADM_CD": "1138010300", "SGG_CD": "11380", "GU_NM": "은평구", "F_YR": 2022, "F_ZONE_NM": "서울특별시 은평구 불광동 239-18", "F_SHIM": 0.3, "F_AREA": 98.47, "F_AVR_HGT": 37.28, "반복침수연도수": 1, "반복침수여부": false, "침수이력점수": 2, "기본위험등급": "위험" }, "geometry": { "type": "Polygon", "coordinates": [ [ [ 126.932667572036294, 37.617893305616192 ], [ 126.932827379004721, 37.617907183747676 ], [ 126.93289204938732, 37.617912717354805 ], [ 126.932912775586843, 37.617914531367092 ], [ 126.932921398444407, 37.617898679122455 ], [ 126.932978204648194, 37.617833931628823 ], [ 126.932845828433116, 37.617798265938163 ], [ 126.932827483605351, 37.617793480064499 ], [ 126.932761237468725, 37.617777223835269 ], [ 126.932674482439154, 37.617769244627226 ], [ 126.932662962985404, 37.617806331275631 ], [ 126.932663007436361, 37.617807259311519 ], [ 126.932667572036294, 37.617893305616192 ] ] ] } },
{ "type": "Feature", "properties": { "ADM_CD": "1138010300", "SGG_CD": "11380", "GU_NM": "은평구", "F_YR": 2022, "F_ZONE_NM": "서울특별시 은평구 불광동 239-11", "F_SHIM": 0.3, "F_AREA": 313.54, "F_AVR_HGT": 31.99, "반복침수연도수": 2, "반복침수여부": true, "침수이력점수": 2, "기본위험등급": "위험" }, "geometry": { "type": "Polygon", "coordinates": [ [ [ 126.932506652506291, 37.61614197549963 ], [ 126.932534950265378, 37.616161813622107 ], [ 126.932592688535237, 37.616190588646447 ], [ 126.932640914135945, 37.61621773632524 ], [ 126.932718703450178, 37.616243099261844 ], [ 126.932747236628472, 37.616253387074096 ], [ 126.932782554095297, 37.616153218586057 ], [ 126.932808331744937, 37.616080794740789 ], [ 126.932775705769615, 37.616087172704013 ], [ 126.932716797345691, 37.616099121419175 ], [ 126.932669558109581, 37.616107833382564 ], [ 126.932643389917416, 37.616112323016878 ], [ 126.932508919790266, 37.61613981447158 ], [ 126.932506652506291, 37.61614197549963 ] ] ] } },
{ "type": "Feature", "properties": { "ADM_CD": "1138010600", "SGG_CD": "11380", "GU_NM": "은평구", "F_YR": 2022, "F_ZONE_NM": "서울특별시 은평구 대조동 14-14", "F_SHIM": 0.3, "F_AREA": 249.22, "F_AVR_HGT": 37.37, "반복침수연도수": 1, "반복침수여부": false, "침수이력점수": 2, "기본위험등급": "위험" }, "geometry": { "type": "Polygon", "coordinates": [ [ [ 126.930008635399332, 37.610080308130833 ], [ 126.930064646159195, 37.610014750586217 ], [ 126.930020154924833, 37.609995947181353 ], [ 126.930009008032258, 37.609998661392574 ], [ 126.930004747871152, 37.609976855053205 ], [ 126.929944892865137, 37.609941130881865 ], [ 126.929914467291155, 37.609923029722353 ], [ 126.929852440698951, 37.609907972707525 ], [ 126.929836286021924, 37.609912693050731 ], [ 126.92983652530782, 37.609922982407603 ], [ 126.929845335063845, 37.609948125148733 ], [ 126.929853909411776, 37.609982547858024 ], [ 126.929887049039351, 37.610028518045169 ], [ 126.9299092579041, 37.610017179153054 ], [ 126.929940035112239, 37.610046569827922 ], [ 126.930008635399332, 37.610080308130833 ] ] ] } },
{ "type": "Feature", "properties": { "ADM_CD": "1138010600", "SGG_CD": "11380", "GU_NM": "은평구", "F_YR": 2022, "F_ZONE_NM": "서울특별시 은평구 대조동 14-25", "F_SHIM": 0.3, "F_AREA": 213.98, "F_AVR_HGT": 26.15, "반복침수연도수": 1, "반복침수여부": false, "침수이력점수": 2, "기본위험등급": "위험" }, "geometry": { "type": "Polygon", "coordinates": [ [ [ 126.928613149865043, 37.609605519902708 ], [ 126.928525545138356, 37.609492113233287 ], [ 126.928486632754414, 37.609513460448404 ], [ 126.928465693815511, 37.609534800757757 ], [ 126.928454612755402, 37.60955127285515 ], [ 126.928370494463977, 37.609729119600779 ], [ 126.928391287214382, 37.60971836575424 ], [ 126.928413156185314, 37.609707297227054 ], [ 126.928443410125425, 37.609691999273579 ], [ 126.928493379667714, 37.609667163106387 ], [ 126.928536325290167, 37.60964448493084 ], [ 126.928613149865043, 37.609605519902708 ] ] ] } },
{ "type": "Feature", "properties": { "ADM_CD": "1138010800", "SGG_CD": "11380", "GU_NM": "은평구", "F_YR": 2022, "F_ZONE_NM": "서울특별시 은평구 역촌동 42-12", "F_SHIM": 0.3, "F_AREA": 257.25, "F_AVR_HGT": 35.6, "반복침수연도수": 1, "반복침수여부": false, "침수이력점수": 2, "기본위험등급": "위험" }, "geometry": { "type": "Polygon", "coordinates": [ [ [ 126.919065900552496, 37.600866572150579 ], [ 126.919071618978364, 37.600815490404649 ], [ 126.919075506950691, 37.600781255763202 ], [ 126.919021948654134, 37.600776983720102 ], [ 126.918886860970233, 37.600768960571678 ], [ 126.918876917126397, 37.600852024249797 ], [ 126.919060918342453, 37.600866208276763 ], [ 126.919065900552496, 37.600866572150579 ] ] ] } },
{ "type": "Feature", "properties": { "ADM_CD": "1138010700", "SGG_CD": "11380", "GU_NM": "은평구", "F_YR": 2022, "F_ZONE_NM": "서울특별시 은평구 응암동 119-18", "F_SHIM": 0.3, "F_AREA": 157.84, "F_AVR_HGT": 22.42, "반복침수연도수": 1, "반복침수여부": false, "침수이력점수": 2, "기본위험등급": "위험" }, "geometry": { "type": "Polygon", "coordinates": [ [ [ 126.918286648054973, 37.595311101551779 ], [ 126.918282670124213, 37.595222712223006 ], [ 126.918359142787764, 37.595186186177145 ], [ 126.918347949417964, 37.595171221957038 ], [ 126.918276124917242, 37.595202705763832 ], [ 126.918179622794455, 37.595227775119646 ], [ 126.918180100438306, 37.595307152141181 ], [ 126.918181452699386, 37.595313009491427 ], [ 126.918286648054973, 37.595311101551779 ] ] ] } },
{ "type": "Feature", "properties": { "ADM_CD": "1138010700", "SGG_CD": "11380", "GU_NM": "은평구", "F_YR": 2022, "F_ZONE_NM": "서울특별시 은평구 응암동 750-4", "F_SHIM": 0.3, "F_AREA": 534.39, "F_AVR_HGT": 27.96, "반복침수연도수": 1, "반복침수여부": false, "침수이력점수": 2, "기본위험등급": "위험" }, "geometry": { "type": "Polygon", "coordinates": [ [ [ 126.917846590994799, 37.587554034510255 ], [ 126.917845579973758, 37.587546916011185 ], [ 126.917800464569723, 37.587493545704312 ], [ 126.917698827298963, 37.587563209826286 ], [ 126.917681955966373, 37.587564459224339 ], [ 126.917694736476506, 37.587596660498548 ], [ 126.917749944433425, 37.587716683874874 ], [ 126.917750949830008, 37.587718711804818 ], [ 126.917762043091827, 37.587741082126307 ], [ 126.91776259663402, 37.587742190730708 ], [ 126.917806886503399, 37.587724022248828 ], [ 126.917824173493628, 37.587654928950101 ], [ 126.917846590994799, 37.587554034510255 ] ] ] } },
{ "type": "Feature", "properties": { "ADM_CD": "1138010700", "SGG_CD": "11380", "GU_NM": "은평구", "F_YR": 2022, "F_ZONE_NM": "서울특별시 은평구 응암동 751-7", "F_SHIM": 0.3, "F_AREA": 166.67, "F_AVR_HGT": 35.74, "반복침수연도수": 1, "반복침수여부": false, "침수이력점수": 2, "기본위험등급": "위험" }, "geometry": { "type": "Polygon", "coordinates": [ [ [ 126.918882754062182, 37.587074088835806 ], [ 126.918874852754186, 37.58705227946254 ], [ 126.918826539441795, 37.587023594298735 ], [ 126.918814545984688, 37.587016468113411 ], [ 126.91881308289544, 37.58700853841853 ], [ 126.918714786700733, 37.587027570394582 ], [ 126.918728858190832, 37.587100740262272 ], [ 126.918735538882757, 37.5871001142579 ], [ 126.918882754062182, 37.587074088835806 ] ] ] } },
{ "type": "Feature", "properties": { "ADM_CD": "1138010700", "SGG_CD": "11380", "GU_NM": "은평구", "F_YR": 2022, "F_ZONE_NM": "서울특별시 은평구 응암동 583-8", "F_SHIM": 0.3, "F_AREA": 246.37, "F_AVR_HGT": 27.34, "반복침수연도수": 1, "반복침수여부": false, "침수이력점수": 2, "기본위험등급": "위험" }, "geometry": { "type": "Polygon", "coordinates": [ [ [ 126.916232604948732, 37.592136819573774 ], [ 126.916353438981346, 37.592119427720256 ], [ 126.916352764747728, 37.592114922311765 ], [ 126.916331918958463, 37.592025980108176 ], [ 126.916211423521062, 37.592044453366029 ], [ 126.916232604948732, 37.592136819573774 ] ] ] } },
{ "type": "Feature", "properties": { "ADM_CD": "1138010700", "SGG_CD": "11380", "GU_NM": "은평구", "F_YR": 2022, "F_ZONE_NM": "서울특별시 은평구 응암동 583-1", "F_SHIM": 0.3, "F_AREA": 126.28, "F_AVR_HGT": 98.24, "반복침수연도수": 2, "반복침수여부": true, "침수이력점수": 2, "기본위험등급": "위험" }, "geometry": { "type": "Polygon", "coordinates": [ [ [ 126.916511358056383, 37.592447860261352 ], [ 126.916661071164697, 37.592425713671183 ], [ 126.916682064726729, 37.592384914169962 ], [ 126.916672714140489, 37.592343191872899 ], [ 126.916509530222413, 37.59236253572606 ], [ 126.916503248251644, 37.592410373471424 ], [ 126.916511358056383, 37.592447860261352 ] ] ] } },
{ "type": "Feature", "properties": { "ADM_CD": "1138010700", "SGG_CD": "11380", "GU_NM": "은평구", "F_YR": 2022, "F_ZONE_NM": "서울특별시 은평구 응암동 584-7", "F_SHIM": 0.3, "F_AREA": 187.73, "F_AVR_HGT": 29.63, "반복침수연도수": 2, "반복침수여부": true, "침수이력점수": 2, "기본위험등급": "위험" }, "geometry": { "type": "Polygon", "coordinates": [ [ [ 126.916345376942587, 37.59154333244728 ], [ 126.91632971028109, 37.59148025222693 ], [ 126.916337784299785, 37.591449624580534 ], [ 126.916419496843403, 37.591382920566126 ], [ 126.916439773039045, 37.59137536691231 ], [ 126.916428949741331, 37.591334544511938 ], [ 126.916343996088415, 37.591364035534227 ], [ 126.916223814771342, 37.591405844532957 ], [ 126.91623262969938, 37.591420536949776 ], [ 126.916306528183057, 37.591553755829032 ], [ 126.916345376942587, 37.59154333244728 ] ] ] } },
{ "type": "Feature", "properties": { "ADM_CD": "1138010700", "SGG_CD": "11380", "GU_NM": "은평구", "F_YR": 2022, "F_ZONE_NM": "서울특별시 은평구 응암동 111-25", "F_SHIM": 0.3, "F_AREA": 140.3, "F_AVR_HGT": 26.96, "반복침수연도수": 1, "반복침수여부": false, "침수이력점수": 2, "기본위험등급": "위험" }, "geometry": { "type": "Polygon", "coordinates": [ [ [ 126.917385230807341, 37.598906288196808 ], [ 126.917516454217605, 37.598933852643661 ], [ 126.917551471358507, 37.598829633784007 ], [ 126.917546263625809, 37.598828548899036 ], [ 126.917420567009771, 37.598800447832957 ], [ 126.917385230807341, 37.598906288196808 ] ] ] } },
{ "type": "Feature", "properties": { "ADM_CD": "1138010700", "SGG_CD": "11380", "GU_NM": "은평구", "F_YR": 2022, "F_ZONE_NM": "서울특별시 은평구 응암동 113-30", "F_SHIM": 0.3, "F_AREA": 135.24, "F_AVR_HGT": 33.82, "반복침수연도수": 1, "반복침수여부": false, "침수이력점수": 2, "기본위험등급": "위험" }, "geometry": { "type": "Polygon", "coordinates": [ [ [ 126.916850278195597, 37.59804040296455 ], [ 126.916828627735711, 37.597960091782276 ], [ 126.916808014851227, 37.597963437658883 ], [ 126.916804678642848, 37.597949677246284 ], [ 126.91666474683079, 37.59797416457149 ], [ 126.916689202119471, 37.598067334833836 ], [ 126.916850278195597, 37.59804040296455 ] ] ] } },
{ "type": "Feature", "properties": { "ADM_CD": "1138010800", "SGG_CD": "11380", "GU_NM": "은평구", "F_YR": 2022, "F_ZONE_NM": "서울특별시 은평구 역촌동 81-1", "F_SHIM": 0.3, "F_AREA": 625.48, "F_AVR_HGT": 34.7, "반복침수연도수": 1, "반복침수여부": false, "침수이력점수": 2, "기본위험등급": "위험" }, "geometry": { "type": "Polygon", "coordinates": [ [ [ 126.913024243197285, 37.602217275266561 ], [ 126.913094033586034, 37.602189757498586 ], [ 126.913126576666201, 37.60215401285631 ], [ 126.913133889449938, 37.602098878182673 ], [ 126.913024377555416, 37.602103841628029 ], [ 126.912891310151053, 37.602109598170784 ], [ 126.912894300165874, 37.602166542531478 ], [ 126.912899395530204, 37.602262501028655 ], [ 126.913024243197285, 37.602217275266561 ] ] ] } },
{ "type": "Feature", "properties": { "ADM_CD": "1138010700", "SGG_CD": "11380", "GU_NM": "은평구", "F_YR": 2022, "F_ZONE_NM": "서울특별시 은평구 응암동 118-14", "F_SHIM": 0.3, "F_AREA": 163.51, "F_AVR_HGT": 54.18, "반복침수연도수": 1, "반복침수여부": false, "침수이력점수": 2, "기본위험등급": "위험" }, "geometry": { "type": "Polygon", "coordinates": [ [ [ 126.918486871528785, 37.597120327914183 ], [ 126.918427855015779, 37.597037215690669 ], [ 126.918289182880926, 37.597101898714136 ], [ 126.918341984274832, 37.597173383937488 ], [ 126.918486871528785, 37.597120327914183 ] ] ] } },
{ "type": "Feature", "properties": { "ADM_CD": "1138010500", "SGG_CD": "11380", "GU_NM": "은평구", "F_YR": 2022, "F_ZONE_NM": "서울특별시 은평구 구산동 2-27", "F_SHIM": 0.3, "F_AREA": 132.81, "F_AVR_HGT": 65.19, "반복침수연도수": 2, "반복침수여부": true, "침수이력점수": 2, "기본위험등급": "위험" }, "geometry": { "type": "Polygon", "coordinates": [ [ [ 126.915822544765007, 37.610850749511442 ], [ 126.915768853781387, 37.610758630200721 ], [ 126.915654191612049, 37.610799451394833 ], [ 126.915643862099358, 37.610819625865233 ], [ 126.915688054249003, 37.610898854288408 ], [ 126.915822544765007, 37.610850749511442 ] ] ] } },
{ "type": "Feature", "properties": { "ADM_CD": "1138010500", "SGG_CD": "11380", "GU_NM": "은평구", "F_YR": 2022, "F_ZONE_NM": "서울특별시 은평구 구산동 7-15", "F_SHIM": 0.3, "F_AREA": 144.35, "F_AVR_HGT": 21.25, "반복침수연도수": 1, "반복침수여부": false, "침수이력점수": 2, "기본위험등급": "위험" }, "geometry": { "type": "Polygon", "coordinates": [ [ [ 126.91419282154618, 37.610917669071718 ], [ 126.914157671233824, 37.610855745628172 ], [ 126.914133709301282, 37.61081437283692 ], [ 126.913987434579298, 37.610866341170073 ], [ 126.913995910003294, 37.610882384926597 ], [ 126.914040202933251, 37.610970804050943 ], [ 126.91419282154618, 37.610917669071718 ] ] ] } },
{ "type": "Feature", "properties": { "ADM_CD": "1138010800", "SGG_CD": "11380", "GU_NM": "은평구", "F_YR": 2022, "F_ZONE_NM": "서울특별시 은평구 역촌동 55-35", "F_SHIM": 0.3, "F_AREA": 141.11, "F_AVR_HGT": 66.37, "반복침수연도수": 1, "반복침수여부": false, "침수이력점수": 2, "기본위험등급": "위험" }, "geometry": { "type": "Polygon", "coordinates": [ [ [ 126.910830311572624, 37.605260931037392 ], [ 126.910779575170949, 37.605262063318285 ], [ 126.910773386521029, 37.605135921030417 ], [ 126.910565458569081, 37.605140265889631 ], [ 126.910570193185293, 37.605251180466034 ], [ 126.910574938454616, 37.605353355519782 ], [ 126.910650057879963, 37.605416842535092 ], [ 126.910835314804672, 37.605430770051548 ], [ 126.910830311572624, 37.605260931037392 ] ] ] } },
{ "type": "Feature", "properties": { "ADM_CD": "1138010700", "SGG_CD": "11380", "GU_NM": "은평구", "F_YR": 2022, "F_ZONE_NM": "서울특별시 은평구 응암동 595-23", "F_SHIM": 0.3, "F_AREA": 131.45, "F_AVR_HGT": 64.48, "반복침수연도수": 2, "반복침수여부": true, "침수이력점수": 2, "기본위험등급": "위험" }, "geometry": { "type": "Polygon", "coordinates": [ [ [ 126.915120851241454, 37.587309796079005 ], [ 126.915108228135836, 37.587259962361124 ], [ 126.915092336968499, 37.587196881767106 ], [ 126.914972985703315, 37.587211480381526 ], [ 126.914950338391904, 37.587214256829149 ], [ 126.914953261254951, 37.587232278675565 ], [ 126.914970706731111, 37.587321849390428 ], [ 126.915120851241454, 37.587309796079005 ] ] ] } },
{ "type": "Feature", "properties": { "ADM_CD": "1138010700", "SGG_CD": "11380", "GU_NM": "은평구", "F_YR": 2022, "F_ZONE_NM": "서울특별시 은평구 응암동 596-15", "F_SHIM": 0.3, "F_AREA": 258.26, "F_AVR_HGT": 35.74, "반복침수연도수": 1, "반복침수여부": false, "침수이력점수": 2, "기본위험등급": "위험" }, "geometry": { "type": "Polygon", "coordinates": [ [ [ 126.915487257421518, 37.587682260635539 ], [ 126.915471517854428, 37.587585483364904 ], [ 126.915348086659478, 37.587603052634009 ], [ 126.91539234762088, 37.587708680387507 ], [ 126.915487257421518, 37.587682260635539 ] ] ] } },
{ "type": "Feature", "properties": { "ADM_CD": "1138010700", "SGG_CD": "11380", "GU_NM": "은평구", "F_YR": 2022, "F_ZONE_NM": "서울특별시 은평구 응암동 594-78", "F_SHIM": 0.3, "F_AREA": 198.73, "F_AVR_HGT": 33.33, "반복침수연도수": 2, "반복침수여부": true, "침수이력점수": 2, "기본위험등급": "위험" }, "geometry": { "type": "Polygon", "coordinates": [ [ [ 126.914752371081093, 37.58706905287233 ], [ 126.914734613355776, 37.586956146375641 ], [ 126.91459113543614, 37.586980277307795 ], [ 126.914611617043818, 37.587087329427291 ], [ 126.914752371081093, 37.58706905287233 ] ] ] } },
{ "type": "Feature", "properties": { "ADM_CD": "1138010700", "SGG_CD": "11380", "GU_NM": "은평구", "F_YR": 2022, "F_ZONE_NM": "서울특별시 은평구 응암동 585-33", "F_SHIM": 0.3, "F_AREA": 244.44, "F_AVR_HGT": 45.5, "반복침수연도수": 1, "반복침수여부": false, "침수이력점수": 2, "기본위험등급": "위험" }, "geometry": { "type": "Polygon", "coordinates": [ [ [ 126.915471119336345, 37.590783979289412 ], [ 126.91547621874966, 37.590780288969725 ], [ 126.915570274171628, 37.590712513350432 ], [ 126.91551066675018, 37.590658140561089 ], [ 126.915457112697965, 37.590656659952387 ], [ 126.915385942438078, 37.590712649284967 ], [ 126.915471119336345, 37.590783979289412 ] ] ] } },
{ "type": "Feature", "properties": { "ADM_CD": "1138010700", "SGG_CD": "11380", "GU_NM": "은평구", "F_YR": 2022, "F_ZONE_NM": "서울특별시 은평구 응암동 583-19", "F_SHIM": 0.3, "F_AREA": 141.01, "F_AVR_HGT": 24.87, "반복침수연도수": 2, "반복침수여부": true, "침수이력점수": 2, "기본위험등급": "위험" }, "geometry": { "type": "Polygon", "coordinates": [ [ [ 126.916109627945005, 37.592245929963831 ], [ 126.916088665988497, 37.592159780686963 ], [ 126.916084833233811, 37.592144911670388 ], [ 126.915998416870437, 37.592165391536739 ], [ 126.915965450446691, 37.592081395901523 ], [ 126.915942688055409, 37.592084532846805 ], [ 126.915985165082716, 37.59216898587254 ], [ 126.916039412974371, 37.592257772131418 ], [ 126.916048586093495, 37.592256337198883 ], [ 126.916109627945005, 37.592245929963831 ] ] ] } },
{ "type": "Feature", "properties": { "ADM_CD": "1138010700", "SGG_CD": "11380", "GU_NM": "은평구", "F_YR": 2022, "F_ZONE_NM": "서울특별시 은평구 응암동 583-18", "F_SHIM": 0.3, "F_AREA": 141.58, "F_AVR_HGT": 33.82, "반복침수연도수": 1, "반복침수여부": false, "침수이력점수": 2, "기본위험등급": "위험" }, "geometry": { "type": "Polygon", "coordinates": [ [ [ 126.916084833233811, 37.592144911670388 ], [ 126.916065675354687, 37.592065430978373 ], [ 126.915965450446691, 37.592081395901523 ], [ 126.915998416870437, 37.592165391536739 ], [ 126.916084833233811, 37.592144911670388 ] ] ] } },
{ "type": "Feature", "properties": { "ADM_CD": "1138010500", "SGG_CD": "11380", "GU_NM": "은평구", "F_YR": 2022, "F_ZONE_NM": "서울특별시 은평구 구산동 167-9", "F_SHIM": 0.3, "F_AREA": 180.89, "F_AVR_HGT": 20.93, "반복침수연도수": 1, "반복침수여부": false, "침수이력점수": 2, "기본위험등급": "위험" }, "geometry": { "type": "Polygon", "coordinates": [ [ [ 126.906946048817474, 37.609562161778342 ], [ 126.907022386831457, 37.609451113866399 ], [ 126.907092211383883, 37.60934991743143 ], [ 126.907104284342935, 37.609331934485851 ], [ 126.907008291190792, 37.609402800951592 ], [ 126.906972305165809, 37.609433747878612 ], [ 126.906993463478202, 37.609387075956008 ], [ 126.907017348314426, 37.609297915915697 ], [ 126.906993242788346, 37.609292986261067 ], [ 126.906954897303976, 37.609353789826891 ], [ 126.906937237858571, 37.60935627139515 ], [ 126.906920706375416, 37.609362366801477 ], [ 126.906782175805432, 37.609494907214241 ], [ 126.906946048817474, 37.609562161778342 ] ] ] } },
{ "type": "Feature", "properties": { "ADM_CD": "1138010800", "SGG_CD": "11380", "GU_NM": "은평구", "F_YR": 2022, "F_ZONE_NM": "서울특별시 은평구 역촌동 54-6", "F_SHIM": 0.3, "F_AREA": 311.39, "F_AVR_HGT": 39.77, "반복침수연도수": 2, "반복침수여부": true, "침수이력점수": 2, "기본위험등급": "위험" }, "geometry": { "type": "Polygon", "coordinates": [ [ [ 126.910212255833457, 37.605682564724709 ], [ 126.91023921070429, 37.605681144003036 ], [ 126.91043141305029, 37.605664984716398 ], [ 126.910413685732777, 37.605528922707549 ], [ 126.910216766182174, 37.605513273641563 ], [ 126.910212255833457, 37.605682564724709 ] ] ] } },
{ "type": "Feature", "properties": { "ADM_CD": "1138010900", "SGG_CD": "11380", "GU_NM": "은평구", "F_YR": 2022, "F_ZONE_NM": "서울특별시 은평구 신사동 231-4", "F_SHIM": 0.3, "F_AREA": 163.67, "F_AVR_HGT": 42.56, "반복침수연도수": 1, "반복침수여부": false, "침수이력점수": 2, "기본위험등급": "위험" }, "geometry": { "type": "Polygon", "coordinates": [ [ [ 126.90751154718528, 37.595839817881952 ], [ 126.907390521868336, 37.595822873034457 ], [ 126.907381989639234, 37.595854400662034 ], [ 126.907388137583084, 37.595917834822146 ], [ 126.907437833273249, 37.595928866444943 ], [ 126.90742769093761, 37.595980124336101 ], [ 126.907437428010155, 37.595980942982919 ], [ 126.907467997919539, 37.595983490099698 ], [ 126.90751154718528, 37.595839817881952 ] ] ] } },
{ "type": "Feature", "properties": { "ADM_CD": "1138010300", "SGG_CD": "11380", "GU_NM": "은평구", "F_YR": 2022, "F_ZONE_NM": "서울특별시 은평구 불광동 433-2 b01호", "F_SHIM": 0.2, "F_AREA": 250.83, "F_AVR_HGT": 34.0, "반복침수연도수": 2, "반복침수여부": true, "침수이력점수": 1, "기본위험등급": "주의" }, "geometry": { "type": "Polygon", "coordinates": [ [ [ 126.926386867964524, 37.622812591545667 ], [ 126.926397181734757, 37.622806831842048 ], [ 126.926507661085367, 37.622770232248989 ], [ 126.926516614191101, 37.62276582313946 ], [ 126.926554015067012, 37.622745574862492 ], [ 126.926582920444901, 37.622725231081105 ], [ 126.926472621764049, 37.622694888070477 ], [ 126.926325068319272, 37.622652267899916 ], [ 126.92631496731795, 37.622671722624091 ], [ 126.926269911658522, 37.622756836480598 ], [ 126.926398441623419, 37.62279304765535 ], [ 126.926386867964524, 37.622812591545667 ] ] ] } },
{ "type": "Feature", "properties": { "ADM_CD": "1138010300", "SGG_CD": "11380", "GU_NM": "은평구", "F_YR": 2022, "F_ZONE_NM": "서울특별시 은평구 불광동 484-161 B1호", "F_SHIM": 0.2, "F_AREA": 163.52, "F_AVR_HGT": 56.43, "반복침수연도수": 1, "반복침수여부": false, "침수이력점수": 1, "기본위험등급": "주의" }, "geometry": { "type": "Polygon", "coordinates": [ [ [ 126.920648152034929, 37.624062511268882 ], [ 126.920781523302438, 37.624020887248044 ], [ 126.920739838599545, 37.623894370215901 ], [ 126.920614259173661, 37.623874904116278 ], [ 126.920611075045485, 37.623886344372274 ], [ 126.920730984298473, 37.623932646771372 ], [ 126.920743199200388, 37.623950134134596 ], [ 126.920708080785801, 37.623952722930618 ], [ 126.920639212340419, 37.623949522320402 ], [ 126.920634889497208, 37.623966457771054 ], [ 126.920623774965463, 37.623978883668549 ], [ 126.920648152034929, 37.624062511268882 ] ] ] } },
{ "type": "Feature", "properties": { "ADM_CD": "1138010400", "SGG_CD": "11380", "GU_NM": "은평구", "F_YR": 2022, "F_ZONE_NM": "서울특별시 은평구 갈현동 12-344 지층 102호", "F_SHIM": 0.2, "F_AREA": 126.28, "F_AVR_HGT": 102.64, "반복침수연도수": 1, "반복침수여부": false, "침수이력점수": 1, "기본위험등급": "주의" }, "geometry": { "type": "Polygon", "coordinates": [ [ [ 126.914012706434377, 37.629812960509568 ], [ 126.913918668040822, 37.629726486894867 ], [ 126.91383431500897, 37.62978525813876 ], [ 126.913926880038517, 37.629872271313197 ], [ 126.914012706434377, 37.629812960509568 ] ] ] } },
{ "type": "Feature", "properties": { "ADM_CD": "1138010400", "SGG_CD": "11380", "GU_NM": "은평구", "F_YR": 2022, "F_ZONE_NM": "서울특별시 은평구 갈현동 12-319 지층 우측", "F_SHIM": 0.2, "F_AREA": 147.14, "F_AVR_HGT": 83.14, "반복침수연도수": 1, "반복침수여부": false, "침수이력점수": 1, "기본위험등급": "주의" }, "geometry": { "type": "Polygon", "coordinates": [ [ [ 126.915395068859212, 37.628780825410892 ], [ 126.91529707159421, 37.628688854019821 ], [ 126.915201384253876, 37.628754735701548 ], [ 126.915300290461033, 37.628844365290689 ], [ 126.915395068859212, 37.628780825410892 ] ] ] } },
{ "type": "Feature", "properties": { "ADM_CD": "1138010200", "SGG_CD": "11380", "GU_NM": "은평구", "F_YR": 2022, "F_ZONE_NM": "서울특별시 은평구 녹번동 73-2 삼원빌라 A동 지층2호", "F_SHIM": 0.2, "F_AREA": 625.49, "F_AVR_HGT": 39.15, "반복침수연도수": 3, "반복침수여부": true, "침수이력점수": 2, "기본위험등급": "위험" }, "geometry": { "type": "Polygon", "coordinates": [ [ [ 126.932141475848439, 37.601787211498205 ], [ 126.932070451023421, 37.601810595284242 ], [ 126.931994706041806, 37.60167351118826 ], [ 126.931921672542956, 37.601665089004399 ], [ 126.931976033972873, 37.602024613228068 ], [ 126.932008625704484, 37.602048508473082 ], [ 126.932233034253372, 37.601968452943368 ], [ 126.932141475848439, 37.601787211498205 ] ] ] } },
{ "type": "Feature", "properties": { "ADM_CD": "1138010300", "SGG_CD": "11380", "GU_NM": "은평구", "F_YR": 2022, "F_ZONE_NM": "서울특별시 은평구 불광동 246-17 지하2호", "F_SHIM": 0.2, "F_AREA": 198.74, "F_AVR_HGT": 34.38, "반복침수연도수": 1, "반복침수여부": false, "침수이력점수": 1, "기본위험등급": "주의" }, "geometry": { "type": "Polygon", "coordinates": [ [ [ 126.930869394485669, 37.615945476384503 ], [ 126.930992783705747, 37.615898158601262 ], [ 126.930920872568606, 37.615766212021995 ], [ 126.93079443734581, 37.615800914175161 ], [ 126.930869394485669, 37.615945476384503 ] ] ] } },
{ "type": "Feature", "properties": { "ADM_CD": "1138010300", "SGG_CD": "11380", "GU_NM": "은평구", "F_YR": 2022, "F_ZONE_NM": "서울특별시 은평구 불광동 221-26 지층 2호", "F_SHIM": 0.2, "F_AREA": 166.67, "F_AVR_HGT": 37.24, "반복침수연도수": 2, "반복침수여부": true, "침수이력점수": 1, "기본위험등급": "주의" }, "geometry": { "type": "Polygon", "coordinates": [ [ [ 126.931833404783333, 37.617744496941384 ], [ 126.931962557020526, 37.617714300191601 ], [ 126.931970147480783, 37.617712592802349 ], [ 126.931922235788008, 37.617590932191618 ], [ 126.931802826855176, 37.61761879210507 ], [ 126.931833404783333, 37.617744496941384 ] ] ] } },
{ "type": "Feature", "properties": { "ADM_CD": "1138010300", "SGG_CD": "11380", "GU_NM": "은평구", "F_YR": 2022, "F_ZONE_NM": "서울특별시 은평구 불광동 221-52 B02호", "F_SHIM": 0.2, "F_AREA": 257.57, "F_AVR_HGT": 37.24, "반복침수연도수": 2, "반복침수여부": true, "침수이력점수": 1, "기본위험등급": "주의" }, "geometry": { "type": "Polygon", "coordinates": [ [ [ 126.932514401072083, 37.617704983671025 ], [ 126.932695077890855, 37.617687159668549 ], [ 126.932728532902587, 37.617642283317387 ], [ 126.932729373054528, 37.617590954948746 ], [ 126.932724528079703, 37.617563292023284 ], [ 126.932714906410794, 37.617556799354389 ], [ 126.932500124304255, 37.617588028055508 ], [ 126.932513657247071, 37.617651915485965 ], [ 126.932514401072083, 37.617704983671025 ] ] ] } },
{ "type": "Feature", "properties": { "ADM_CD": "1138010300", "SGG_CD": "11380", "GU_NM": "은평구", "F_YR": 2022, "F_ZONE_NM": "서울특별시 은평구 불광동 230-13 새한빌 뒷편", "F_SHIM": 0.2, "F_AREA": 361.82, "F_AVR_HGT": 39.9, "반복침수연도수": 3, "반복침수여부": true, "침수이력점수": 2, "기본위험등급": "위험" }, "geometry": { "type": "Polygon", "coordinates": [ [ [ 126.931399345262577, 37.617525932260442 ], [ 126.931398671840697, 37.617519354702665 ], [ 126.93134025590038, 37.617367414664834 ], [ 126.931327685392986, 37.617365244835511 ], [ 126.931107200277381, 37.617438543400191 ], [ 126.931184873728469, 37.617587701990807 ], [ 126.93134646079173, 37.617514278177389 ], [ 126.931399345262577, 37.617525932260442 ] ] ] } },
{ "type": "Feature", "properties": { "ADM_CD": "1138010300", "SGG_CD": "11380", "GU_NM": "은평구", "F_YR": 2022, "F_ZONE_NM": "서울특별시 은평구 불광동 239-48 지하1호", "F_SHIM": 0.2, "F_AREA": 109.81, "F_AVR_HGT": 34.29, "반복침수연도수": 2, "반복침수여부": true, "침수이력점수": 1, "기본위험등급": "주의" }, "geometry": { "type": "Polygon", "coordinates": [ [ [ 126.932534543155654, 37.615764283185619 ], [ 126.93266198874197, 37.615738409368682 ], [ 126.932634203091922, 37.615654692038632 ], [ 126.932508114803483, 37.615682728973532 ], [ 126.932534543155654, 37.615764283185619 ] ] ] } },
{ "type": "Feature", "properties": { "ADM_CD": "1138010300", "SGG_CD": "11380", "GU_NM": "은평구", "F_YR": 2022, "F_ZONE_NM": "서울특별시 은평구 불광동 239-55 지층2호", "F_SHIM": 0.2, "F_AREA": 117.59, "F_AVR_HGT": 41.1, "반복침수연도수": 2, "반복침수여부": true, "침수이력점수": 1, "기본위험등급": "주의" }, "geometry": { "type": "Polygon", "coordinates": [ [ [ 126.932684191574978, 37.615734998594327 ], [ 126.932829197726804, 37.615703909149573 ], [ 126.932834816587857, 37.61570284025278 ], [ 126.932829208251988, 37.615692466699734 ], [ 126.932812013407869, 37.61566939158206 ], [ 126.932803063016948, 37.61567217941127 ], [ 126.932788039928624, 37.615627662211708 ], [ 126.932656406399843, 37.615650740681211 ], [ 126.932684191574978, 37.615734998594327 ] ] ] } },
{ "type": "Feature", "properties": { "ADM_CD": "1138010300", "SGG_CD": "11380", "GU_NM": "은평구", "F_YR": 2022, "F_ZONE_NM": "서울특별시 은평구 불광동 239-40 좌측", "F_SHIM": 0.2, "F_AREA": 109.88, "F_AVR_HGT": 34.29, "반복침수연도수": 2, "반복침수여부": true, "침수이력점수": 1, "기본위험등급": "주의" }, "geometry": { "type": "Polygon", "coordinates": [ [ [ 126.932371716845253, 37.61571355277372 ], [ 126.932508114803483, 37.615682728973532 ], [ 126.932482474605308, 37.615606310806058 ], [ 126.932346076776184, 37.615637134577149 ], [ 126.932371716845253, 37.61571355277372 ] ] ] } },
{ "type": "Feature", "properties": { "ADM_CD": "1138010300", "SGG_CD": "11380", "GU_NM": "은평구", "F_YR": 2022, "F_ZONE_NM": "서울특별시 은평구 불광동 230-23 은사빌라 B02호", "F_SHIM": 0.2, "F_AREA": 470.59, "F_AVR_HGT": 39.9, "반복침수연도수": 1, "반복침수여부": false, "침수이력점수": 1, "기본위험등급": "주의" }, "geometry": { "type": "Polygon", "coordinates": [ [ [ 126.931065513505516, 37.617431598989974 ], [ 126.931098040157309, 37.617423221265767 ], [ 126.931091034817811, 37.617405017278934 ], [ 126.931303253460214, 37.617329551472579 ], [ 126.931324677008803, 37.617312265391355 ], [ 126.93130257421042, 37.61720872957882 ], [ 126.930976603544821, 37.617259431567781 ], [ 126.930997853608503, 37.617341947055209 ], [ 126.931020277400407, 37.617429004180615 ], [ 126.931060290629276, 37.617420973311546 ], [ 126.931065513505516, 37.617431598989974 ] ] ] } },
{ "type": "Feature", "properties": { "ADM_CD": "1138010300", "SGG_CD": "11380", "GU_NM": "은평구", "F_YR": 2022, "F_ZONE_NM": "서울특별시 은평구 불광동 239-57 지층", "F_SHIM": 0.2, "F_AREA": 104.21, "F_AVR_HGT": 41.1, "반복침수연도수": 2, "반복침수여부": true, "침수이력점수": 1, "기본위험등급": "주의" }, "geometry": { "type": "Polygon", "coordinates": [ [ [ 126.932788039928624, 37.615627662211708 ], [ 126.932775163886831, 37.615588552145383 ], [ 126.932762966443264, 37.615550523649745 ], [ 126.932632011625842, 37.615574683664782 ], [ 126.932656406399843, 37.615650740681211 ], [ 126.932788039928624, 37.615627662211708 ] ] ] } },
{ "type": "Feature", "properties": { "ADM_CD": "1138010300", "SGG_CD": "11380", "GU_NM": "은평구", "F_YR": 2022, "F_ZONE_NM": "서울특별시 은평구 불광동 245-50 지층 101호", "F_SHIM": 0.2, "F_AREA": 132.27, "F_AVR_HGT": 40.85, "반복침수연도수": 1, "반복침수여부": false, "침수이력점수": 1, "기본위험등급": "주의" }, "geometry": { "type": "Polygon", "coordinates": [ [ [ 126.930607715230209, 37.615629075191301 ], [ 126.930661272531239, 37.615646316093347 ], [ 126.930630631450299, 37.615530458591756 ], [ 126.930522551780768, 37.615546295931928 ], [ 126.930498723295941, 37.615460679408422 ], [ 126.930479202787026, 37.615466190671789 ], [ 126.93051044691083, 37.615602708066177 ], [ 126.930607715230209, 37.615629075191301 ] ] ] } },
{ "type": "Feature", "properties": { "ADM_CD": "1138010300", "SGG_CD": "11380", "GU_NM": "은평구", "F_YR": 2022, "F_ZONE_NM": "서울특별시 은평구 불광동 234-2 지층 101호", "F_SHIM": 0.2, "F_AREA": 211.15, "F_AVR_HGT": 36.75, "반복침수연도수": 2, "반복침수여부": true, "침수이력점수": 1, "기본위험등급": "주의" }, "geometry": { "type": "Polygon", "coordinates": [ [ [ 126.931642613933818, 37.61705918844283 ], [ 126.931635576794761, 37.616965932786272 ], [ 126.931627928878541, 37.616908085303471 ], [ 126.93159371453477, 37.616916804547202 ], [ 126.931599895878804, 37.616968344299153 ], [ 126.931605101963655, 37.617033245014483 ], [ 126.931502053407286, 37.617044725481364 ], [ 126.931514891665174, 37.617087448586332 ], [ 126.931519450082988, 37.617118219776422 ], [ 126.931514839675387, 37.61719123250564 ], [ 126.931631140002708, 37.617168227325536 ], [ 126.931622125484324, 37.617118280634521 ], [ 126.931651109340223, 37.617082889261695 ], [ 126.931642613933818, 37.61705918844283 ] ] ] } },
{ "type": "Feature", "properties": { "ADM_CD": "1138010300", "SGG_CD": "11380", "GU_NM": "은평구", "F_YR": 2022, "F_ZONE_NM": "서울특별시 은평구 불광동 238-184 장미빌라 지층 102호", "F_SHIM": 0.2, "F_AREA": 187.96, "F_AVR_HGT": 35.31, "반복침수연도수": 2, "반복침수여부": true, "침수이력점수": 1, "기본위험등급": "주의" }, "geometry": { "type": "Polygon", "coordinates": [ [ [ 126.931789927974933, 37.616876556715418 ], [ 126.93179003577167, 37.616882413152986 ], [ 126.931873221606494, 37.616878461921345 ], [ 126.931888952164542, 37.616844179882186 ], [ 126.931904493369771, 37.616818601201729 ], [ 126.93193408340224, 37.616788796194825 ], [ 126.931965703121335, 37.616768722967258 ], [ 126.931971270487267, 37.616750075949632 ], [ 126.931786674476342, 37.616721856422423 ], [ 126.931789927974933, 37.616876556715418 ] ] ] } },
{ "type": "Feature", "properties": { "ADM_CD": "1138010300", "SGG_CD": "11380", "GU_NM": "은평구", "F_YR": 2022, "F_ZONE_NM": "서울특별시 은평구 불광동 238-28 지하 2호", "F_SHIM": 0.2, "F_AREA": 241.55, "F_AVR_HGT": 35.31, "반복침수연도수": 2, "반복침수여부": true, "침수이력점수": 1, "기본위험등급": "주의" }, "geometry": { "type": "Polygon", "coordinates": [ [ [ 126.932288831591748, 37.61654312722191 ], [ 126.932460414884375, 37.616557283052217 ], [ 126.932460996040291, 37.616541245936716 ], [ 126.932515939125977, 37.616408293329535 ], [ 126.932517304379616, 37.616401716968909 ], [ 126.932434054267915, 37.616402298949751 ], [ 126.932381376021738, 37.616413260064128 ], [ 126.932319381416804, 37.616455119329324 ], [ 126.932295442966264, 37.616497811773264 ], [ 126.932288831591748, 37.61654312722191 ] ] ] } },
{ "type": "Feature", "properties": { "ADM_CD": "1138010300", "SGG_CD": "11380", "GU_NM": "은평구", "F_YR": 2022, "F_ZONE_NM": "서울특별시 은평구 불광동 239-18 B02호", "F_SHIM": 0.2, "F_AREA": 311.39, "F_AVR_HGT": 40.98, "반복침수연도수": 1, "반복침수여부": false, "침수이력점수": 1, "기본위험등급": "주의" }, "geometry": { "type": "Polygon", "coordinates": [ [ [ 126.93266736369101, 37.61789364822404 ], [ 126.932827170645027, 37.617907526353711 ], [ 126.932891841021856, 37.617913059960124 ], [ 126.932912567219489, 37.617914873972175 ], [ 126.932921190076229, 37.617899021729023 ], [ 126.932977996274644, 37.617834274241517 ], [ 126.932845620071319, 37.617798608554658 ], [ 126.932827275245202, 37.617793822681499 ], [ 126.932761029114459, 37.617777566454038 ], [ 126.932674274092676, 37.617769587247011 ], [ 126.932662754640162, 37.617806673891835 ], [ 126.932662799091148, 37.617807601927659 ], [ 126.93266736369101, 37.61789364822404 ] ] ] } },
{ "type": "Feature", "properties": { "ADM_CD": "1138010300", "SGG_CD": "11380", "GU_NM": "은평구", "F_YR": 2022, "F_ZONE_NM": "서울특별시 은평구 불광동 205-9 지하 좌측", "F_SHIM": 0.2, "F_AREA": 98.47, "F_AVR_HGT": 41.44, "반복침수연도수": 1, "반복침수여부": false, "침수이력점수": 1, "기본위험등급": "주의" }, "geometry": { "type": "Polygon", "coordinates": [ [ [ 126.929209196555291, 37.621415583623126 ], [ 126.929249265370871, 37.621446151386913 ], [ 126.929313440322204, 37.62138123002174 ], [ 126.929228421745748, 37.621330723096186 ], [ 126.929142450904351, 37.621327877361786 ], [ 126.929209196555291, 37.621415583623126 ] ] ] } },
{ "type": "Feature", "properties": { "ADM_CD": "1138010300", "SGG_CD": "11380", "GU_NM": "은평구", "F_YR": 2022, "F_ZONE_NM": "서울특별시 은평구 불광동 23-20 B02호", "F_SHIM": 0.2, "F_AREA": 208.78, "F_AVR_HGT": 49.59, "반복침수연도수": 1, "반복침수여부": false, "침수이력점수": 1, "기본위험등급": "주의" }, "geometry": { "type": "Polygon", "coordinates": [ [ [ 126.93434892430561, 37.622427538331372 ], [ 126.934402730742278, 37.622426037280761 ], [ 126.934426764788611, 37.62240379674779 ], [ 126.934480714576239, 37.622368779295911 ], [ 126.934497800701877, 37.622363833612489 ], [ 126.934482104371796, 37.622284340261189 ], [ 126.93446470383239, 37.622286240452098 ], [ 126.934459970134029, 37.622259748956637 ], [ 126.934322330194846, 37.622273635846362 ], [ 126.934332032495192, 37.6223298174598 ], [ 126.93434892430561, 37.622427538331372 ] ] ] } },
{ "type": "Feature", "properties": { "ADM_CD": "1138010400", "SGG_CD": "11380", "GU_NM": "은평구", "F_YR": 2022, "F_ZONE_NM": "서울특별시 은평구 갈현동 285-233 102호", "F_SHIM": 0.2, "F_AREA": 131.45, "F_AVR_HGT": 70.08, "반복침수연도수": 1, "반복침수여부": false, "침수이력점수": 1, "기본위험등급": "주의" }, "geometry": { "type": "Polygon", "coordinates": [ [ [ 126.912946851211046, 37.626339162424564 ], [ 126.912990465920686, 37.626337483293526 ], [ 126.913011552606989, 37.626323443838643 ], [ 126.913110691029374, 37.626212067048336 ], [ 126.91299105997652, 37.626218644603746 ], [ 126.91293577466034, 37.626222747618009 ], [ 126.912946851211046, 37.626339162424564 ] ] ] } },
{ "type": "Feature", "properties": { "ADM_CD": "1138010500", "SGG_CD": "11380", "GU_NM": "은평구", "F_YR": 2022, "F_ZONE_NM": "서울특별시 은평구 구산동 167-9", "F_SHIM": 0.2, "F_AREA": 321.49, "F_AVR_HGT": 46.51, "반복침수연도수": 1, "반복침수여부": false, "침수이력점수": 1, "기본위험등급": "주의" }, "geometry": { "type": "Polygon", "coordinates": [ [ [ 126.906945842754169, 37.609562505262382 ], [ 126.90702218076072, 37.609451457360954 ], [ 126.90709200530641, 37.6093502609355 ], [ 126.907104078264283, 37.609332277991633 ], [ 126.907008085121134, 37.609403144450823 ], [ 126.906972099099505, 37.609434091374943 ], [ 126.906993257409752, 37.609387419456823 ], [ 126.907017142243447, 37.609298259425017 ], [ 126.906993036719484, 37.609293329770964 ], [ 126.906954691238866, 37.609354133331017 ], [ 126.906937031795053, 37.609356614899085 ], [ 126.906920500313461, 37.609362710304843 ], [ 126.90678196975658, 37.609495250705251 ], [ 126.906945842754169, 37.609562505262382 ] ] ] } },
{ "type": "Feature", "properties": { "ADM_CD": "1138010500", "SGG_CD": "11380", "GU_NM": "은평구", "F_YR": 2022, "F_ZONE_NM": "서울특별시 은평구 구산동 2-27 지층2호", "F_SHIM": 0.2, "F_AREA": 144.36, "F_AVR_HGT": 21.23, "반복침수연도수": 2, "반복침수여부": true, "침수이력점수": 1, "기본위험등급": "주의" }, "geometry": { "type": "Polygon", "coordinates": [ [ [ 126.915822337906945, 37.610851092845813 ], [ 126.915768646927731, 37.610758973544101 ], [ 126.915653984768937, 37.610799794734604 ], [ 126.915643655257256, 37.610819969203099 ], [ 126.915687847403262, 37.610899197618501 ], [ 126.915822337906945, 37.610851092845813 ] ] ] } },
{ "type": "Feature", "properties": { "ADM_CD": "1138010400", "SGG_CD": "11380", "GU_NM": "은평구", "F_YR": 2022, "F_ZONE_NM": "서울특별시 은평구 갈현동 461-22 지층", "F_SHIM": 0.2, "F_AREA": 165.06, "F_AVR_HGT": 23.05, "반복침수연도수": 2, "반복침수여부": true, "침수이력점수": 1, "기본위험등급": "주의" }, "geometry": { "type": "Polygon", "coordinates": [ [ [ 126.918030513445842, 37.616205043532545 ], [ 126.918133291577291, 37.616162680010888 ], [ 126.918114520603126, 37.616135006640768 ], [ 126.918058547656941, 37.616051896654241 ], [ 126.917938090241833, 37.616103347496349 ], [ 126.918003786792852, 37.6162016909934 ], [ 126.918022823661261, 37.616194136226611 ], [ 126.918030513445842, 37.616205043532545 ] ] ] } },
{ "type": "Feature", "properties": { "ADM_CD": "1138010600", "SGG_CD": "11380", "GU_NM": "은평구", "F_YR": 2022, "F_ZONE_NM": "서울특별시 은평구 대조동 221-2", "F_SHIM": 0.2, "F_AREA": 116.7, "F_AVR_HGT": 24.62, "반복침수연도수": 1, "반복침수여부": false, "침수이력점수": 1, "기본위험등급": "주의" }, "geometry": { "type": "Polygon", "coordinates": [ [ [ 126.919519858282371, 37.614732713963001 ], [ 126.919504666847047, 37.614642605320185 ], [ 126.919503880444921, 37.614636748398034 ], [ 126.919397854872514, 37.614647936928101 ], [ 126.919420368597017, 37.614774089912714 ], [ 126.919519858282371, 37.614732713963001 ] ] ] } },
{ "type": "Feature", "properties": { "ADM_CD": "1138010700", "SGG_CD": "11380", "GU_NM": "은평구", "F_YR": 2022, "F_ZONE_NM": "서울특별시 은평구 응암동 583-19", "F_SHIM": 0.2, "F_AREA": 102.41, "F_AVR_HGT": 14.75, "반복침수연도수": 2, "반복침수여부": true, "침수이력점수": 1, "기본위험등급": "주의" }, "geometry": { "type": "Polygon", "coordinates": [ [ [ 126.916109420975985, 37.592246275091043 ], [ 126.916088459020926, 37.592160125822545 ], [ 126.916084626266482, 37.592145256807427 ], [ 126.915998209911081, 37.592165736672058 ], [ 126.915965243489879, 37.592081741044993 ], [ 126.915942481100657, 37.592084877990068 ], [ 126.915984958124525, 37.592169331007547 ], [ 126.916039206011703, 37.592258117257721 ], [ 126.916048379130018, 37.592256682325292 ], [ 126.916109420975985, 37.592246275091043 ] ] ] } },
{ "type": "Feature", "properties": { "ADM_CD": "1138010700", "SGG_CD": "11380", "GU_NM": "은평구", "F_YR": 2022, "F_ZONE_NM": "서울특별시 은평구 응암동 583-18 지층 안쪽", "F_SHIM": 0.2, "F_AREA": 79.42, "F_AVR_HGT": 14.75, "반복침수연도수": 1, "반복침수여부": false, "침수이력점수": 1, "기본위험등급": "주의" }, "geometry": { "type": "Polygon", "coordinates": [ [ [ 126.916084626266482, 37.592145256807427 ], [ 126.916065468388766, 37.592065776123135 ], [ 126.915965243489879, 37.592081741044993 ], [ 126.915998209911081, 37.592165736672058 ], [ 126.916084626266482, 37.592145256807427 ] ] ] } },
{ "type": "Feature", "properties": { "ADM_CD": "1138010700", "SGG_CD": "11380", "GU_NM": "은평구", "F_YR": 2022, "F_ZONE_NM": "서울특별시 은평구 응암동 583-8 지층", "F_SHIM": 0.2, "F_AREA": 113.81, "F_AVR_HGT": 14.75, "반복침수연도수": 1, "반복침수여부": false, "침수이력점수": 1, "기본위험등급": "주의" }, "geometry": { "type": "Polygon", "coordinates": [ [ [ 126.916232397968102, 37.592137164711161 ], [ 126.916353231989731, 37.59211977285895 ], [ 126.916352557756156, 37.5921152674509 ], [ 126.916331711968354, 37.592026325255937 ], [ 126.91621121654191, 37.592044798512383 ], [ 126.916232397968102, 37.592137164711161 ] ] ] } },
{ "type": "Feature", "properties": { "ADM_CD": "1138010700", "SGG_CD": "11380", "GU_NM": "은평구", "F_YR": 2022, "F_ZONE_NM": "서울특별시 은평구 응암동 584-7 지층가호", "F_SHIM": 0.2, "F_AREA": 182.44, "F_AVR_HGT": 14.44, "반복침수연도수": 2, "반복침수여부": true, "침수이력점수": 1, "기본위험등급": "주의" }, "geometry": { "type": "Polygon", "coordinates": [ [ [ 126.916345169949068, 37.591543677641539 ], [ 126.916329503288694, 37.591480597427314 ], [ 126.916337577306493, 37.591449969783845 ], [ 126.916419289842423, 37.591383265775633 ], [ 126.916439566036232, 37.591375712122478 ], [ 126.916428742739299, 37.591334889726049 ], [ 126.916343789094157, 37.591364380745787 ], [ 126.916223607788112, 37.591406189740809 ], [ 126.916232422715439, 37.591420882156228 ], [ 126.916306321193062, 37.591554101022403 ], [ 126.916345169949068, 37.591543677641539 ] ] ] } },
{ "type": "Feature", "properties": { "ADM_CD": "1138010700", "SGG_CD": "11380", "GU_NM": "은평구", "F_YR": 2022, "F_ZONE_NM": "서울특별시 은평구 응암동 119-18  지층", "F_SHIM": 0.2, "F_AREA": 115.14, "F_AVR_HGT": 17.47, "반복침수연도수": 1, "반복침수여부": false, "침수이력점수": 1, "기본위험등급": "주의" }, "geometry": { "type": "Polygon", "coordinates": [ [ [ 126.918286440903842, 37.59531144637721 ], [ 126.918282462973039, 37.595223057057012 ], [ 126.918358935629541, 37.59518653101442 ], [ 126.918347742260679, 37.595171566795756 ], [ 126.91827591776655, 37.595203050599721 ], [ 126.918179415652588, 37.595228119953411 ], [ 126.918179893296767, 37.595307496967294 ], [ 126.918181245557776, 37.595313354316986 ], [ 126.918286440903842, 37.59531144637721 ] ] ] } },
{ "type": "Feature", "properties": { "ADM_CD": "1138010700", "SGG_CD": "11380", "GU_NM": "은평구", "F_YR": 2022, "F_ZONE_NM": "서울특별시 은평구 응암동 583-1 지층우측", "F_SHIM": 0.2, "F_AREA": 136.92, "F_AVR_HGT": 15.04, "반복침수연도수": 2, "반복침수여부": true, "침수이력점수": 1, "기본위험등급": "주의" }, "geometry": { "type": "Polygon", "coordinates": [ [ [ 126.916511151052063, 37.592448205367965 ], [ 126.916660864146806, 37.592426058779473 ], [ 126.916681857706749, 37.592385259282125 ], [ 126.916672507121163, 37.592343536989091 ], [ 126.916509323217866, 37.592362880840874 ], [ 126.916503041247907, 37.592410718581675 ], [ 126.916511151052063, 37.592448205367965 ] ] ] } },
{ "type": "Feature", "properties": { "ADM_CD": "1138010700", "SGG_CD": "11380", "GU_NM": "은평구", "F_YR": 2022, "F_ZONE_NM": "서울특별시 은평구 응암동 585-33", "F_SHIM": 0.2, "F_AREA": 128.87, "F_AVR_HGT": 14.42, "반복침수연도수": 1, "반복침수여부": false, "침수이력점수": 1, "기본위험등급": "주의" }, "geometry": { "type": "Polygon", "coordinates": [ [ [ 126.915470912418058, 37.590784324559408 ], [ 126.915476011830947, 37.59078063424009 ], [ 126.915570067244104, 37.590712858627043 ], [ 126.9155104598278, 37.590658485843129 ], [ 126.91545690578036, 37.590657005234689 ], [ 126.915385735527181, 37.590712994562104 ], [ 126.915470912418058, 37.590784324559408 ] ] ] } },
{ "type": "Feature", "properties": { "ADM_CD": "1138010700", "SGG_CD": "11380", "GU_NM": "은평구", "F_YR": 2022, "F_ZONE_NM": "서울특별시 은평구 응암동 118-14", "F_SHIM": 0.2, "F_AREA": 139.68, "F_AVR_HGT": 17.21, "반복침수연도수": 1, "반복침수여부": false, "침수이력점수": 1, "기본위험등급": "주의" }, "geometry": { "type": "Polygon", "coordinates": [ [ [ 126.918486664367933, 37.597120672564643 ], [ 126.918427647859858, 37.597037560349314 ], [ 126.918288975737781, 37.597102243366933 ], [ 126.918341777127267, 37.59717372858325 ], [ 126.918486664367933, 37.597120672564643 ] ] ] } },
{ "type": "Feature", "properties": { "ADM_CD": "1138010700", "SGG_CD": "11380", "GU_NM": "은평구", "F_YR": 2022, "F_ZONE_NM": "서울특별시 은평구 응암동 113-30 지층1호", "F_SHIM": 0.2, "F_AREA": 151.34, "F_AVR_HGT": 16.83, "반복침수연도수": 1, "반복침수여부": false, "침수이력점수": 1, "기본위험등급": "주의" }, "geometry": { "type": "Polygon", "coordinates": [ [ [ 126.916850071186488, 37.598040747531051 ], [ 126.916828420728166, 37.597960436356573 ], [ 126.916807807845558, 37.597963782232895 ], [ 126.916804471637434, 37.597950021821674 ], [ 126.916664539838067, 37.597974509144926 ], [ 126.916688995124971, 37.598067679398213 ], [ 126.916850071186488, 37.598040747531051 ] ] ] } },
{ "type": "Feature", "properties": { "ADM_CD": "1138010700", "SGG_CD": "11380", "GU_NM": "은평구", "F_YR": 2022, "F_ZONE_NM": "서울특별시 은평구 응암동 596-15", "F_SHIM": 0.2, "F_AREA": 114.77, "F_AVR_HGT": 15.07, "반복침수연도수": 1, "반복침수여부": false, "침수이력점수": 1, "기본위험등급": "주의" }, "geometry": { "type": "Polygon", "coordinates": [ [ [ 126.915487050487428, 37.587682606204481 ], [ 126.915471310921333, 37.587585828943219 ], [ 126.915347879737595, 37.58760339821098 ], [ 126.915392140695459, 37.587709025954169 ], [ 126.915487050487428, 37.587682606204481 ] ] ] } },
{ "type": "Feature", "properties": { "ADM_CD": "1138010700", "SGG_CD": "11380", "GU_NM": "은평구", "F_YR": 2022, "F_ZONE_NM": "서울특별시 은평구 응암동 595-23 지하2호", "F_SHIM": 0.2, "F_AREA": 161.64, "F_AVR_HGT": 14.15, "반복침수연도수": 2, "반복침수여부": true, "침수이력점수": 1, "기본위험등급": "주의" }, "geometry": { "type": "Polygon", "coordinates": [ [ [ 126.915120644338629, 37.58731014168491 ], [ 126.915108021233934, 37.587260307971889 ], [ 126.915092130067762, 37.587197227383996 ], [ 126.914972778813421, 37.587211825997343 ], [ 126.914950131504028, 37.587214602444789 ], [ 126.914953054366919, 37.587232624289463 ], [ 126.914970499841885, 37.587322194995636 ], [ 126.915120644338629, 37.58731014168491 ] ] ] } },
{ "type": "Feature", "properties": { "ADM_CD": "1138010700", "SGG_CD": "11380", "GU_NM": "은평구", "F_YR": 2022, "F_ZONE_NM": "서울특별시 은평구 응암동 594-78 지층 1호", "F_SHIM": 0.2, "F_AREA": 157.19, "F_AVR_HGT": 14.69, "반복침수연도수": 2, "반복침수여부": true, "침수이력점수": 1, "기본위험등급": "주의" }, "geometry": { "type": "Polygon", "coordinates": [ [ [ 126.91475216421037, 37.587069398502543 ], [ 126.91473440648609, 37.586956492016768 ], [ 126.914590928579528, 37.586980622947017 ], [ 126.91461141018587, 37.587087675056175 ], [ 126.91475216421037, 37.587069398502543 ] ] ] } },
{ "type": "Feature", "properties": { "ADM_CD": "1138010900", "SGG_CD": "11380", "GU_NM": "은평구", "F_YR": 2022, "F_ZONE_NM": "서울특별시 은평구 신사동 231-4   지하층", "F_SHIM": 0.2, "F_AREA": 128.99, "F_AVR_HGT": 32.43, "반복침수연도수": 1, "반복침수여부": false, "침수이력점수": 1, "기본위험등급": "주의" }, "geometry": { "type": "Polygon", "coordinates": [ [ [ 126.907511341007904, 37.595840162687757 ], [ 126.907390315701832, 37.595823217842266 ], [ 126.907381783473639, 37.595854745466809 ], [ 126.907387931417219, 37.595918179620789 ], [ 126.907437627102937, 37.595929211242371 ], [ 126.907427484768434, 37.595980469128605 ], [ 126.907437221840112, 37.595981287775366 ], [ 126.907467791746782, 37.595983834891769 ], [ 126.907511341007904, 37.595840162687757 ] ] ] } },
{ "type": "Feature", "properties": { "ADM_CD": "1138010300", "SGG_CD": "11380", "GU_NM": "은평구", "F_YR": 2022, "F_ZONE_NM": "서울특별시 은평구 불광동 630-20 지하 B101호", "F_SHIM": 0.2, "F_AREA": 141.11, "F_AVR_HGT": 70.85, "반복침수연도수": 1, "반복침수여부": false, "침수이력점수": 1, "기본위험등급": "주의" }, "geometry": { "type": "Polygon", "coordinates": [ [ [ 126.939918724933747, 37.612088969042446 ], [ 126.940041072175362, 37.612054471193929 ], [ 126.940080132643686, 37.612043454513078 ], [ 126.940039055754966, 37.611958677802484 ], [ 126.939920014963164, 37.611994195484378 ], [ 126.939898295013791, 37.612031809128268 ], [ 126.939918724933747, 37.612088969042446 ] ] ] } },
{ "type": "Feature", "properties": { "ADM_CD": "1138011400", "SGG_CD": "11380", "GU_NM": "은평구", "F_YR": 2022, "F_ZONE_NM": "서울특별시 은평구 진관동 산109-14", "F_SHIM": 0.2, "F_AREA": 6084.48, "F_AVR_HGT": 100.15, "반복침수연도수": 2, "반복침수여부": true, "침수이력점수": 1, "기본위험등급": "주의" }, "geometry": { "type": "Polygon", "coordinates": [ [ [ 126.936830875488639, 37.626732849697703 ], [ 126.936843472639765, 37.627085427735928 ], [ 126.936865485291491, 37.627187556763779 ], [ 126.936888617099896, 37.627292443394559 ], [ 126.936891323913457, 37.627306229856067 ], [ 126.936879291793289, 37.6273212155564 ], [ 126.936875334017685, 37.627326132733714 ], [ 126.936872383945357, 37.627331627089539 ], [ 126.936859957178385, 37.627357559466596 ], [ 126.936853670029961, 37.627370674275689 ], [ 126.936860184257114, 37.627553126091627 ], [ 126.937206566552035, 37.627604554060603 ], [ 126.937592777290789, 37.627525946281047 ], [ 126.937585341005345, 37.626725016926528 ], [ 126.936830875488639, 37.626732849697703 ] ] ] } },
{ "type": "Feature", "properties": { "ADM_CD": "1138010700", "SGG_CD": "11380", "GU_NM": "은평구", "F_YR": 2022, "F_ZONE_NM": "서울특별시 은평구 응암동 99-71 지층", "F_SHIM": 0.2, "F_AREA": 191.68, "F_AVR_HGT": 25.96, "반복침수연도수": 1, "반복침수여부": false, "침수이력점수": 1, "기본위험등급": "주의" }, "geometry": { "type": "Polygon", "coordinates": [ [ [ 126.924130650192737, 37.599864308309996 ], [ 126.924129763779561, 37.599845477180466 ], [ 126.923994496711657, 37.59968402232397 ], [ 126.92388434236652, 37.599766479982257 ], [ 126.923938198211644, 37.599810933864326 ], [ 126.924025487449143, 37.599828740575063 ], [ 126.924040984259534, 37.599845148642281 ], [ 126.924130650192737, 37.599864308309996 ] ] ] } },
{ "type": "Feature", "properties": { "ADM_CD": "1138010400", "SGG_CD": "11380", "GU_NM": "은평구", "F_YR": 2022, "F_ZONE_NM": "서울특별시 은평구 갈현동 507-8 지층 앞쪽", "F_SHIM": 0.2, "F_AREA": 140.3, "F_AVR_HGT": 29.19, "반복침수연도수": 2, "반복침수여부": true, "침수이력점수": 1, "기본위험등급": "주의" }, "geometry": { "type": "Polygon", "coordinates": [ [ [ 126.912294779875594, 37.614992451106104 ], [ 126.9123867019822, 37.61493702015165 ], [ 126.912326406734508, 37.6148753475116 ], [ 126.912301378135695, 37.614873346435168 ], [ 126.91219007341347, 37.614941106090704 ], [ 126.912261117015007, 37.615012427423778 ], [ 126.912294779875594, 37.614992451106104 ] ] ] } },
{ "type": "Feature", "properties": { "ADM_CD": "1138010500", "SGG_CD": "11380", "GU_NM": "은평구", "F_YR": 2022, "F_ZONE_NM": "서울특별시 은평구 구산동 7-15 지층1호", "F_SHIM": 0.2, "F_AREA": 180.9, "F_AVR_HGT": 21.47, "반복침수연도수": 1, "반복침수여부": false, "침수이력점수": 1, "기본위험등급": "주의" }, "geometry": { "type": "Polygon", "coordinates": [ [ [ 126.914192614835343, 37.610918012404255 ], [ 126.914157464525886, 37.610856088966813 ], [ 126.91413350259532, 37.610814716179611 ], [ 126.913987227886778, 37.610866684508174 ], [ 126.913995703310064, 37.610882728263107 ], [ 126.914039996236426, 37.610971147378791 ], [ 126.914192614835343, 37.610918012404255 ] ] ] } },
{ "type": "Feature", "properties": { "ADM_CD": "1138010300", "SGG_CD": "11380", "GU_NM": "은평구", "F_YR": 2022, "F_ZONE_NM": "서울특별시 은평구 불광동 221-46 지층2호", "F_SHIM": 0.2, "F_AREA": 258.26, "F_AVR_HGT": 37.24, "반복침수연도수": 1, "반복침수여부": false, "침수이력점수": 1, "기본위험등급": "주의" }, "geometry": { "type": "Polygon", "coordinates": [ [ [ 126.93224738243066, 37.617513639175641 ], [ 126.932366107427185, 37.61749010311739 ], [ 126.932362512527732, 37.617458116202727 ], [ 126.932385396150721, 37.617453985100362 ], [ 126.932365831126091, 37.617421538338576 ], [ 126.932317703256743, 37.617410428066066 ], [ 126.932088894236315, 37.617422456908557 ], [ 126.932122312516029, 37.617539243638504 ], [ 126.93224738243066, 37.617513639175641 ] ] ] } },
{ "type": "Feature", "properties": { "ADM_CD": "1138010300", "SGG_CD": "11380", "GU_NM": "은평구", "F_YR": 2022, "F_ZONE_NM": "서울특별시 은평구 불광동 246-9 효성빌라 지층 좌 101호", "F_SHIM": 0.2, "F_AREA": 215.43, "F_AVR_HGT": 34.38, "반복침수연도수": 1, "반복침수여부": false, "침수이력점수": 1, "기본위험등급": "주의" }, "geometry": { "type": "Polygon", "coordinates": [ [ [ 126.93070387202161, 37.616230447474273 ], [ 126.930733084500588, 37.616240736179904 ], [ 126.930752184007545, 37.616285256080424 ], [ 126.930907406700953, 37.616232101099804 ], [ 126.930894697976711, 37.616136769737047 ], [ 126.930886221394658, 37.616117483676817 ], [ 126.930784815601555, 37.616153642364409 ], [ 126.930679106691159, 37.616188717204778 ], [ 126.93070387202161, 37.616230447474273 ] ] ] } },
{ "type": "Feature", "properties": { "ADM_CD": "1138010300", "SGG_CD": "11380", "GU_NM": "은평구", "F_YR": 2022, "F_ZONE_NM": "서울특별시 은평구 불광동 326-1 지하 1호", "F_SHIM": 0.2, "F_AREA": 187.74, "F_AVR_HGT": 30.74, "반복침수연도수": 2, "반복침수여부": true, "침수이력점수": 1, "기본위험등급": "주의" }, "geometry": { "type": "Polygon", "coordinates": [ [ [ 126.923943339155002, 37.619068610159488 ], [ 126.923972570804381, 37.619060610647857 ], [ 126.923955842699172, 37.619026272307906 ], [ 126.92393598465506, 37.618951928385385 ], [ 126.923968408925916, 37.618923568820136 ], [ 126.923941016023491, 37.618906161896966 ], [ 126.923916542642687, 37.61891326354985 ], [ 126.923814679049812, 37.618947073377981 ], [ 126.923837337660757, 37.619051241609768 ], [ 126.923854289536678, 37.619088192956262 ], [ 126.923943339155002, 37.619068610159488 ] ] ] } },
{ "type": "Feature", "properties": { "ADM_CD": "1138010300", "SGG_CD": "11380", "GU_NM": "은평구", "F_YR": 2022, "F_ZONE_NM": "서울특별시 은평구 불광동 228-54 가동 지층1호", "F_SHIM": 0.2, "F_AREA": 244.44, "F_AVR_HGT": 47.56, "반복침수연도수": 1, "반복침수여부": false, "침수이력점수": 1, "기본위험등급": "주의" }, "geometry": { "type": "Polygon", "coordinates": [ [ [ 126.930911538014641, 37.618942243855187 ], [ 126.931064542036154, 37.618917360128073 ], [ 126.931054424851808, 37.618871791514529 ], [ 126.931041674846142, 37.618819527043861 ], [ 126.93106183839393, 37.618817647025537 ], [ 126.931059019098853, 37.618804491029955 ], [ 126.931039721060344, 37.618729427846901 ], [ 126.930884677698927, 37.618827091510674 ], [ 126.930893431878729, 37.618864568520316 ], [ 126.930901148155826, 37.618897648124303 ], [ 126.930911538014641, 37.618942243855187 ] ] ] } },
{ "type": "Feature", "properties": { "ADM_CD": "1138011400", "SGG_CD": "11380", "GU_NM": "은평구", "F_YR": 2022, "F_ZONE_NM": "서울특별시 은평구 진관동 290 (김*규)", "F_SHIM": 0.2, "F_AREA": 5996.75, "F_AVR_HGT": 40.31, "반복침수연도수": 2, "반복침수여부": true, "침수이력점수": 1, "기본위험등급": "주의" }, "geometry": { "type": "Polygon", "coordinates": [ [ [ 126.944123024573074, 37.658019849502089 ], [ 126.944069536243475, 37.658016670054934 ], [ 126.943892413061704, 37.658005862067434 ], [ 126.943859223467229, 37.657985844219347 ], [ 126.943611977834564, 37.657939773418484 ], [ 126.943402152696251, 37.657865429946426 ], [ 126.943315776354083, 37.657891876006069 ], [ 126.943311023985203, 37.657896919117483 ], [ 126.943295927546103, 37.65791294901063 ], [ 126.94328212510996, 37.657911815979524 ], [ 126.943146571139238, 37.657900712045695 ], [ 126.942898544838258, 37.657839502993887 ], [ 126.9426011768781, 37.65773431925745 ], [ 126.942475611190147, 37.657689910518386 ], [ 126.942357344593731, 37.657630386956264 ], [ 126.942337535451387, 37.657615510942726 ], [ 126.94226697487494, 37.657562236946113 ], [ 126.942228324067599, 37.657555811598201 ], [ 126.942193486880541, 37.657542072243551 ], [ 126.942026642451651, 37.657476235107175 ], [ 126.942001740998109, 37.657466410934994 ], [ 126.941815057909324, 37.657366578732884 ], [ 126.941750397659447, 37.657304919339481 ], [ 126.941505474412821, 37.657193885039568 ], [ 126.941494940839647, 37.65718667188473 ], [ 126.941255934712032, 37.657046718795243 ], [ 126.941191599376893, 37.657004592384943 ], [ 126.940827324305701, 37.656766386094169 ], [ 126.940762717171296, 37.656766352837195 ], [ 126.940852444448623, 37.656827304891472 ], [ 126.940754543680171, 37.656825272359477 ], [ 126.940723254869965, 37.656824625556304 ], [ 126.940714528910561, 37.656824440863979 ], [ 126.940625842067476, 37.656766282262872 ], [ 126.940332214486645, 37.656766130329494 ], [ 126.940334932905174, 37.656767843590998 ], [ 126.940768913071139, 37.656978715714494 ], [ 126.941021290812301, 37.657118406357782 ], [ 126.941443129100904, 37.657353956461449 ], [ 126.941801195117421, 37.657554154586066 ], [ 126.942069546778981, 37.657705293434368 ], [ 126.942099678439988, 37.657722156836208 ], [ 126.942696985241056, 37.657919409181751 ], [ 126.943338085241109, 37.658058477164282 ], [ 126.944122950707722, 37.658115803230885 ], [ 126.944123024573074, 37.658019849502089 ] ] ] } },
{ "type": "Feature", "properties": { "ADM_CD": "1138010700", "SGG_CD": "11380", "GU_NM": "은평구", "F_YR": 2022, "F_ZONE_NM": "서울특별시 은평구 응암동 751-7 지층 좌측", "F_SHIM": 0.2, "F_AREA": 98.33, "F_AVR_HGT": 19.52, "반복침수연도수": 1, "반복침수여부": false, "침수이력점수": 1, "기본위험등급": "주의" }, "geometry": { "type": "Polygon", "coordinates": [ [ [ 126.918882546819304, 37.587074434453427 ], [ 126.918874645511892, 37.587052625082258 ], [ 126.918826332203722, 37.587023939921394 ], [ 126.918814338747708, 37.587016813736781 ], [ 126.918812875658531, 37.587008884042675 ], [ 126.918714579472805, 37.587027916017163 ], [ 126.918728650961967, 37.587101085877762 ], [ 126.918735331653238, 37.587100459873483 ], [ 126.918882546819304, 37.587074434453427 ] ] ] } },
{ "type": "Feature", "properties": { "ADM_CD": "1138010700", "SGG_CD": "11380", "GU_NM": "은평구", "F_YR": 2022, "F_ZONE_NM": "서울특별시 은평구 응암동 339-8 지층 좌측", "F_SHIM": 0.2, "F_AREA": 133.08, "F_AVR_HGT": 33.36, "반복침수연도수": 1, "반복침수여부": false, "침수이력점수": 1, "기본위험등급": "주의" }, "geometry": { "type": "Polygon", "coordinates": [ [ [ 126.920485545648077, 37.589139071581791 ], [ 126.920636142984705, 37.589129624427699 ], [ 126.92061563035081, 37.589042755435109 ], [ 126.920467190972644, 37.589046167446746 ], [ 126.920477436745756, 37.589099242486675 ], [ 126.920485545648077, 37.589139071581791 ] ] ] } },
{ "type": "Feature", "properties": { "ADM_CD": "1138010300", "SGG_CD": "11380", "GU_NM": "은평구", "F_YR": 2022, "F_ZONE_NM": "서울특별시 은평구 불광동 242-13 지층", "F_SHIM": 0.2, "F_AREA": 141.58, "F_AVR_HGT": 35.48, "반복침수연도수": 2, "반복침수여부": true, "침수이력점수": 1, "기본위험등급": "주의" }, "geometry": { "type": "Polygon", "coordinates": [ [ [ 126.93170691703699, 37.613712983712567 ], [ 126.931799485084028, 37.613676458602818 ], [ 126.931834043332984, 37.613661702923686 ], [ 126.931780895785877, 37.613570762536696 ], [ 126.93169977331263, 37.613600717242406 ], [ 126.931654679653434, 37.613617809196803 ], [ 126.93170691703699, 37.613712983712567 ] ] ] } },
{ "type": "Feature", "properties": { "ADM_CD": "1138010300", "SGG_CD": "11380", "GU_NM": "은평구", "F_YR": 2022, "F_ZONE_NM": "서울특별시 은평구 불광동 242-19 초록천막지붕 지층(반지하)", "F_SHIM": 0.2, "F_AREA": 135.25, "F_AVR_HGT": 35.48, "반복침수연도수": 2, "반복침수여부": true, "침수이력점수": 1, "기본위험등급": "주의" }, "geometry": { "type": "Polygon", "coordinates": [ [ [ 126.931668633608837, 37.613593310770703 ], [ 126.931801195381695, 37.613542934214209 ], [ 126.931785025739615, 37.61351445365775 ], [ 126.931753137176557, 37.613460015551333 ], [ 126.931630289141737, 37.613502685409152 ], [ 126.931617406001806, 37.613508498117049 ], [ 126.931620911589064, 37.613514356570619 ], [ 126.931668633608837, 37.613593310770703 ] ] ] } },
{ "type": "Feature", "properties": { "ADM_CD": "1138010300", "SGG_CD": "11380", "GU_NM": "은평구", "F_YR": 2022, "F_ZONE_NM": "서울특별시 은평구 불광동 279-4 지층 우측", "F_SHIM": 0.2, "F_AREA": 88.38, "F_AVR_HGT": 33.93, "반복침수연도수": 2, "반복침수여부": true, "침수이력점수": 1, "기본위험등급": "주의" }, "geometry": { "type": "Polygon", "coordinates": [ [ [ 126.931771976892819, 37.612812401420335 ], [ 126.931806241477233, 37.612747821311508 ], [ 126.931750307463417, 37.612730669614407 ], [ 126.931721208296366, 37.612721642595709 ], [ 126.931669597131787, 37.612805313216555 ], [ 126.93170333591047, 37.612818667702491 ], [ 126.931758136376885, 37.612836899929057 ], [ 126.931771976892819, 37.612812401420335 ] ] ] } },
{ "type": "Feature", "properties": { "ADM_CD": "1138011400", "SGG_CD": "11380", "GU_NM": "은평구", "F_YR": 2022, "F_ZONE_NM": "서울특별시 은평구 진관동 산27-2", "F_SHIM": 0.2, "F_AREA": 163.67, "F_AVR_HGT": 49.89, "반복침수연도수": 2, "반복침수여부": true, "침수이력점수": 1, "기본위험등급": "주의" }, "geometry": { "type": "Polygon", "coordinates": [ [ [ 126.939023341023315, 37.646844625420506 ], [ 126.939057696861184, 37.646858203303751 ], [ 126.939281564315465, 37.646506328292027 ], [ 126.939222346221385, 37.646508801751075 ], [ 126.939142821412887, 37.646648546168443 ], [ 126.939023341023315, 37.646844625420506 ] ] ] } },
{ "type": "Feature", "properties": { "ADM_CD": "1138010700", "SGG_CD": "11380", "GU_NM": "은평구", "F_YR": 2022, "F_ZONE_NM": "서울특별시 은평구 응암동 111-25 지층2호", "F_SHIM": 0.2, "F_AREA": 144.65, "F_AVR_HGT": 17.41, "반복침수연도수": 1, "반복침수여부": false, "침수이력점수": 1, "기본위험등급": "주의" }, "geometry": { "type": "Polygon", "coordinates": [ [ [ 126.917385023753994, 37.598906632678307 ], [ 126.917516247152506, 37.598934197122091 ], [ 126.91755126428977, 37.598829978272377 ], [ 126.917546056557569, 37.598828893387562 ], [ 126.917420359952729, 37.598800792324518 ], [ 126.917385023753994, 37.598906632678307 ] ] ] } },
{ "type": "Feature", "properties": { "ADM_CD": "1138010300", "SGG_CD": "11380", "GU_NM": "은평구", "F_YR": 2022, "F_ZONE_NM": "서울특별시 은평구 불광동 264-11 불광주택3동 지층", "F_SHIM": 0.2, "F_AREA": 183.2, "F_AVR_HGT": 30.55, "반복침수연도수": 1, "반복침수여부": false, "침수이력점수": 1, "기본위험등급": "주의" }, "geometry": { "type": "Polygon", "coordinates": [ [ [ 126.92913509402652, 37.613025787692607 ], [ 126.929180642424669, 37.613007165310023 ], [ 126.929307433477589, 37.612951742517879 ], [ 126.929301237838857, 37.612916960852779 ], [ 126.929228042720339, 37.612947459302177 ], [ 126.929191784960636, 37.612962663668945 ], [ 126.929138175692358, 37.612884515732652 ], [ 126.929102888405765, 37.612833318353083 ], [ 126.929100734470751, 37.612835389288129 ], [ 126.929042577830145, 37.61289166491224 ], [ 126.929105348526548, 37.612982702544457 ], [ 126.92913509402652, 37.613025787692607 ] ] ] } },
{ "type": "Feature", "properties": { "ADM_CD": "1138010300", "SGG_CD": "11380", "GU_NM": "은평구", "F_YR": 2022, "F_ZONE_NM": "서울특별시 은평구 불광동 238-3 지층", "F_SHIM": 0.2, "F_AREA": 135.96, "F_AVR_HGT": 34.73, "반복침수연도수": 1, "반복침수여부": false, "침수이력점수": 1, "기본위험등급": "주의" }, "geometry": { "type": "Polygon", "coordinates": [ [ [ 126.932149821539625, 37.615360418270889 ], [ 126.932229460869905, 37.615343887009217 ], [ 126.932225171253435, 37.615328387620195 ], [ 126.932238099204724, 37.61531118647634 ], [ 126.93223486322762, 37.615258747491467 ], [ 126.932220627799225, 37.615220267250848 ], [ 126.932214297788008, 37.615206568624629 ], [ 126.932111772130881, 37.615231015050156 ], [ 126.932149821539625, 37.615360418270889 ] ] ] } },
{ "type": "Feature", "properties": { "ADM_CD": "1138010300", "SGG_CD": "11380", "GU_NM": "은평구", "F_YR": 2022, "F_ZONE_NM": "서울특별시 은평구 불광동 222-8 지층1호", "F_SHIM": 0.2, "F_AREA": 249.23, "F_AVR_HGT": 37.24, "반복침수연도수": 1, "반복침수여부": false, "침수이력점수": 1, "기본위험등급": "주의" }, "geometry": { "type": "Polygon", "coordinates": [ [ [ 126.932438503205319, 37.617151710200844 ], [ 126.932465618503841, 37.617176800359104 ], [ 126.932473627638018, 37.617212213580999 ], [ 126.932526207954794, 37.617307838368127 ], [ 126.932569138112939, 37.61730534071301 ], [ 126.932698699341969, 37.617198920439627 ], [ 126.932631639772865, 37.617144182784166 ], [ 126.932438503205319, 37.617151710200844 ] ] ] } },
{ "type": "Feature", "properties": { "ADM_CD": "1138010300", "SGG_CD": "11380", "GU_NM": "은평구", "F_YR": 2023, "F_ZONE_NM": "서울 은평구 연서로33길 16-45, 유엔빌라나동 지층 2호(불광동)", "F_SHIM": 0.2, "F_AREA": 566.0, "F_AVR_HGT": 37.82263489, "반복침수연도수": 1, "반복침수여부": false, "침수이력점수": 1, "기본위험등급": "주의" }, "geometry": { "type": "Polygon", "coordinates": [ [ [ 126.924045737875872, 37.622601816227082 ], [ 126.924074351423684, 37.622612250334079 ], [ 126.92411728799199, 37.622606782528628 ], [ 126.92413955460853, 37.622653467878465 ], [ 126.924264833572579, 37.622710428806883 ], [ 126.924276193946611, 37.622459621520861 ], [ 126.923939122186596, 37.622451210497665 ], [ 126.923940610715405, 37.622468546325578 ], [ 126.923942972708176, 37.62248467541486 ], [ 126.923948696877801, 37.622535494432107 ], [ 126.923936443535993, 37.622554497048114 ], [ 126.923933038856092, 37.622560711569456 ], [ 126.924045737875872, 37.622601816227082 ] ] ] } },
{ "type": "Feature", "properties": { "ADM_CD": "1138010200", "SGG_CD": "11380", "GU_NM": "은평구", "F_YR": 2023, "F_ZONE_NM": "서울 은평구 은평로21길 19A동 B02호(녹번동)", "F_SHIM": 0.2, "F_AREA": 625.0, "F_AVR_HGT": 39.14671249, "반복침수연도수": 3, "반복침수여부": true, "침수이력점수": 2, "기본위험등급": "위험" }, "geometry": { "type": "Polygon", "coordinates": [ [ [ 126.932141475848439, 37.601787211498205 ], [ 126.932070451023421, 37.601810595284242 ], [ 126.931994706041806, 37.60167351118826 ], [ 126.931921672542956, 37.601665089004399 ], [ 126.931976033972873, 37.602024613228068 ], [ 126.932008625704484, 37.602048508473082 ], [ 126.932233034253372, 37.601968452943368 ], [ 126.932141475848439, 37.601787211498205 ] ] ] } },
{ "type": "Feature", "properties": { "ADM_CD": "1138010400", "SGG_CD": "11380", "GU_NM": "은평구", "F_YR": 2023, "F_ZONE_NM": "서울 은평구 갈현동 491-5 지하02호", "F_SHIM": 0.2, "F_AREA": 132.0, "F_AVR_HGT": 24.4741127, "반복침수연도수": 1, "반복침수여부": false, "침수이력점수": 1, "기본위험등급": "주의" }, "geometry": { "type": "Polygon", "coordinates": [ [ [ 126.913955354241025, 37.614578973423363 ], [ 126.91390675269615, 37.614492803582863 ], [ 126.913771347035578, 37.614541986635118 ], [ 126.913803784066133, 37.614600844797899 ], [ 126.913852922588703, 37.614615477199791 ], [ 126.913955354241025, 37.614578973423363 ] ] ] } },
{ "type": "Feature", "properties": { "ADM_CD": "1138010400", "SGG_CD": "11380", "GU_NM": "은평구", "F_YR": 2023, "F_ZONE_NM": "서울 은평구 서오릉로22길 18단독주택", "F_SHIM": 0.2, "F_AREA": 88.0, "F_AVR_HGT": 44.99816055, "반복침수연도수": 2, "반복침수여부": true, "침수이력점수": 1, "기본위험등급": "주의" }, "geometry": { "type": "Polygon", "coordinates": [ [ [ 126.908052662099806, 37.617692379535129 ], [ 126.908078738027413, 37.61758221028942 ], [ 126.907924388694397, 37.61755595954638 ], [ 126.907919948493827, 37.617574155827789 ], [ 126.907928330092489, 37.617574252573256 ], [ 126.907988985119076, 37.617618809089869 ], [ 126.908052662099806, 37.617692379535129 ] ] ] } },
{ "type": "Feature", "properties": { "ADM_CD": "1138010900", "SGG_CD": "11380", "GU_NM": "은평구", "F_YR": 2023, "F_ZONE_NM": "서울 은평구 가좌로11가길 16-5(신사2동)", "F_SHIM": 0.2, "F_AREA": 93.0, "F_AVR_HGT": 44.1477272, "반복침수연도수": 1, "반복침수여부": false, "침수이력점수": 1, "기본위험등급": "주의" }, "geometry": { "type": "Polygon", "coordinates": [ [ [ 126.905841068920779, 37.59731571286374 ], [ 126.905887424626556, 37.597371160912097 ], [ 126.905970372861375, 37.597324557145434 ], [ 126.906040161101345, 37.597385790394107 ], [ 126.906055465769526, 37.597371837529892 ], [ 126.905938850407821, 37.597269571633326 ], [ 126.905907355583693, 37.597281529205638 ], [ 126.905841068920779, 37.59731571286374 ] ] ] } },
{ "type": "Feature", "properties": { "ADM_CD": "1138010200", "SGG_CD": "11380", "GU_NM": "은평구", "F_YR": 2024, "F_ZONE_NM": "은평구 은평로21길 19A동지하02호(녹번동)", "F_SHIM": 0.2, "F_AREA": 625.48654525999996, "F_AVR_HGT": 39.14671249, "반복침수연도수": 3, "반복침수여부": true, "침수이력점수": 2, "기본위험등급": "위험" }, "geometry": { "type": "Polygon", "coordinates": [ [ [ 126.932141475848439, 37.601787211498205 ], [ 126.932070451023421, 37.601810595284242 ], [ 126.931994706041806, 37.60167351118826 ], [ 126.931921672542956, 37.601665089004399 ], [ 126.931976033972873, 37.602024613228068 ], [ 126.932008625704484, 37.602048508473082 ], [ 126.932233034253372, 37.601968452943368 ], [ 126.932141475848439, 37.601787211498205 ] ] ] } },
{ "type": "Feature", "properties": { "ADM_CD": "1138010300", "SGG_CD": "11380", "GU_NM": "은평구", "F_YR": 2024, "F_ZONE_NM": "은평구 불광동 230-13", "F_SHIM": 0.1, "F_AREA": 361.82406422999998, "F_AVR_HGT": 39.79824219, "반복침수연도수": 3, "반복침수여부": true, "침수이력점수": 2, "기본위험등급": "위험" }, "geometry": { "type": "Polygon", "coordinates": [ [ [ 126.931399345262577, 37.617525932260442 ], [ 126.931398671840697, 37.617519354702665 ], [ 126.93134025590038, 37.617367414664834 ], [ 126.931327685392986, 37.617365244835511 ], [ 126.931107200277381, 37.617438543400191 ], [ 126.931184873728469, 37.617587701990807 ], [ 126.93134646079173, 37.617514278177389 ], [ 126.931399345262577, 37.617525932260442 ] ] ] } },
{ "type": "Feature", "properties": { "ADM_CD": "1138010300", "SGG_CD": "11380", "GU_NM": "은평구", "F_YR": 2024, "F_ZONE_NM": "은평구 통일로78가길19-1지하우측(불광동)", "F_SHIM": 0.2, "F_AREA": 140.13881985, "F_AVR_HGT": 53.15615005, "반복침수연도수": 1, "반복침수여부": false, "침수이력점수": 1, "기본위험등급": "주의" }, "geometry": { "type": "Polygon", "coordinates": [ [ [ 126.926807667128685, 37.618288767812167 ], [ 126.92680958771831, 37.618293724419978 ], [ 126.926949283191689, 37.618257142874512 ], [ 126.926907020191734, 37.618158008321068 ], [ 126.92677478853463, 37.61820657758367 ], [ 126.926807667128685, 37.618288767812167 ] ] ] } },
{ "type": "Feature", "properties": { "ADM_CD": "1138010500", "SGG_CD": "11380", "GU_NM": "은평구", "F_YR": 2024, "F_ZONE_NM": "은평구 갈현로 170-3 102호 예원피아노 (구산동, 에원빌라)", "F_SHIM": 0.2, "F_AREA": 160.55388361000001, "F_AVR_HGT": 27.4808342, "반복침수연도수": 1, "반복침수여부": false, "침수이력점수": 1, "기본위험등급": "주의" }, "geometry": { "type": "Polygon", "coordinates": [ [ [ 126.912027091131179, 37.613143255388415 ], [ 126.912159433292956, 37.613097495733356 ], [ 126.912115243812323, 37.613018085833609 ], [ 126.912062709653895, 37.613002819444375 ], [ 126.911966398281635, 37.613036803485912 ], [ 126.912027091131179, 37.613143255388415 ] ] ] } },
{ "type": "Feature", "properties": { "ADM_CD": "1138010500", "SGG_CD": "11380", "GU_NM": "은평구", "F_YR": 2024, "F_ZONE_NM": "은평구 갈현로 133？숲빌딩(구산동)", "F_SHIM": 0.2, "F_AREA": 175.18023045000001, "F_AVR_HGT": 30.66522713, "반복침수연도수": 1, "반복침수여부": false, "침수이력점수": 1, "기본위험등급": "주의" }, "geometry": { "type": "Polygon", "coordinates": [ [ [ 126.91099466687406, 37.609923442011173 ], [ 126.91099118873592, 37.609896409896919 ], [ 126.910977164701094, 37.609786839781691 ], [ 126.910848380908888, 37.609797732887188 ], [ 126.910859926493885, 37.609896309138698 ], [ 126.910864410536433, 37.609934334004279 ], [ 126.91099466687406, 37.609923442011173 ] ] ] } },
{ "type": "Feature", "properties": { "ADM_CD": "1138010700", "SGG_CD": "11380", "GU_NM": "은평구", "F_YR": 2024, "F_ZONE_NM": "은평구 응암로32길 3B01호(응암동, 고은명가)", "F_SHIM": 0.2, "F_AREA": 187.21161448000001, "F_AVR_HGT": 24.74320145, "반복침수연도수": 1, "반복침수여부": false, "침수이력점수": 1, "기본위험등급": "주의" }, "geometry": { "type": "Polygon", "coordinates": [ [ [ 126.920952273895494, 37.597627202343681 ], [ 126.920864984714484, 37.597507492120464 ], [ 126.920744781726967, 37.597562550113935 ], [ 126.920832411363733, 37.597681449772473 ], [ 126.920952273895494, 37.597627202343681 ] ] ] } },
{ "type": "Feature", "properties": { "ADM_CD": "1138010400", "SGG_CD": "11380", "GU_NM": "은평구", "F_YR": 2024, "F_ZONE_NM": "은평구 서오릉로22길 18단독주택", "F_SHIM": 0.2, "F_AREA": 88.31532925, "F_AVR_HGT": 44.99816055, "반복침수연도수": 2, "반복침수여부": true, "침수이력점수": 1, "기본위험등급": "주의" }, "geometry": { "type": "Polygon", "coordinates": [ [ [ 126.908052662099806, 37.617692379535129 ], [ 126.908078738027413, 37.61758221028942 ], [ 126.907924388694397, 37.61755595954638 ], [ 126.907919948493827, 37.617574155827789 ], [ 126.907928330092489, 37.617574252573256 ], [ 126.907988985119076, 37.617618809089869 ], [ 126.908052662099806, 37.617692379535129 ] ] ] } },
{ "type": "Feature", "properties": { "ADM_CD": "1138011000", "SGG_CD": "11380", "GU_NM": "은평구", "F_YR": 2024, "F_ZONE_NM": "은평구 증산로7길12(구산동)", "F_SHIM": 0.2, "F_AREA": 153.98790054, "F_AVR_HGT": 13.7498333, "반복침수연도수": 1, "반복침수여부": false, "침수이력점수": 1, "기본위험등급": "주의" }, "geometry": { "type": "Polygon", "coordinates": [ [ [ 126.908117181287423, 37.584118744009984 ], [ 126.908243977195625, 37.584032619951984 ], [ 126.908180876714482, 37.583973465427547 ], [ 126.908152918462051, 37.583968668095217 ], [ 126.908040853649794, 37.584044352290348 ], [ 126.908117181287423, 37.584118744009984 ] ] ] } },
{ "type": "Feature", "properties": { "ADM_CD": "1138010900", "SGG_CD": "11380", "GU_NM": "은평구", "F_YR": 2024, "F_ZONE_NM": "은평구 가좌로 312-9지층좌측(신사동)", "F_SHIM": 0.2, "F_AREA": 243.45049944, "F_AVR_HGT": 25.55866737, "반복침수연도수": 1, "반복침수여부": false, "침수이력점수": 1, "기본위험등급": "주의" }, "geometry": { "type": "Polygon", "coordinates": [ [ [ 126.910575763746394, 37.596039788846134 ], [ 126.91074628313531, 37.596048659645163 ], [ 126.910748350015439, 37.596025055462292 ], [ 126.910759595298074, 37.595902890721241 ], [ 126.910591341239282, 37.595893751391394 ], [ 126.910575763746394, 37.596039788846134 ] ] ] } },
{ "type": "Feature", "properties": { "ADM_CD": "1138010100", "SGG_CD": "11380", "GU_NM": "은평구", "F_YR": 2024, "F_ZONE_NM": "은평구 수색동 76-31", "F_SHIM": 0.5, "F_AREA": 155.25349575000001, "F_AVR_HGT": 13.85300636, "반복침수연도수": 2, "반복침수여부": true, "침수이력점수": 2, "기본위험등급": "위험" }, "geometry": { "type": "Polygon", "coordinates": [ [ [ 126.898721872088856, 37.580484559084603 ], [ 126.898760960292378, 37.580462248662521 ], [ 126.898818053204479, 37.580436800441106 ], [ 126.898898620233112, 37.580382459959011 ], [ 126.898910628787149, 37.580376424781029 ], [ 126.898912220650445, 37.580371380642987 ], [ 126.898928373231811, 37.580315443449983 ], [ 126.898898689491475, 37.580331995793081 ], [ 126.898855862252844, 37.580356645573382 ], [ 126.898871966635809, 37.580335846800473 ], [ 126.898858394435422, 37.58032637464563 ], [ 126.898862248643425, 37.580322683954563 ], [ 126.898852745445595, 37.580317990563152 ], [ 126.898711118133392, 37.580401478811574 ], [ 126.898719933401978, 37.580412478517282 ], [ 126.898746043803513, 37.580442413985921 ], [ 126.898709892626798, 37.580469412088078 ], [ 126.898721872088856, 37.580484559084603 ] ] ] } },
{ "type": "Feature", "properties": { "ADM_CD": "1138010400", "SGG_CD": "11380", "GU_NM": "은평구", "F_YR": 2025, "F_ZONE_NM": "서울특별시 은평구 갈현동 329-9 지하 2호", "F_SHIM": 0.1, "F_AREA": 190.27451514000001, "F_AVR_HGT": 35.772359466552736, "반복침수연도수": 1, "반복침수여부": false, "침수이력점수": 1, "기본위험등급": "주의" }, "geometry": { "type": "Polygon", "coordinates": [ [ [ 126.90814573921827, 37.616356119039857 ], [ 126.908124475557273, 37.616241497488794 ], [ 126.908103071976029, 37.616238777606547 ], [ 126.908096817751797, 37.616258504129789 ], [ 126.907931018463842, 37.616242605602714 ], [ 126.90793241253688, 37.616305134758136 ], [ 126.907937475338301, 37.6163323483852 ], [ 126.907979024783998, 37.616347247504471 ], [ 126.908039288610027, 37.616341619078298 ], [ 126.90814573921827, 37.616356119039857 ] ] ] } },
{ "type": "Feature", "properties": { "ADM_CD": "1138010300", "SGG_CD": "11380", "GU_NM": "은평구", "F_YR": 2025, "F_ZONE_NM": "서울특별시 은평구 불광동 353-12 지층 우측", "F_SHIM": 0.1, "F_AREA": 126.63360857000001, "F_AVR_HGT": 33.619119262695314, "반복침수연도수": 1, "반복침수여부": false, "침수이력점수": 1, "기본위험등급": "주의" }, "geometry": { "type": "Polygon", "coordinates": [ [ [ 126.926096406628872, 37.6210439631258 ], [ 126.926128308948009, 37.620994150311496 ], [ 126.9261684448132, 37.620934359887933 ], [ 126.926058277697877, 37.62088869990697 ], [ 126.926039673398648, 37.620916167897235 ], [ 126.926009267523384, 37.620964711264065 ], [ 126.926096406628872, 37.6210439631258 ] ] ] } },
{ "type": "Feature", "properties": { "ADM_CD": "1138010700", "SGG_CD": "11380", "GU_NM": "은평구", "F_YR": 2025, "F_ZONE_NM": "서울특별시 은평구 응암동 594-42 지층안쪽", "F_SHIM": 0.1, "F_AREA": 128.54941309, "F_AVR_HGT": 18.463637924194337, "반복침수연도수": 1, "반복침수여부": false, "침수이력점수": 1, "기본위험등급": "주의" }, "geometry": { "type": "Polygon", "coordinates": [ [ [ 126.915550890675789, 37.58641712905505 ], [ 126.915657493352398, 37.586361976248675 ], [ 126.915597927443372, 37.586274447244847 ], [ 126.915561454156432, 37.586289016652266 ], [ 126.915515124997626, 37.586308624385339 ], [ 126.915488618374212, 37.586320227779858 ], [ 126.915525347501514, 37.586378548284102 ], [ 126.915550890675789, 37.58641712905505 ] ] ] } },
{ "type": "Feature", "properties": { "ADM_CD": "1138010300", "SGG_CD": "11380", "GU_NM": "은평구", "F_YR": 2025, "F_ZONE_NM": "서울특별시 은평구 불광동 310-86 연서시장, 1층 신흥상회", "F_SHIM": 0.1, "F_AREA": 29.55141991, "F_AVR_HGT": 27.666200256347658, "반복침수연도수": 1, "반복침수여부": false, "침수이력점수": 1, "기본위험등급": "주의" }, "geometry": { "type": "Polygon", "coordinates": [ [ [ 126.921465081502689, 37.619221229850076 ], [ 126.921439101882967, 37.619259476851532 ], [ 126.921499000987694, 37.619278347968759 ], [ 126.921506723481102, 37.61928064169463 ], [ 126.921527820390622, 37.619243130172585 ], [ 126.921528376460529, 37.619242148481106 ], [ 126.921499050135665, 37.619232488111251 ], [ 126.921465081502689, 37.619221229850076 ] ] ] } },
{ "type": "Feature", "properties": { "ADM_CD": "1138011400", "SGG_CD": "11380", "GU_NM": "은평구", "F_YR": 2025, "F_ZONE_NM": "서울특별시 은평구 진관동 290-22", "F_SHIM": 0.1, "F_AREA": 5169.3798358399999, "F_AVR_HGT": 54.459081268310548, "반복침수연도수": 1, "반복침수여부": false, "침수이력점수": 1, "기본위험등급": "주의" }, "geometry": { "type": "Polygon", "coordinates": [ [ [ 126.943077114233105, 37.652823414766189 ], [ 126.943187941738373, 37.652822748837316 ], [ 126.94331951375915, 37.652813173386519 ], [ 126.943392060237457, 37.65278536902288 ], [ 126.943444464559903, 37.652720524622616 ], [ 126.943548818952394, 37.652591736501925 ], [ 126.943550194756014, 37.652571194944379 ], [ 126.943604652395194, 37.652488512170976 ], [ 126.943612857430423, 37.652429232032013 ], [ 126.943706773256494, 37.652316566096829 ], [ 126.943813819167104, 37.652222826987398 ], [ 126.943812768800171, 37.652115790617081 ], [ 126.943903475539727, 37.652049027638007 ], [ 126.943954950199895, 37.652012878610165 ], [ 126.943977059869638, 37.651996671842014 ], [ 126.944124762696134, 37.651948415480668 ], [ 126.944123709055589, 37.651830333149448 ], [ 126.943986882501335, 37.651896578281494 ], [ 126.943898405109422, 37.651938268273994 ], [ 126.943888712828965, 37.65194284049393 ], [ 126.94370332655447, 37.652085013776642 ], [ 126.943652488326592, 37.652176978421615 ], [ 126.943586789978085, 37.652288486908702 ], [ 126.943522680846513, 37.652396212042532 ], [ 126.943501422841351, 37.652482695207183 ], [ 126.943447745069065, 37.652582406747349 ], [ 126.943351672840549, 37.652698405015776 ], [ 126.943264613680924, 37.652736203013468 ], [ 126.943155236368824, 37.652737419326733 ], [ 126.943086019975922, 37.652738186930783 ], [ 126.942869916185586, 37.652741683593284 ], [ 126.942735053199272, 37.652757293436345 ], [ 126.942582832416733, 37.652797941563215 ], [ 126.942490889508591, 37.652848980883363 ], [ 126.942421052747022, 37.652888859116317 ], [ 126.94240673893556, 37.652890725973094 ], [ 126.942206628872128, 37.652916771830391 ], [ 126.942081325470966, 37.652880759858064 ], [ 126.941807438063051, 37.652744267972153 ], [ 126.941707065413624, 37.652694249044572 ], [ 126.941585652861804, 37.652611748199931 ], [ 126.941463946172703, 37.652613398158664 ], [ 126.940998446845995, 37.652730827622605 ], [ 126.940661707148251, 37.652812102540743 ], [ 126.940179548818392, 37.652927628125887 ], [ 126.940010880529343, 37.652985653198392 ], [ 126.939730423359933, 37.652972983085199 ], [ 126.939473570092332, 37.652920411525614 ], [ 126.939282515452277, 37.652916616889947 ], [ 126.939115038803209, 37.652904004863565 ], [ 126.938940535459224, 37.652892470042417 ], [ 126.938748038775742, 37.652851823894935 ], [ 126.938543480323887, 37.652870455156311 ], [ 126.938521521098281, 37.652881255133003 ], [ 126.938579250499217, 37.652956913795506 ], [ 126.938605291803199, 37.652943106728436 ], [ 126.938731313068473, 37.652932181972176 ], [ 126.93874580302959, 37.652950028989899 ], [ 126.938883018159572, 37.652968662010053 ], [ 126.938994521603391, 37.652973045839971 ], [ 126.939139210094822, 37.652998710128351 ], [ 126.93927948175191, 37.653021308593758 ], [ 126.939472003601722, 37.653032582099179 ], [ 126.93952753653609, 37.653025403493238 ], [ 126.939847175458837, 37.653057321386363 ], [ 126.939948373543544, 37.653067429128356 ], [ 126.94021699253291, 37.653007023493984 ], [ 126.940288321436029, 37.652987004832319 ], [ 126.940525861263097, 37.652920329591275 ], [ 126.940681575749053, 37.652891029198059 ], [ 126.940763643435943, 37.652875583729809 ], [ 126.940862670002076, 37.652852479627192 ], [ 126.940970967852067, 37.652827199840338 ], [ 126.94105316309269, 37.652808015189215 ], [ 126.94115580507065, 37.652784065776601 ], [ 126.941154684085916, 37.652782975023108 ], [ 126.941163400028088, 37.65278095228863 ], [ 126.94115646398258, 37.652768019746887 ], [ 126.941264719379063, 37.652724882341253 ], [ 126.941306572006823, 37.652720425863919 ], [ 126.941474562010185, 37.652714673167765 ], [ 126.94167978209704, 37.652759754119927 ], [ 126.941744391352103, 37.652766949626731 ], [ 126.941742916899187, 37.652867524731661 ], [ 126.941752480172283, 37.652868700844664 ], [ 126.941893750506608, 37.652918506156482 ], [ 126.94208078257023, 37.652993201276736 ], [ 126.942190900317243, 37.652987634622519 ], [ 126.942268557918169, 37.652974357239621 ], [ 126.942344508860685, 37.652955402806377 ], [ 126.942417845082446, 37.652932644899408 ], [ 126.942433090361206, 37.652927958455756 ], [ 126.94247703329134, 37.65290266305616 ], [ 126.942488517317386, 37.652896731377183 ], [ 126.94250068051339, 37.65289174606071 ], [ 126.942809633432859, 37.652780503655819 ], [ 126.942820605233123, 37.652777418770874 ], [ 126.942832074434691, 37.652775865790062 ], [ 126.942843712368003, 37.652775898608269 ], [ 126.942855179081121, 37.652777508046668 ], [ 126.943077114233105, 37.652823414766189 ] ] ] } },
{ "type": "Feature", "properties": { "ADM_CD": "1138010700", "SGG_CD": "11380", "GU_NM": "은평구", "F_YR": 2025, "F_ZONE_NM": "서울특별시 은평구 응암동 584-18 102호 다온헤어", "F_SHIM": 0.1, "F_AREA": 119.8779968, "F_AVR_HGT": 14.337142562866211, "반복침수연도수": 1, "반복침수여부": false, "침수이력점수": 1, "기본위험등급": "주의" }, "geometry": { "type": "Polygon", "coordinates": [ [ [ 126.916122910312353, 37.591440174145816 ], [ 126.916090488782913, 37.591374919413795 ], [ 126.916067886914945, 37.591336881511175 ], [ 126.916043419660085, 37.591345873640869 ], [ 126.915961633310374, 37.59137788943525 ], [ 126.916036252460387, 37.591474529026456 ], [ 126.916122910312353, 37.591440174145816 ] ] ] } },
{ "type": "Feature", "properties": { "ADM_CD": "1138010300", "SGG_CD": "11380", "GU_NM": "은평구", "F_YR": 2025, "F_ZONE_NM": "서울특별시 은평구 불광동 391-68 103호", "F_SHIM": 0.1, "F_AREA": 680.64951822, "F_AVR_HGT": 56.326116180419923, "반복침수연도수": 1, "반복침수여부": false, "침수이력점수": 1, "기본위험등급": "주의" }, "geometry": { "type": "Polygon", "coordinates": [ [ [ 126.920388857532203, 37.624213004071443 ], [ 126.920345739485811, 37.624290512706033 ], [ 126.920344213364544, 37.624318901516794 ], [ 126.920333785677755, 37.624501703058115 ], [ 126.920423675251442, 37.62444563385251 ], [ 126.920465967344455, 37.624419408370315 ], [ 126.920639726735047, 37.624311175811705 ], [ 126.920610789885984, 37.624285333905569 ], [ 126.920723542113691, 37.624215188824699 ], [ 126.920701918582026, 37.624224760438302 ], [ 126.920644680084052, 37.624130505806527 ], [ 126.920388857532203, 37.624213004071443 ] ] ] } },
{ "type": "Feature", "properties": { "ADM_CD": "1138010300", "SGG_CD": "11380", "GU_NM": "은평구", "F_YR": 2025, "F_ZONE_NM": "서울특별시 은평구 불광동 308-19 1층", "F_SHIM": 0.1, "F_AREA": 774.89283391000004, "F_AVR_HGT": 27.925691223144533, "반복침수연도수": 1, "반복침수여부": false, "침수이력점수": 1, "기본위험등급": "주의" }, "geometry": { "type": "Polygon", "coordinates": [ [ [ 126.921871886203377, 37.618744228861438 ], [ 126.922255629295449, 37.618860173096586 ], [ 126.922272306041791, 37.618835407340022 ], [ 126.922337292826157, 37.618863020957797 ], [ 126.922329688078818, 37.618877882028904 ], [ 126.922422406027039, 37.618924074397867 ], [ 126.922632587100793, 37.618645361697183 ], [ 126.922606802931398, 37.61860660230645 ], [ 126.922432693996541, 37.618835514935661 ], [ 126.921993571804094, 37.61860456888725 ], [ 126.921871886203377, 37.618744228861438 ] ] ] } },
{ "type": "Feature", "properties": { "ADM_CD": "1138010500", "SGG_CD": "11380", "GU_NM": "은평구", "F_YR": 2025, "F_ZONE_NM": "서울특별시 은평구 구산동 339-1 비동 지층 나호", "F_SHIM": 0.1, "F_AREA": 397.86888763000002, "F_AVR_HGT": 33.775628662109376, "반복침수연도수": 1, "반복침수여부": false, "침수이력점수": 1, "기본위험등급": "주의" }, "geometry": { "type": "Polygon", "coordinates": [ [ [ 126.908704334424925, 37.615101223366274 ], [ 126.908825904051355, 37.614978785533587 ], [ 126.90896016713836, 37.614849510075139 ], [ 126.908946022983756, 37.614838507015577 ], [ 126.908873154875224, 37.614779795985314 ], [ 126.908788324821231, 37.614868295770286 ], [ 126.908698625066563, 37.61495616097632 ], [ 126.908596344438749, 37.615050863661054 ], [ 126.908600787114523, 37.61505773263228 ], [ 126.908667118600107, 37.615090256185212 ], [ 126.908704334424925, 37.615101223366274 ] ] ] } },
{ "type": "Feature", "properties": { "ADM_CD": "1138010300", "SGG_CD": "11380", "GU_NM": "은평구", "F_YR": 2025, "F_ZONE_NM": "서울특별시 은평구 불광동 356-25", "F_SHIM": 0.1, "F_AREA": 165.08114752, "F_AVR_HGT": 30.628530120849611, "반복침수연도수": 1, "반복침수여부": false, "침수이력점수": 1, "기본위험등급": "주의" }, "geometry": { "type": "Polygon", "coordinates": [ [ [ 126.925333410198263, 37.621263852686127 ], [ 126.925446857080232, 37.621314651040571 ], [ 126.925512993956374, 37.621217207632696 ], [ 126.925524678024871, 37.62120045693154 ], [ 126.925416782777646, 37.621148490957438 ], [ 126.925388084025698, 37.621188656149904 ], [ 126.925367554425279, 37.621215492104625 ], [ 126.925333410198263, 37.621263852686127 ] ] ] } },
{ "type": "Feature", "properties": { "ADM_CD": "1138010700", "SGG_CD": "11380", "GU_NM": "은평구", "F_YR": 2025, "F_ZONE_NM": "서울특별시 은평구 응암동 376-31 지층 좌측", "F_SHIM": 0.1, "F_AREA": 174.47332367000001, "F_AVR_HGT": 15.874965286254882, "반복침수연도수": 1, "반복침수여부": false, "침수이력점수": 1, "기본위험등급": "주의" }, "geometry": { "type": "Polygon", "coordinates": [ [ [ 126.91793535798287, 37.591417775548337 ], [ 126.917913761152803, 37.591290180856554 ], [ 126.917822378137174, 37.591298315055546 ], [ 126.917810170435757, 37.59129998223014 ], [ 126.917810823577824, 37.591303172178264 ], [ 126.917812963178136, 37.591313625115177 ], [ 126.917774459270944, 37.591319724498966 ], [ 126.917777050460799, 37.591331349036658 ], [ 126.917802805389726, 37.591436142785589 ], [ 126.917814412941013, 37.591434538255143 ], [ 126.91793535798287, 37.591417775548337 ] ] ] } },
{ "type": "Feature", "properties": { "ADM_CD": "1138010700", "SGG_CD": "11380", "GU_NM": "은평구", "F_YR": 2025, "F_ZONE_NM": "서울특별시 은평구 응암동 376-18 B02호", "F_SHIM": 0.1, "F_AREA": 186.80210468000001, "F_AVR_HGT": 15.874965286254882, "반복침수연도수": 1, "반복침수여부": false, "침수이력점수": 1, "기본위험등급": "주의" }, "geometry": { "type": "Polygon", "coordinates": [ [ [ 126.917833659525243, 37.591557662413031 ], [ 126.917842809313115, 37.591556731875663 ], [ 126.917923662636738, 37.59154850010637 ], [ 126.917922199856605, 37.591540300112257 ], [ 126.917980973097343, 37.591532773451945 ], [ 126.917960157160238, 37.591415540644732 ], [ 126.91793535798287, 37.591417775548337 ], [ 126.917814412941013, 37.591434538255143 ], [ 126.917802805389726, 37.591436142785589 ], [ 126.917805904988484, 37.591448767775695 ], [ 126.917833659525243, 37.591557662413031 ] ] ] } },
{ "type": "Feature", "properties": { "ADM_CD": "1138010300", "SGG_CD": "11380", "GU_NM": "은평구", "F_YR": 2025, "F_ZONE_NM": "서울특별시 은평구 불광동 310-99 연서상가 스파니엘", "F_SHIM": 0.1, "F_AREA": 12.54910298, "F_AVR_HGT": 27.666200256347658, "반복침수연도수": 1, "반복침수여부": false, "침수이력점수": 1, "기본위험등급": "주의" }, "geometry": { "type": "Polygon", "coordinates": [ [ [ 126.921547205084124, 37.619165028328844 ], [ 126.921570744884832, 37.619173252208299 ], [ 126.921591802301947, 37.619140831185398 ], [ 126.921559261269081, 37.61912921352598 ], [ 126.921539222613944, 37.619162238890297 ], [ 126.921547205084124, 37.619165028328844 ] ] ] } },
{ "type": "Feature", "properties": { "ADM_CD": "1138010700", "SGG_CD": "11380", "GU_NM": "은평구", "F_YR": 2025, "F_ZONE_NM": "서울특별시 은평구 응암동 71-9 지층 101호", "F_SHIM": 0.1, "F_AREA": 221.71322127, "F_AVR_HGT": 38.023492431640634, "반복침수연도수": 1, "반복침수여부": false, "침수이력점수": 1, "기본위험등급": "주의" }, "geometry": { "type": "Polygon", "coordinates": [ [ [ 126.929606971404894, 37.599916379916714 ], [ 126.929792926624842, 37.599876552480794 ], [ 126.929757993286358, 37.599781081085879 ], [ 126.929520306028593, 37.59982548995653 ], [ 126.929543267313633, 37.599841090970095 ], [ 126.929553641356549, 37.599875019313359 ], [ 126.929606971404894, 37.599916379916714 ] ] ] } },
{ "type": "Feature", "properties": { "ADM_CD": "1138010300", "SGG_CD": "11380", "GU_NM": "은평구", "F_YR": 2025, "F_ZONE_NM": "서울특별시 은평구 불광동 433-2 B01호", "F_SHIM": 0.1, "F_AREA": 250.83389428000001, "F_AVR_HGT": 33.901582336425783, "반복침수연도수": 2, "반복침수여부": true, "침수이력점수": 1, "기본위험등급": "주의" }, "geometry": { "type": "Polygon", "coordinates": [ [ [ 126.926386867964524, 37.622812591545667 ], [ 126.926397181734757, 37.622806831842048 ], [ 126.926507661085367, 37.622770232248989 ], [ 126.926516614191101, 37.62276582313946 ], [ 126.926554015067012, 37.622745574862492 ], [ 126.926582920444901, 37.622725231081105 ], [ 126.926472621764049, 37.622694888070477 ], [ 126.926325068319272, 37.622652267899916 ], [ 126.92631496731795, 37.622671722624091 ], [ 126.926269911658522, 37.622756836480598 ], [ 126.926398441623419, 37.62279304765535 ], [ 126.926386867964524, 37.622812591545667 ] ] ] } },
{ "type": "Feature", "properties": { "ADM_CD": "1138010300", "SGG_CD": "11380", "GU_NM": "은평구", "F_YR": 2025, "F_ZONE_NM": "서울특별시 은평구 불광동 360-1 지하", "F_SHIM": 0.1, "F_AREA": 208.89244734, "F_AVR_HGT": 31.865071868896489, "반복침수연도수": 1, "반복침수여부": false, "침수이력점수": 1, "기본위험등급": "주의" }, "geometry": { "type": "Polygon", "coordinates": [ [ [ 126.925489905513373, 37.621865898248245 ], [ 126.925592461156299, 37.621934438742279 ], [ 126.925698968559942, 37.621792693002163 ], [ 126.925682214065844, 37.621782951654161 ], [ 126.925578503368484, 37.621736484498662 ], [ 126.925489905513373, 37.621865898248245 ] ] ] } },
{ "type": "Feature", "properties": { "ADM_CD": "1138010300", "SGG_CD": "11380", "GU_NM": "은평구", "F_YR": 2025, "F_ZONE_NM": "서울특별시 은평구 불광동 360-2 지하 B02호", "F_SHIM": 0.1, "F_AREA": 219.09398967000001, "F_AVR_HGT": 31.865071868896489, "반복침수연도수": 1, "반복침수여부": false, "침수이력점수": 1, "기본위험등급": "주의" }, "geometry": { "type": "Polygon", "coordinates": [ [ [ 126.925592461156299, 37.621934438742279 ], [ 126.925619530939755, 37.621936888801571 ], [ 126.925687468501778, 37.621962790597976 ], [ 126.925727789786393, 37.621966690714835 ], [ 126.925802836421155, 37.621907724714752 ], [ 126.925828471925428, 37.621872422752503 ], [ 126.925757158334989, 37.621824715158283 ], [ 126.925698968559942, 37.621792693002163 ], [ 126.925592461156299, 37.621934438742279 ] ] ] } },
{ "type": "Feature", "properties": { "ADM_CD": "1138010300", "SGG_CD": "11380", "GU_NM": "은평구", "F_YR": 2025, "F_ZONE_NM": "서울특별시 은평구 불광동 422-17 지층", "F_SHIM": 0.1, "F_AREA": 156.25001875000001, "F_AVR_HGT": 33.901582336425783, "반복침수연도수": 1, "반복침수여부": false, "침수이력점수": 1, "기본위험등급": "주의" }, "geometry": { "type": "Polygon", "coordinates": [ [ [ 126.926010848954817, 37.622201036814964 ], [ 126.926161898477545, 37.622145633017162 ], [ 126.926132721621798, 37.622098403042216 ], [ 126.92599297428292, 37.622066779392405 ], [ 126.92596301780938, 37.622118476454332 ], [ 126.926010848954817, 37.622201036814964 ] ] ] } },
{ "type": "Feature", "properties": { "ADM_CD": "1138010300", "SGG_CD": "11380", "GU_NM": "은평구", "F_YR": 2025, "F_ZONE_NM": "서울특별시 은평구 불광동 421-15 지하 101호", "F_SHIM": 0.1, "F_AREA": 206.37929234000001, "F_AVR_HGT": 33.901582336425783, "반복침수연도수": 1, "반복침수여부": false, "침수이력점수": 1, "기본위험등급": "주의" }, "geometry": { "type": "Polygon", "coordinates": [ [ [ 126.925845514904097, 37.622379865482173 ], [ 126.925871330995335, 37.6223900631052 ], [ 126.925895268440712, 37.622353859063139 ], [ 126.925907522346279, 37.622333775067546 ], [ 126.925940885178235, 37.622274151581685 ], [ 126.925877815632745, 37.622250595600143 ], [ 126.925847807921201, 37.622240935878359 ], [ 126.92579187210292, 37.622219907168351 ], [ 126.925752388380758, 37.622283490993631 ], [ 126.925721755396083, 37.622331853932927 ], [ 126.925845514904097, 37.622379865482173 ] ] ] } },
{ "type": "Feature", "properties": { "ADM_CD": "1138010300", "SGG_CD": "11380", "GU_NM": "은평구", "F_YR": 2025, "F_ZONE_NM": "서울특별시 은평구 불광동 412-1 지층", "F_SHIM": 0.1, "F_AREA": 75.48331921, "F_AVR_HGT": 31.55444679260254, "반복침수연도수": 1, "반복침수여부": false, "침수이력점수": 1, "기본위험등급": "주의" }, "geometry": { "type": "Polygon", "coordinates": [ [ [ 126.924943973543122, 37.62204393924894 ], [ 126.924957014282782, 37.622029982524083 ], [ 126.925039390929456, 37.622003637233746 ], [ 126.925019596286674, 37.621976144520097 ], [ 126.924960044015606, 37.621947454742482 ], [ 126.924950881834178, 37.621934835081028 ], [ 126.924928461998689, 37.621926801811782 ], [ 126.92490657164349, 37.621954717975299 ], [ 126.924943973543122, 37.62204393924894 ] ] ] } },
{ "type": "Feature", "properties": { "ADM_CD": "1138010300", "SGG_CD": "11380", "GU_NM": "은평구", "F_YR": 2025, "F_ZONE_NM": "서울특별시 은평구 불광동 361-5 반지하", "F_SHIM": 0.1, "F_AREA": 110.91221349, "F_AVR_HGT": 31.55444679260254, "반복침수연도수": 1, "반복침수여부": false, "침수이력점수": 1, "기본위험등급": "주의" }, "geometry": { "type": "Polygon", "coordinates": [ [ [ 126.925347330554047, 37.621830848287885 ], [ 126.925291182621066, 37.621796124309377 ], [ 126.925233269765585, 37.621759362948659 ], [ 126.925218259651515, 37.621771876863718 ], [ 126.925226979391638, 37.621774098911729 ], [ 126.925169735168268, 37.621814605980269 ], [ 126.925255630577951, 37.621891695295226 ], [ 126.925347330554047, 37.621830848287885 ] ] ] } },
{ "type": "Feature", "properties": { "ADM_CD": "1138010300", "SGG_CD": "11380", "GU_NM": "은평구", "F_YR": 2025, "F_ZONE_NM": "서울특별시 은평구 불광동 422-2 1층", "F_SHIM": 0.1, "F_AREA": 157.84144158000001, "F_AVR_HGT": 31.865071868896489, "반복침수연도수": 1, "반복침수여부": false, "침수이력점수": 1, "기본위험등급": "주의" }, "geometry": { "type": "Polygon", "coordinates": [ [ [ 126.925957655881433, 37.621820338811247 ], [ 126.926072470046961, 37.621864470184995 ], [ 126.926088957978024, 37.621801772530937 ], [ 126.926114247668465, 37.621772236555657 ], [ 126.926144883079516, 37.621720990375728 ], [ 126.926052255048759, 37.621692189918889 ], [ 126.926031274734655, 37.62171677324902 ], [ 126.926019809590912, 37.62174109236944 ], [ 126.925997352240387, 37.6217700895494 ], [ 126.925957655881433, 37.621820338811247 ] ] ] } },
{ "type": "Feature", "properties": { "ADM_CD": "1138010300", "SGG_CD": "11380", "GU_NM": "은평구", "F_YR": 2025, "F_ZONE_NM": "서울특별시 은평구 불광동 359-27 지층 우측", "F_SHIM": 0.1, "F_AREA": 126.73839258, "F_AVR_HGT": 31.55444679260254, "반복침수연도수": 1, "반복침수여부": false, "침수이력점수": 1, "기본위험등급": "주의" }, "geometry": { "type": "Polygon", "coordinates": [ [ [ 126.925045952778248, 37.621569098926258 ], [ 126.925122142876788, 37.621499772827825 ], [ 126.925096330146985, 37.621486691906206 ], [ 126.924984243064429, 37.621435353510243 ], [ 126.924925850440573, 37.621491266473548 ], [ 126.925045952778248, 37.621569098926258 ] ] ] } },
{ "type": "Feature", "properties": { "ADM_CD": "1138010300", "SGG_CD": "11380", "GU_NM": "은평구", "F_YR": 2025, "F_ZONE_NM": "서울특별시 은평구 불광동 361-6 지하층", "F_SHIM": 0.1, "F_AREA": 177.41385827, "F_AVR_HGT": 31.55444679260254, "반복침수연도수": 1, "반복침수여부": false, "침수이력점수": 1, "기본위험등급": "주의" }, "geometry": { "type": "Polygon", "coordinates": [ [ [ 126.925035600354079, 37.621833800087565 ], [ 126.925054837182088, 37.621852913325625 ], [ 126.925081542654794, 37.621879239236819 ], [ 126.925148310008964, 37.621830809752815 ], [ 126.925169735168268, 37.621814605980269 ], [ 126.925226979391638, 37.621774098911729 ], [ 126.925218259651515, 37.621771876863718 ], [ 126.925233269765585, 37.621759362948659 ], [ 126.92515919210976, 37.621712337950164 ], [ 126.925129137139805, 37.621749168572769 ], [ 126.925092680466719, 37.621732386742913 ], [ 126.925048124047407, 37.621771640597522 ], [ 126.92503837105042, 37.621782896524515 ], [ 126.925012403048271, 37.621810719967591 ], [ 126.925035600354079, 37.621833800087565 ] ] ] } },
{ "type": "Feature", "properties": { "ADM_CD": "1138010300", "SGG_CD": "11380", "GU_NM": "은평구", "F_YR": 2025, "F_ZONE_NM": "서울특별시 은평구 불광동 359-26 지층우측", "F_SHIM": 0.1, "F_AREA": 146.3559651, "F_AVR_HGT": 31.55444679260254, "반복침수연도수": 1, "반복침수여부": false, "침수이력점수": 1, "기본위험등급": "주의" }, "geometry": { "type": "Polygon", "coordinates": [ [ [ 126.925169562302401, 37.621651348326139 ], [ 126.925236119696748, 37.62158643072361 ], [ 126.925198985654447, 37.621567486136684 ], [ 126.925216905542314, 37.621545153424812 ], [ 126.925122142876788, 37.621499772827825 ], [ 126.925045952778248, 37.621569098926258 ], [ 126.925169562302401, 37.621651348326139 ] ] ] } },
{ "type": "Feature", "properties": { "ADM_CD": "1138010300", "SGG_CD": "11380", "GU_NM": "은평구", "F_YR": 2025, "F_ZONE_NM": "서울특별시 은평구 불광동 359-20 지하 BO2호 (좌측)", "F_SHIM": 0.1, "F_AREA": 129.77863381, "F_AVR_HGT": 31.55444679260254, "반복침수연도수": 1, "반복침수여부": false, "침수이력점수": 1, "기본위험등급": "주의" }, "geometry": { "type": "Polygon", "coordinates": [ [ [ 126.925122142876788, 37.621499772827825 ], [ 126.925216905542314, 37.621545153424812 ], [ 126.925276233611982, 37.621460409567 ], [ 126.925157918683198, 37.621406904960175 ], [ 126.925096330146985, 37.621486691906206 ], [ 126.925122142876788, 37.621499772827825 ] ] ] } },
{ "type": "Feature", "properties": { "ADM_CD": "1138010300", "SGG_CD": "11380", "GU_NM": "은평구", "F_YR": 2025, "F_ZONE_NM": "서울특별시 은평구 불광동 359-25 지하층", "F_SHIM": 0.1, "F_AREA": 128.33970386, "F_AVR_HGT": 31.55444679260254, "반복침수연도수": 1, "반복침수여부": false, "침수이력점수": 1, "기본위험등급": "주의" }, "geometry": { "type": "Polygon", "coordinates": [ [ [ 126.925169562302401, 37.621651348326139 ], [ 126.92528332187905, 37.621729176431487 ], [ 126.925349674667629, 37.621642725215722 ], [ 126.925321597960149, 37.621628111216552 ], [ 126.925236119696748, 37.62158643072361 ], [ 126.925169562302401, 37.621651348326139 ] ] ] } },
{ "type": "Feature", "properties": { "ADM_CD": "1138010300", "SGG_CD": "11380", "GU_NM": "은평구", "F_YR": 2025, "F_ZONE_NM": "서울특별시 은평구 불광동 360-4 지하 101호", "F_SHIM": 0.1, "F_AREA": 143.56741455, "F_AVR_HGT": 31.55444679260254, "반복침수연도수": 1, "반복침수여부": false, "침수이력점수": 1, "기본위험등급": "주의" }, "geometry": { "type": "Polygon", "coordinates": [ [ [ 126.92528332187905, 37.621729176431487 ], [ 126.925382481624013, 37.621795102074053 ], [ 126.925466523161248, 37.621690732706348 ], [ 126.925445464359527, 37.621680988550494 ], [ 126.925349674667629, 37.621642725215722 ], [ 126.92528332187905, 37.621729176431487 ] ] ] } },
{ "type": "Feature", "properties": { "ADM_CD": "1138010300", "SGG_CD": "11380", "GU_NM": "은평구", "F_YR": 2025, "F_ZONE_NM": "서울특별시 은평구 불광동 359-16 지층 뒤쪽", "F_SHIM": 0.1, "F_AREA": 157.92585267000001, "F_AVR_HGT": 31.55444679260254, "반복침수연도수": 1, "반복침수여부": false, "침수이력점수": 1, "기본위험등급": "주의" }, "geometry": { "type": "Polygon", "coordinates": [ [ [ 126.925349674667629, 37.621642725215722 ], [ 126.925445464359527, 37.621680988550494 ], [ 126.925517373599732, 37.621588324060596 ], [ 126.92539815946455, 37.621527611277756 ], [ 126.925321597960149, 37.621628111216552 ], [ 126.925349674667629, 37.621642725215722 ] ] ] } },
{ "type": "Feature", "properties": { "ADM_CD": "1138010300", "SGG_CD": "11380", "GU_NM": "은평구", "F_YR": 2025, "F_ZONE_NM": "서울특별시 은평구 불광동 356-21 지층 우호", "F_SHIM": 0.1, "F_AREA": 193.77127694000001, "F_AVR_HGT": 31.55444679260254, "반복침수연도수": 1, "반복침수여부": false, "침수이력점수": 1, "기본위험등급": "주의" }, "geometry": { "type": "Polygon", "coordinates": [ [ [ 126.925411770891415, 37.621509240068171 ], [ 126.925467926466041, 37.621536305667185 ], [ 126.925520443781821, 37.621465432386643 ], [ 126.925565022226493, 37.621404104358952 ], [ 126.925449534393323, 37.621355106762927 ], [ 126.92535448088762, 37.62148388557187 ], [ 126.925411770891415, 37.621509240068171 ] ] ] } },
{ "type": "Feature", "properties": { "ADM_CD": "1138010300", "SGG_CD": "11380", "GU_NM": "은평구", "F_YR": 2025, "F_ZONE_NM": "서울특별시 은평구 불광동 360-3 지층 102", "F_SHIM": 0.1, "F_AREA": 175.88020521000001, "F_AVR_HGT": 31.55444679260254, "반복침수연도수": 1, "반복침수여부": false, "침수이력점수": 1, "기본위험등급": "주의" }, "geometry": { "type": "Polygon", "coordinates": [ [ [ 126.925382481624013, 37.621795102074053 ], [ 126.925489905513373, 37.621865898248245 ], [ 126.925578503368484, 37.621736484498662 ], [ 126.925570805771471, 37.621731614253783 ], [ 126.925466523161248, 37.621690732706348 ], [ 126.925382481624013, 37.621795102074053 ] ] ] } },
{ "type": "Feature", "properties": { "ADM_CD": "1138010300", "SGG_CD": "11380", "GU_NM": "은평구", "F_YR": 2025, "F_ZONE_NM": "서울특별시 은평구 불광동 356-17 지하 우측", "F_SHIM": 0.1, "F_AREA": 110.51443943, "F_AVR_HGT": 31.865071868896489, "반복침수연도수": 1, "반복침수여부": false, "침수이력점수": 1, "기본위험등급": "주의" }, "geometry": { "type": "Polygon", "coordinates": [ [ [ 126.925520443781821, 37.621465432386643 ], [ 126.925633893295199, 37.621514068209777 ], [ 126.925688679910195, 37.621439232001947 ], [ 126.92557591175752, 37.621388974905599 ], [ 126.925565022226493, 37.621404104358952 ], [ 126.925520443781821, 37.621465432386643 ] ] ] } },
{ "type": "Feature", "properties": { "ADM_CD": "1138010700", "SGG_CD": "11380", "GU_NM": "은평구", "F_YR": 2025, "F_ZONE_NM": "서울특별시 은평구 응암동 592-47 203호", "F_SHIM": 0.1, "F_AREA": 391.45900924, "F_AVR_HGT": 14.32761821746826, "반복침수연도수": 1, "반복침수여부": false, "침수이력점수": 1, "기본위험등급": "주의" }, "geometry": { "type": "Polygon", "coordinates": [ [ [ 126.914307646786739, 37.588246568216306 ], [ 126.914341364228434, 37.588266054395781 ], [ 126.914350411164264, 37.588275341221156 ], [ 126.914378796062181, 37.588304373891816 ], [ 126.914402795642999, 37.588297670258569 ], [ 126.914479008693462, 37.588275436112603 ], [ 126.91448244049451, 37.588274429539915 ], [ 126.914536804711801, 37.58825928801572 ], [ 126.914510947287184, 37.588189055206016 ], [ 126.914481713046726, 37.588111548951744 ], [ 126.914451464699539, 37.588029897410557 ], [ 126.914432908531055, 37.588019432297159 ], [ 126.914308552746803, 37.588052316538089 ], [ 126.91434524176907, 37.588144964887988 ], [ 126.914374477876649, 37.588220759305599 ], [ 126.914307646786739, 37.588246568216306 ] ] ] } },
{ "type": "Feature", "properties": { "ADM_CD": "1138010300", "SGG_CD": "11380", "GU_NM": "은평구", "F_YR": 2025, "F_ZONE_NM": "서울특별시 은평구 불광동 452-2 가동 지층 나호", "F_SHIM": 0.1, "F_AREA": 185.75828221, "F_AVR_HGT": 49.149053192138673, "반복침수연도수": 1, "반복침수여부": false, "침수이력점수": 1, "기본위험등급": "주의" }, "geometry": { "type": "Polygon", "coordinates": [ [ [ 126.926918153024872, 37.626548028688141 ], [ 126.926856339653952, 37.62646516258561 ], [ 126.926817783668241, 37.626517241804699 ], [ 126.926765500235405, 37.626578475272417 ], [ 126.926734906848566, 37.626586204307635 ], [ 126.926714040319837, 37.626586524443752 ], [ 126.926701375396831, 37.626586723639498 ], [ 126.9266707266205, 37.62664968263995 ], [ 126.926701579742115, 37.626608887854289 ], [ 126.92684098116905, 37.62665537658016 ], [ 126.926881470399508, 37.626607199816959 ], [ 126.926918153024872, 37.626548028688141 ] ] ] } },
{ "type": "Feature", "properties": { "ADM_CD": "1138010300", "SGG_CD": "11380", "GU_NM": "은평구", "F_YR": 2025, "F_ZONE_NM": "서울특별시 은평구 불광동 359-29 지층", "F_SHIM": 0.1, "F_AREA": 118.76504572, "F_AVR_HGT": 31.55444679260254, "반복침수연도수": 1, "반복침수여부": false, "침수이력점수": 1, "기본위험등급": "주의" }, "geometry": { "type": "Polygon", "coordinates": [ [ [ 126.924791713798356, 37.621402522917172 ], [ 126.924904003297286, 37.621477197005802 ], [ 126.924969993297026, 37.621413360358972 ], [ 126.924854872487089, 37.621338234003048 ], [ 126.924791713798356, 37.621402522917172 ] ] ] } },
{ "type": "Feature", "properties": { "ADM_CD": "1138010400", "SGG_CD": "11380", "GU_NM": "은평구", "F_YR": 2025, "F_ZONE_NM": "서울특별시 은평구 갈현동 431-17", "F_SHIM": 0.1, "F_AREA": 263.28698043000003, "F_AVR_HGT": 27.039758300781251, "반복침수연도수": 1, "반복침수여부": false, "침수이력점수": 1, "기본위험등급": "주의" }, "geometry": { "type": "Polygon", "coordinates": [ [ [ 126.917867845414335, 37.61976190865542 ], [ 126.917566104398588, 37.619753225166576 ], [ 126.9176118957065, 37.619827048001731 ], [ 126.917637924688407, 37.619867772785163 ], [ 126.917676843835494, 37.619868142815015 ], [ 126.917677923110645, 37.619855196498371 ], [ 126.917848858620104, 37.619865462853589 ], [ 126.917867845414335, 37.61976190865542 ] ] ] } },
{ "type": "Feature", "properties": { "ADM_CD": "1138010100", "SGG_CD": "11380", "GU_NM": "은평구", "F_YR": 2025, "F_ZONE_NM": "서울특별시 은평구 수색동 377-10 지층 가호", "F_SHIM": 0.1, "F_AREA": 206.85903165, "F_AVR_HGT": 19.93943557739258, "반복침수연도수": 1, "반복침수여부": false, "침수이력점수": 1, "기본위험등급": "주의" }, "geometry": { "type": "Polygon", "coordinates": [ [ [ 126.892518244597582, 37.583233127313399 ], [ 126.892557213942922, 37.583216945549857 ], [ 126.89263334023731, 37.583185211002117 ], [ 126.89256914919099, 37.58310649574036 ], [ 126.892518295590989, 37.583042839217086 ], [ 126.89244169642555, 37.583088358333249 ], [ 126.892449948696338, 37.583096835221987 ], [ 126.892414480612644, 37.583118786493898 ], [ 126.892508410457211, 37.58322248660366 ], [ 126.892518244597582, 37.583233127313399 ] ] ] } },
{ "type": "Feature", "properties": { "ADM_CD": "1138010100", "SGG_CD": "11380", "GU_NM": "은평구", "F_YR": 2025, "F_ZONE_NM": "서울특별시 은평구 수색동 377-9 단독주택", "F_SHIM": 0.1, "F_AREA": 95.67033575000001, "F_AVR_HGT": 14.5852876663208, "반복침수연도수": 1, "반복침수여부": false, "침수이력점수": 1, "기본위험등급": "주의" }, "geometry": { "type": "Polygon", "coordinates": [ [ [ 126.892709241612351, 37.583152395015134 ], [ 126.89264901313642, 37.583073593350079 ], [ 126.892594669548004, 37.582996418857476 ], [ 126.892518295590989, 37.583042839217086 ], [ 126.89256914919099, 37.58310649574036 ], [ 126.892625907238454, 37.58308059972596 ], [ 126.892687717677418, 37.583161475127802 ], [ 126.892709241612351, 37.583152395015134 ] ] ] } },
{ "type": "Feature", "properties": { "ADM_CD": "1138010100", "SGG_CD": "11380", "GU_NM": "은평구", "F_YR": 2025, "F_ZONE_NM": "서울특별시 은평구 수색동 377-6 지층 101호", "F_SHIM": 0.1, "F_AREA": 173.00638176000001, "F_AVR_HGT": 14.5852876663208, "반복침수연도수": 1, "반복침수여부": false, "침수이력점수": 1, "기본위험등급": "주의" }, "geometry": { "type": "Polygon", "coordinates": [ [ [ 126.892709241612351, 37.583152395015134 ], [ 126.892869312454764, 37.583084247744516 ], [ 126.892800832087147, 37.582996608902505 ], [ 126.89264901313642, 37.583073593350079 ], [ 126.892709241612351, 37.583152395015134 ] ] ] } },
{ "type": "Feature", "properties": { "ADM_CD": "1138010100", "SGG_CD": "11380", "GU_NM": "은평구", "F_YR": 2025, "F_ZONE_NM": "서울특별시 은평구 수색동 377-3 1층 우측", "F_SHIM": 0.1, "F_AREA": 67.72127126, "F_AVR_HGT": 15.295406913757324, "반복침수연도수": 1, "반복침수여부": false, "침수이력점수": 1, "기본위험등급": "주의" }, "geometry": { "type": "Polygon", "coordinates": [ [ [ 126.892913877805299, 37.582800748596661 ], [ 126.89296406838649, 37.582853322220025 ], [ 126.893043067356018, 37.582792037720203 ], [ 126.89300894745827, 37.582743353140899 ], [ 126.892913877805299, 37.582800748596661 ] ] ] } },
{ "type": "Feature", "properties": { "ADM_CD": "1138010100", "SGG_CD": "11380", "GU_NM": "은평구", "F_YR": 2025, "F_ZONE_NM": "서울특별시 은평구 수색동 377-1 B01호", "F_SHIM": 0.1, "F_AREA": 134.09547406, "F_AVR_HGT": 15.295406913757324, "반복침수연도수": 1, "반복침수여부": false, "침수이력점수": 1, "기본위험등급": "주의" }, "geometry": { "type": "Polygon", "coordinates": [ [ [ 126.893008836283983, 37.582897962164296 ], [ 126.893000437410791, 37.582912460311512 ], [ 126.893055551373465, 37.583005132278018 ], [ 126.893162947776503, 37.582957208373777 ], [ 126.89308295008864, 37.582848385960283 ], [ 126.893008836283983, 37.582897962164296 ] ] ] } },
{ "type": "Feature", "properties": { "ADM_CD": "1138010400", "SGG_CD": "11380", "GU_NM": "은평구", "F_YR": 2025, "F_ZONE_NM": "서울특별시 은평구 갈현동 12-302 지층", "F_SHIM": 0.1, "F_AREA": 139.58102806, "F_AVR_HGT": 82.801187133789057, "반복침수연도수": 1, "반복침수여부": false, "침수이력점수": 1, "기본위험등급": "주의" }, "geometry": { "type": "Polygon", "coordinates": [ [ [ 126.915474805944783, 37.629088207398517 ], [ 126.915375447526074, 37.628997316258868 ], [ 126.915286901736337, 37.629058878522308 ], [ 126.915383540793997, 37.629150218239829 ], [ 126.915474805944783, 37.629088207398517 ] ] ] } },
{ "type": "Feature", "properties": { "ADM_CD": "1138010400", "SGG_CD": "11380", "GU_NM": "은평구", "F_YR": 2025, "F_ZONE_NM": "서울특별시 은평구 갈현동 12-222 b02호", "F_SHIM": 0.1, "F_AREA": 227.63864879, "F_AVR_HGT": 78.804292297363276, "반복침수연도수": 1, "반복침수여부": false, "침수이력점수": 1, "기본위험등급": "주의" }, "geometry": { "type": "Polygon", "coordinates": [ [ [ 126.916400305239591, 37.628916431327831 ], [ 126.91662880211922, 37.628813614071888 ], [ 126.916536344733942, 37.628729936698903 ], [ 126.916439637752219, 37.628796809727042 ], [ 126.916343384348238, 37.62886314241527 ], [ 126.916400305239591, 37.628916431327831 ] ] ] } },
{ "type": "Feature", "properties": { "ADM_CD": "1138010400", "SGG_CD": "11380", "GU_NM": "은평구", "F_YR": 2025, "F_ZONE_NM": "서울특별시 은평구 갈현동 12-341 102", "F_SHIM": 0.1, "F_AREA": 162.00587436000001, "F_AVR_HGT": 83.041291809082026, "반복침수연도수": 1, "반복침수여부": false, "침수이력점수": 1, "기본위험등급": "주의" }, "geometry": { "type": "Polygon", "coordinates": [ [ [ 126.914728546148751, 37.628846108495665 ], [ 126.914615384441731, 37.628741421585858 ], [ 126.914524685420005, 37.628803432183354 ], [ 126.91463977218045, 37.628908751281422 ], [ 126.914728546148751, 37.628846108495665 ] ] ] } },
{ "type": "Feature", "properties": { "ADM_CD": "1138010300", "SGG_CD": "11380", "GU_NM": "은평구", "F_YR": 2025, "F_ZONE_NM": "서울특별시 은평구 불광동 239-4 201호", "F_SHIM": 0.1, "F_AREA": 283.60939524000003, "F_AVR_HGT": 35.211446380615243, "반복침수연도수": 1, "반복침수여부": false, "침수이력점수": 1, "기본위험등급": "주의" }, "geometry": { "type": "Polygon", "coordinates": [ [ [ 126.93272100649699, 37.616959813202847 ], [ 126.932676899730254, 37.616887348641676 ], [ 126.932665945136776, 37.616852474301474 ], [ 126.932461348423047, 37.616895061234324 ], [ 126.932462370031232, 37.616904909550065 ], [ 126.932464828739569, 37.616928489650931 ], [ 126.932495957920381, 37.616948870023329 ], [ 126.932524191712517, 37.617038263807224 ], [ 126.932536200615971, 37.617035297591656 ], [ 126.932578797142043, 37.617025952285417 ], [ 126.932642933234945, 37.61699589698371 ], [ 126.93272100649699, 37.616959813202847 ] ] ] } },
{ "type": "Feature", "properties": { "ADM_CD": "1138010300", "SGG_CD": "11380", "GU_NM": "은평구", "F_YR": 2025, "F_ZONE_NM": "서울특별시 은평구 불광동 359-22 지층", "F_SHIM": 0.1, "F_AREA": 142.13844314, "F_AVR_HGT": 31.55444679260254, "반복침수연도수": 1, "반복침수여부": false, "침수이력점수": 1, "기본위험등급": "주의" }, "geometry": { "type": "Polygon", "coordinates": [ [ [ 126.925276233611982, 37.621460409567 ], [ 126.925280318315714, 37.621453654857049 ], [ 126.925222805261413, 37.62142496652703 ], [ 126.925177183715761, 37.62139835811611 ], [ 126.925121464383267, 37.621387960788169 ], [ 126.925108674674433, 37.621378131826894 ], [ 126.925102447553215, 37.621375343766807 ], [ 126.925044931683786, 37.621349529473768 ], [ 126.924984243064429, 37.621435353510243 ], [ 126.925096330146985, 37.621486691906206 ], [ 126.925157918683198, 37.621406904960175 ], [ 126.925276233611982, 37.621460409567 ] ] ] } },
{ "type": "Feature", "properties": { "ADM_CD": "1138010300", "SGG_CD": "11380", "GU_NM": "은평구", "F_YR": 2025, "F_ZONE_NM": "서울특별시 은평구 불광동 356-23 지상", "F_SHIM": 0.1, "F_AREA": 117.34757888, "F_AVR_HGT": 31.55444679260254, "반복침수연도수": 1, "반복침수여부": false, "침수이력점수": 1, "기본위험등급": "주의" }, "geometry": { "type": "Polygon", "coordinates": [ [ [ 126.925335572126869, 37.621476305135403 ], [ 126.92539013853181, 37.621395522456488 ], [ 126.925278729912307, 37.621345265952989 ], [ 126.925222805261413, 37.62142496652703 ], [ 126.925280318315714, 37.621453654857049 ], [ 126.925285185713122, 37.621456901529037 ], [ 126.925335572126869, 37.621476305135403 ] ] ] } },
{ "type": "Feature", "properties": { "ADM_CD": "1138010300", "SGG_CD": "11380", "GU_NM": "은평구", "F_YR": 2025, "F_ZONE_NM": "서울특별시 은평구 불광동 102-21 지층 오른쪽", "F_SHIM": 0.1, "F_AREA": 163.14983385, "F_AVR_HGT": 39.535096740722658, "반복침수연도수": 1, "반복침수여부": false, "침수이력점수": 1, "기본위험등급": "주의" }, "geometry": { "type": "Polygon", "coordinates": [ [ [ 126.927488891259372, 37.624310175457943 ], [ 126.927575574133371, 37.624283741011659 ], [ 126.927623734618393, 37.624265661493475 ], [ 126.927580681449456, 37.624159409048538 ], [ 126.927442440051607, 37.62420383073367 ], [ 126.927488891259372, 37.624310175457943 ] ] ] } },
{ "type": "Feature", "properties": { "ADM_CD": "1138010300", "SGG_CD": "11380", "GU_NM": "은평구", "F_YR": 2025, "F_ZONE_NM": "서울특별시 은평구 불광동 448-44 지층 좌측", "F_SHIM": 0.1, "F_AREA": 227.84112393000001, "F_AVR_HGT": 60.752534484863283, "반복침수연도수": 1, "반복침수여부": false, "침수이력점수": 1, "기본위험등급": "주의" }, "geometry": { "type": "Polygon", "coordinates": [ [ [ 126.925306812663507, 37.626224989059942 ], [ 126.925442545958759, 37.626312291424846 ], [ 126.925554577868823, 37.626202714440616 ], [ 126.925493670377151, 37.626166455854154 ], [ 126.925397528180014, 37.62613494970126 ], [ 126.925306812663507, 37.626224989059942 ] ] ] } },
{ "type": "Feature", "properties": { "ADM_CD": "1138010200", "SGG_CD": "11380", "GU_NM": "은평구", "F_YR": 2025, "F_ZONE_NM": "서울특별시 은평구 녹번동 75-23 B01호", "F_SHIM": 0.1, "F_AREA": 318.56224532, "F_AVR_HGT": 30.302207565307619, "반복침수연도수": 1, "반복침수여부": false, "침수이력점수": 1, "기본위험등급": "주의" }, "geometry": { "type": "Polygon", "coordinates": [ [ [ 126.93122689726583, 37.601820817616904 ], [ 126.931410602389548, 37.60179353699894 ], [ 126.931388294373633, 37.601672071247805 ], [ 126.931383538703287, 37.601671527832217 ], [ 126.931378823886149, 37.601627466964842 ], [ 126.931225945223829, 37.601629087883474 ], [ 126.931229058792425, 37.601689906085845 ], [ 126.931191456648435, 37.601695920272277 ], [ 126.93122689726583, 37.601820817616904 ] ] ] } },
{ "type": "Feature", "properties": { "ADM_CD": "1138010200", "SGG_CD": "11380", "GU_NM": "은평구", "F_YR": 2025, "F_ZONE_NM": "서울특별시 은평구 녹번동 75-24 101호", "F_SHIM": 0.1, "F_AREA": 201.43309135000001, "F_AVR_HGT": 30.302207565307619, "반복침수연도수": 1, "반복침수여부": false, "침수이력점수": 1, "기본위험등급": "주의" }, "geometry": { "type": "Polygon", "coordinates": [ [ [ 126.931410602389548, 37.60179353699894 ], [ 126.931583885867425, 37.601769673655383 ], [ 126.931607968304817, 37.60168950044195 ], [ 126.931535727446288, 37.601681168587099 ], [ 126.931464055012071, 37.601670494469793 ], [ 126.931388294373633, 37.601672071247805 ], [ 126.931410602389548, 37.60179353699894 ] ] ] } },
{ "type": "Feature", "properties": { "ADM_CD": "1138010200", "SGG_CD": "11380", "GU_NM": "은평구", "F_YR": 2025, "F_ZONE_NM": "서울특별시 은평구 녹번동 44-26 지층1호", "F_SHIM": 0.1, "F_AREA": 191.48280646000001, "F_AVR_HGT": 32.57060012817383, "반복침수연도수": 1, "반복침수여부": false, "침수이력점수": 1, "기본위험등급": "주의" }, "geometry": { "type": "Polygon", "coordinates": [ [ [ 126.932687743368632, 37.601557240091104 ], [ 126.932635400050827, 37.6014619756549 ], [ 126.93262112776047, 37.601429243622853 ], [ 126.932615364617945, 37.601416013828462 ], [ 126.932561644325105, 37.601438696236031 ], [ 126.932514052789031, 37.601458787371406 ], [ 126.932502804428722, 37.601462492844419 ], [ 126.932511260591752, 37.601490284103583 ], [ 126.932562117652353, 37.601600684239585 ], [ 126.932687743368632, 37.601557240091104 ] ] ] } },
{ "type": "Feature", "properties": { "ADM_CD": "1138010300", "SGG_CD": "11380", "GU_NM": "은평구", "F_YR": 2025, "F_ZONE_NM": "서울특별시 은평구 불광동 76-25 지층 B01호", "F_SHIM": 0.1, "F_AREA": 140.20018025, "F_AVR_HGT": 49.149053192138673, "반복침수연도수": 1, "반복침수여부": false, "침수이력점수": 1, "기본위험등급": "주의" }, "geometry": { "type": "Polygon", "coordinates": [ [ [ 126.926923157785325, 37.626833642214407 ], [ 126.926928437762314, 37.626877883622761 ], [ 126.926935198585625, 37.626913927057409 ], [ 126.927115844644476, 37.626837007391345 ], [ 126.927070261083401, 37.626768324037471 ], [ 126.926923157785325, 37.626833642214407 ] ] ] } },
{ "type": "Feature", "properties": { "ADM_CD": "1138010300", "SGG_CD": "11380", "GU_NM": "은평구", "F_YR": 2025, "F_ZONE_NM": "서울특별시 은평구 불광동 445-297 우진베스트빌라 B01호", "F_SHIM": 0.1, "F_AREA": 158.36000685, "F_AVR_HGT": 64.048696136474604, "반복침수연도수": 1, "반복침수여부": false, "침수이력점수": 1, "기본위험등급": "주의" }, "geometry": { "type": "Polygon", "coordinates": [ [ [ 126.924019747650959, 37.625771138462866 ], [ 126.924053143876677, 37.625791432423178 ], [ 126.924136273314588, 37.625698866305754 ], [ 126.924024423967964, 37.625631309562621 ], [ 126.923938463527236, 37.625722882663936 ], [ 126.924019747650959, 37.625771138462866 ] ] ] } },
{ "type": "Feature", "properties": { "ADM_CD": "1138010300", "SGG_CD": "11380", "GU_NM": "은평구", "F_YR": 2025, "F_ZONE_NM": "서울특별시 은평구 불광동 76-26 B02", "F_SHIM": 0.1, "F_AREA": 159.73825318, "F_AVR_HGT": 49.149053192138673, "반복침수연도수": 1, "반복침수여부": false, "침수이력점수": 1, "기본위험등급": "주의" }, "geometry": { "type": "Polygon", "coordinates": [ [ [ 126.926926462371782, 37.626791505513616 ], [ 126.926923157785325, 37.626833642214407 ], [ 126.927070261083401, 37.626768324037471 ], [ 126.92697253143092, 37.626623475002695 ], [ 126.926941443159308, 37.626673009207501 ], [ 126.926930635352633, 37.626719222602148 ], [ 126.926926462371782, 37.626791505513616 ] ] ] } },
{ "type": "Feature", "properties": { "ADM_CD": "1138010300", "SGG_CD": "11380", "GU_NM": "은평구", "F_YR": 2025, "F_ZONE_NM": "서울특별시 은평구 불광동 454-6 지층", "F_SHIM": 0.1, "F_AREA": 162.05109359, "F_AVR_HGT": 49.149053192138673, "반복침수연도수": 1, "반복침수여부": false, "침수이력점수": 1, "기본위험등급": "주의" }, "geometry": { "type": "Polygon", "coordinates": [ [ [ 126.926809080485356, 37.626735561543107 ], [ 126.926926462371782, 37.626791505513616 ], [ 126.926930635352633, 37.626719222602148 ], [ 126.926941443159308, 37.626673009207501 ], [ 126.92697253143092, 37.626623475002695 ], [ 126.926938844237341, 37.626575773903532 ], [ 126.926934960137942, 37.626585700238032 ], [ 126.926884967400099, 37.626621887987682 ], [ 126.926843076389574, 37.626678488019131 ], [ 126.926809080485356, 37.626735561543107 ] ] ] } },
{ "type": "Feature", "properties": { "ADM_CD": "1138010300", "SGG_CD": "11380", "GU_NM": "은평구", "F_YR": 2025, "F_ZONE_NM": "서울특별시 은평구 불광동 98-6 지층", "F_SHIM": 0.1, "F_AREA": 199.07993886, "F_AVR_HGT": 46.559354400634767, "반복침수연도수": 1, "반복침수여부": false, "침수이력점수": 1, "기본위험등급": "주의" }, "geometry": { "type": "Polygon", "coordinates": [ [ [ 126.927678892909299, 37.625647437924933 ], [ 126.927800364933987, 37.625609762844135 ], [ 126.927849655450075, 37.625595287861103 ], [ 126.927808186293277, 37.625489847393034 ], [ 126.927746431201243, 37.625508368973712 ], [ 126.92763391019065, 37.625544157548184 ], [ 126.927678892909299, 37.625647437924933 ] ] ] } },
{ "type": "Feature", "properties": { "ADM_CD": "1138010300", "SGG_CD": "11380", "GU_NM": "은평구", "F_YR": 2025, "F_ZONE_NM": "서울특별시 은평구 불광동 95 전원빌라 102호", "F_SHIM": 0.1, "F_AREA": 934.89077585999996, "F_AVR_HGT": 46.826379394531251, "반복침수연도수": 1, "반복침수여부": false, "침수이력점수": 1, "기본위험등급": "주의" }, "geometry": { "type": "Polygon", "coordinates": [ [ [ 126.927553003525944, 37.625570145162115 ], [ 126.927621586556441, 37.625520183783429 ], [ 126.927665925865242, 37.625472279446001 ], [ 126.927693180581542, 37.625403641881036 ], [ 126.927700953267333, 37.625333100066875 ], [ 126.927605133022368, 37.625319795690977 ], [ 126.927464765131788, 37.625301805226258 ], [ 126.927341960859735, 37.625346750028989 ], [ 126.92733804885637, 37.625293679890547 ], [ 126.927320831653532, 37.625292587890776 ], [ 126.927308516043198, 37.625260685479709 ], [ 126.927245963140109, 37.625284161683524 ], [ 126.927235945247517, 37.625288281862765 ], [ 126.927234670283369, 37.625294560885727 ], [ 126.927441577564565, 37.625643775366669 ], [ 126.927454607472484, 37.625640900412129 ], [ 126.927506054211406, 37.625622552715363 ], [ 126.927553003525944, 37.625570145162115 ] ] ] } },
{ "type": "Feature", "properties": { "ADM_CD": "1138010400", "SGG_CD": "11380", "GU_NM": "은평구", "F_YR": 2025, "F_ZONE_NM": "서울특별시 은평구 갈현동 490-2 1층 101호", "F_SHIM": 0.1, "F_AREA": 487.96862148000002, "F_AVR_HGT": 24.374112701416017, "반복침수연도수": 1, "반복침수여부": false, "침수이력점수": 1, "기본위험등급": "주의" }, "geometry": { "type": "Polygon", "coordinates": [ [ [ 126.913364279065092, 37.614354099050004 ], [ 126.913419094934625, 37.614452436996494 ], [ 126.913424859056619, 37.614462802579247 ], [ 126.913486455182124, 37.614574389972184 ], [ 126.913676701932928, 37.614506417580046 ], [ 126.913614990302221, 37.614396542062636 ], [ 126.913605812522263, 37.614380344599837 ], [ 126.913553729882111, 37.614288378710967 ], [ 126.913468658343007, 37.614317894472798 ], [ 126.913364279065092, 37.614354099050004 ] ] ] } },
{ "type": "Feature", "properties": { "ADM_CD": "1138010300", "SGG_CD": "11380", "GU_NM": "은평구", "F_YR": 2025, "F_ZONE_NM": "서울특별시 은평구 불광동 443-1 1층(반지하)", "F_SHIM": 0.1, "F_AREA": 189.97890641000001, "F_AVR_HGT": 52.745164489746095, "반복침수연도수": 1, "반복침수여부": false, "침수이력점수": 1, "기본위험등급": "주의" }, "geometry": { "type": "Polygon", "coordinates": [ [ [ 126.925997720089484, 37.625538346542214 ], [ 126.926015618185062, 37.625538267897696 ], [ 126.926048923159755, 37.625537208027986 ], [ 126.926097868942122, 37.625527869137791 ], [ 126.926122147684296, 37.625378952783542 ], [ 126.92593470015845, 37.625351172803065 ], [ 126.925928439657838, 37.625380991206356 ], [ 126.926016101182796, 37.625396724367477 ], [ 126.925997720089484, 37.625538346542214 ] ] ] } },
{ "type": "Feature", "properties": { "ADM_CD": "1138010200", "SGG_CD": "11380", "GU_NM": "은평구", "F_YR": 2025, "F_ZONE_NM": "서울특별시 은평구 녹번동 156-35 지층층 1호", "F_SHIM": 0.1, "F_AREA": 168.33077876, "F_AVR_HGT": 20.487279510498048, "반복침수연도수": 1, "반복침수여부": false, "침수이력점수": 1, "기본위험등급": "주의" }, "geometry": { "type": "Polygon", "coordinates": [ [ [ 126.923618661540203, 37.602176074062008 ], [ 126.923657177700079, 37.602054466795721 ], [ 126.923524372855752, 37.602026538742031 ], [ 126.923486875116907, 37.602148687228464 ], [ 126.923618661540203, 37.602176074062008 ] ] ] } },
{ "type": "Feature", "properties": { "ADM_CD": "1138010200", "SGG_CD": "11380", "GU_NM": "은평구", "F_YR": 2025, "F_ZONE_NM": "서울특별시 은평구 녹번동 156-34 지하 102호", "F_SHIM": 0.1, "F_AREA": 192.9265904, "F_AVR_HGT": 20.172875976562501, "반복침수연도수": 1, "반복침수여부": false, "침수이력점수": 1, "기본위험등급": "주의" }, "geometry": { "type": "Polygon", "coordinates": [ [ [ 126.923486875116907, 37.602148687228464 ], [ 126.923524372855752, 37.602026538742031 ], [ 126.923347979341514, 37.601989301554674 ], [ 126.923360184442217, 37.602121573917067 ], [ 126.923486875116907, 37.602148687228464 ] ] ] } },
{ "type": "Feature", "properties": { "ADM_CD": "1138010200", "SGG_CD": "11380", "GU_NM": "은평구", "F_YR": 2025, "F_ZONE_NM": "서울특별시 은평구 녹번동 75-7 지층", "F_SHIM": 0.1, "F_AREA": 106.81753697000001, "F_AVR_HGT": 39.046712493896486, "반복침수연도수": 1, "반복침수여부": false, "침수이력점수": 1, "기본위험등급": "주의" }, "geometry": { "type": "Polygon", "coordinates": [ [ [ 126.93189054812143, 37.602011138183528 ], [ 126.93187296639293, 37.601920849324571 ], [ 126.931822908914256, 37.601925324690669 ], [ 126.931760150074396, 37.601949253759827 ], [ 126.931784895071345, 37.602008372859864 ], [ 126.931777725449578, 37.602046209904685 ], [ 126.93189054812143, 37.602011138183528 ] ] ] } },
{ "type": "Feature", "properties": { "ADM_CD": "1138010200", "SGG_CD": "11380", "GU_NM": "은평구", "F_YR": 2025, "F_ZONE_NM": "서울특별시 은평구 녹번동 75-26 102호", "F_SHIM": 0.1, "F_AREA": 206.85929864, "F_AVR_HGT": 33.255811309814455, "반복침수연도수": 1, "반복침수여부": false, "침수이력점수": 1, "기본위험등급": "주의" }, "geometry": { "type": "Polygon", "coordinates": [ [ [ 126.931325523388963, 37.601950077260476 ], [ 126.931346325172115, 37.601866658613496 ], [ 126.931321992737423, 37.601850967041855 ], [ 126.931114721424649, 37.60189048683408 ], [ 126.931182903014189, 37.602000717692313 ], [ 126.931325523388963, 37.601950077260476 ] ] ] } },
{ "type": "Feature", "properties": { "ADM_CD": "1138010200", "SGG_CD": "11380", "GU_NM": "은평구", "F_YR": 2025, "F_ZONE_NM": "서울특별시 은평구 녹번동 86-56 그린빌라 b02호", "F_SHIM": 0.1, "F_AREA": 145.35982354000001, "F_AVR_HGT": 46.495023345947267, "반복침수연도수": 1, "반복침수여부": false, "침수이력점수": 1, "기본위험등급": "주의" }, "geometry": { "type": "Polygon", "coordinates": [ [ [ 126.929851615573398, 37.604684719054525 ], [ 126.929866732512451, 37.60468631396197 ], [ 126.929922407016051, 37.604636649555481 ], [ 126.929943297809984, 37.604616408140323 ], [ 126.929865115897314, 37.604553499154243 ], [ 126.929856629318166, 37.60454627713203 ], [ 126.929745704398727, 37.604652084179669 ], [ 126.929803488524882, 37.604681689549444 ], [ 126.929851615573398, 37.604684719054525 ] ] ] } },
{ "type": "Feature", "properties": { "ADM_CD": "1138010200", "SGG_CD": "11380", "GU_NM": "은평구", "F_YR": 2025, "F_ZONE_NM": "서울특별시 은평구 녹번동 75-21 101호", "F_SHIM": 0.1, "F_AREA": 228.92271118, "F_AVR_HGT": 33.255811309814455, "반복침수연도수": 1, "반복침수여부": false, "침수이력점수": 1, "기본위험등급": "주의" }, "geometry": { "type": "Polygon", "coordinates": [ [ [ 126.930841864656983, 37.601876854065075 ], [ 126.930982992834629, 37.601931402906104 ], [ 126.930985363605174, 37.601927169703295 ], [ 126.931021630263331, 37.601896467853841 ], [ 126.931059361568572, 37.601873695516957 ], [ 126.931003644006125, 37.601755993874093 ], [ 126.930959013375372, 37.601769842338378 ], [ 126.930922193650972, 37.601786668701621 ], [ 126.930886759224805, 37.601775565412019 ], [ 126.930844655070729, 37.601871945379173 ], [ 126.930841864656983, 37.601876854065075 ] ] ] } },
{ "type": "Feature", "properties": { "ADM_CD": "1138010200", "SGG_CD": "11380", "GU_NM": "은평구", "F_YR": 2025, "F_ZONE_NM": "서울특별시 은평구 녹번동 75-22 B-2호", "F_SHIM": 0.1, "F_AREA": 231.77869846, "F_AVR_HGT": 33.255811309814455, "반복침수연도수": 1, "반복침수여부": false, "침수이력점수": 1, "기본위험등급": "주의" }, "geometry": { "type": "Polygon", "coordinates": [ [ [ 126.931059361568572, 37.601873695516957 ], [ 126.93122689726583, 37.601820817616904 ], [ 126.931191456648435, 37.601695920272277 ], [ 126.931183065093379, 37.601708258737965 ], [ 126.931100268607395, 37.601725508240975 ], [ 126.931063453864439, 37.601737108950431 ], [ 126.931003644006125, 37.601755993874093 ], [ 126.931059361568572, 37.601873695516957 ] ] ] } },
{ "type": "Feature", "properties": { "ADM_CD": "1138010200", "SGG_CD": "11380", "GU_NM": "은평구", "F_YR": 2025, "F_ZONE_NM": "서울특별시 은평구 녹번동 105-5 지층", "F_SHIM": 0.1, "F_AREA": 111.81055696, "F_AVR_HGT": 26.025218582153322, "반복침수연도수": 1, "반복침수여부": false, "침수이력점수": 1, "기본위험등급": "주의" }, "geometry": { "type": "Polygon", "coordinates": [ [ [ 126.928254984552282, 37.606366719674469 ], [ 126.928256872327921, 37.606335636960509 ], [ 126.928258035394535, 37.606304463698258 ], [ 126.928259091130883, 37.606267253788388 ], [ 126.92821592635481, 37.606284345649208 ], [ 126.928124649622575, 37.606282036467633 ], [ 126.928124061422622, 37.606304380460557 ], [ 126.928123208038969, 37.606366097210518 ], [ 126.928254984552282, 37.606366719674469 ] ] ] } },
{ "type": "Feature", "properties": { "ADM_CD": "1138010200", "SGG_CD": "11380", "GU_NM": "은평구", "F_YR": 2025, "F_ZONE_NM": "서울특별시 은평구 녹번동 157-12 지하 2호", "F_SHIM": 0.1, "F_AREA": 173.99091742, "F_AVR_HGT": 20.616212463378908, "반복침수연도수": 1, "반복침수여부": false, "침수이력점수": 1, "기본위험등급": "주의" }, "geometry": { "type": "Polygon", "coordinates": [ [ [ 126.924360453010934, 37.602786706855049 ], [ 126.924485445588402, 37.602814718964829 ], [ 126.924494421498935, 37.602785983473979 ], [ 126.924522370055229, 37.602698155893421 ], [ 126.924528051374949, 37.602679599355092 ], [ 126.924465553599774, 37.602667125008743 ], [ 126.924403847901118, 37.602655281834714 ], [ 126.924401462155373, 37.602662668334439 ], [ 126.924389648244571, 37.602698069236553 ], [ 126.924360453010934, 37.602786706855049 ] ] ] } },
{ "type": "Feature", "properties": { "ADM_CD": "1138010200", "SGG_CD": "11380", "GU_NM": "은평구", "F_YR": 2025, "F_ZONE_NM": "서울특별시 은평구 녹번동 160-8 지층 1호", "F_SHIM": 0.1, "F_AREA": 156.75162231, "F_AVR_HGT": 20.277227020263677, "반복침수연도수": 1, "반복침수여부": false, "침수이력점수": 1, "기본위험등급": "주의" }, "geometry": { "type": "Polygon", "coordinates": [ [ [ 126.923173602573073, 37.602728802701918 ], [ 126.923199309223705, 37.602728549468047 ], [ 126.923196171169479, 37.602697283285011 ], [ 126.923188433479638, 37.602624658941458 ], [ 126.923186972552045, 37.60261393627728 ], [ 126.923046200558986, 37.60262339318389 ], [ 126.923052238222425, 37.602697187684022 ], [ 126.9230552588091, 37.602732418116787 ], [ 126.923173602573073, 37.602728802701918 ] ] ] } },
{ "type": "Feature", "properties": { "ADM_CD": "1138010200", "SGG_CD": "11380", "GU_NM": "은평구", "F_YR": 2025, "F_ZONE_NM": "서울특별시 은평구 녹번동 154-16 지하 1층", "F_SHIM": 0.1, "F_AREA": 146.74705953, "F_AVR_HGT": 21.00264129638672, "반복침수연도수": 1, "반복침수여부": false, "침수이력점수": 1, "기본위험등급": "주의" }, "geometry": { "type": "Polygon", "coordinates": [ [ [ 126.924193755857019, 37.604101491800741 ], [ 126.924238199266995, 37.604052237165448 ], [ 126.924135656233602, 37.603996399159513 ], [ 126.924115378508461, 37.604002872937073 ], [ 126.924046104105884, 37.604081122867328 ], [ 126.924153170872117, 37.604142910400228 ], [ 126.924193755857019, 37.604101491800741 ] ] ] } },
{ "type": "Feature", "properties": { "ADM_CD": "1138010200", "SGG_CD": "11380", "GU_NM": "은평구", "F_YR": 2025, "F_ZONE_NM": "서울특별시 은평구 녹번동 156-27 가동 101호", "F_SHIM": 0.1, "F_AREA": 395.28192778, "F_AVR_HGT": 20.487279510498048, "반복침수연도수": 1, "반복침수여부": false, "침수이력점수": 1, "기본위험등급": "주의" }, "geometry": { "type": "Polygon", "coordinates": [ [ [ 126.924163242343624, 37.602290766954077 ], [ 126.924204251914588, 37.602166368098651 ], [ 126.924251622796334, 37.602022782456423 ], [ 126.92410953420908, 37.601992596525832 ], [ 126.92407976803652, 37.602085738625263 ], [ 126.92405079439763, 37.602178971334119 ], [ 126.924023643231465, 37.60226193402702 ], [ 126.924107425651854, 37.602278927484001 ], [ 126.924163242343624, 37.602290766954077 ] ] ] } },
{ "type": "Feature", "properties": { "ADM_CD": "1138010200", "SGG_CD": "11380", "GU_NM": "은평구", "F_YR": 2025, "F_ZONE_NM": "서울특별시 은평구 녹번동 160-23 지하 1층", "F_SHIM": 0.1, "F_AREA": 119.9407267, "F_AVR_HGT": 20.172875976562501, "반복침수연도수": 1, "반복침수여부": false, "침수이력점수": 1, "기본위험등급": "주의" }, "geometry": { "type": "Polygon", "coordinates": [ [ [ 126.923302202577872, 37.602231095017082 ], [ 126.923293351929075, 37.60213981959275 ], [ 126.923159944190999, 37.602146848863228 ], [ 126.923169586907377, 37.602238575314487 ], [ 126.923302202577872, 37.602231095017082 ] ] ] } },
{ "type": "Feature", "properties": { "ADM_CD": "1138010200", "SGG_CD": "11380", "GU_NM": "은평구", "F_YR": 2025, "F_ZONE_NM": "서울특별시 은평구 녹번동 35-69 지상 1호", "F_SHIM": 0.1, "F_AREA": 392.19820703, "F_AVR_HGT": 50.010709381103517, "반복침수연도수": 1, "반복침수여부": false, "침수이력점수": 1, "기본위험등급": "주의" }, "geometry": { "type": "Polygon", "coordinates": [ [ [ 126.933512854039066, 37.603641601511512 ], [ 126.933647808156337, 37.603430128465604 ], [ 126.933475942867744, 37.603385430867171 ], [ 126.933356971379652, 37.603579974475444 ], [ 126.933512854039066, 37.603641601511512 ] ] ] } },
{ "type": "Feature", "properties": { "ADM_CD": "1138010300", "SGG_CD": "11380", "GU_NM": "은평구", "F_YR": 2025, "F_ZONE_NM": "서울특별시 은평구 불광동 238-98 지층 1호", "F_SHIM": 0.1, "F_AREA": 208.96735101, "F_AVR_HGT": 34.192849731445314, "반복침수연도수": 1, "반복침수여부": false, "침수이력점수": 1, "기본위험등급": "주의" }, "geometry": { "type": "Polygon", "coordinates": [ [ [ 126.931921350101604, 37.615989168338949 ], [ 126.931873455471091, 37.615850479146943 ], [ 126.931857595929856, 37.615853262826683 ], [ 126.931732413631948, 37.615880758877978 ], [ 126.931777362059691, 37.616020617660283 ], [ 126.931921350101604, 37.615989168338949 ] ] ] } },
{ "type": "Feature", "properties": { "ADM_CD": "1138010300", "SGG_CD": "11380", "GU_NM": "은평구", "F_YR": 2025, "F_ZONE_NM": "서울특별시 은평구 불광동 238-102 B02호", "F_SHIM": 0.1, "F_AREA": 215.99777687, "F_AVR_HGT": 34.192849731445314, "반복침수연도수": 1, "반복침수여부": false, "침수이력점수": 1, "기본위험등급": "주의" }, "geometry": { "type": "Polygon", "coordinates": [ [ [ 126.932117219544935, 37.615950631616016 ], [ 126.932261884803978, 37.615921434728861 ], [ 126.932218409544916, 37.615779865129994 ], [ 126.932106937107335, 37.615802324136745 ], [ 126.93207023269629, 37.615809780682824 ], [ 126.932092256725596, 37.615876916708018 ], [ 126.932117219544935, 37.615950631616016 ] ] ] } },
{ "type": "Feature", "properties": { "ADM_CD": "1138010300", "SGG_CD": "11380", "GU_NM": "은평구", "F_YR": 2025, "F_ZONE_NM": "서울특별시 은평구 불광동 242-18 지층", "F_SHIM": 0.1, "F_AREA": 164.96065406, "F_AVR_HGT": 35.376397705078126, "반복침수연도수": 1, "반복침수여부": false, "침수이력점수": 1, "기본위험등급": "주의" }, "geometry": { "type": "Polygon", "coordinates": [ [ [ 126.931801195381695, 37.613542934214209 ], [ 126.931874954404947, 37.613514506761206 ], [ 126.931956531014208, 37.613483200730542 ], [ 126.931940417650111, 37.613394264394465 ], [ 126.931887735574009, 37.613411532160654 ], [ 126.931767186238019, 37.613454888263306 ], [ 126.931753137176557, 37.613460015551333 ], [ 126.931785025739615, 37.61351445365775 ], [ 126.931801195381695, 37.613542934214209 ] ] ] } },
{ "type": "Feature", "properties": { "ADM_CD": "1138010300", "SGG_CD": "11380", "GU_NM": "은평구", "F_YR": 2025, "F_ZONE_NM": "서울특별시 은평구 불광동 221-26 지층 2호", "F_SHIM": 0.1, "F_AREA": 166.66998388, "F_AVR_HGT": 37.143239593505861, "반복침수연도수": 2, "반복침수여부": true, "침수이력점수": 1, "기본위험등급": "주의" }, "geometry": { "type": "Polygon", "coordinates": [ [ [ 126.931833404783333, 37.617744496941384 ], [ 126.931962557020526, 37.617714300191601 ], [ 126.931970147480783, 37.617712592802349 ], [ 126.931922235788008, 37.617590932191618 ], [ 126.931802826855176, 37.61761879210507 ], [ 126.931833404783333, 37.617744496941384 ] ] ] } },
{ "type": "Feature", "properties": { "ADM_CD": "1138010300", "SGG_CD": "11380", "GU_NM": "은평구", "F_YR": 2025, "F_ZONE_NM": "서울특별시 은평구 불광동 221-52 지층 2호", "F_SHIM": 0.1, "F_AREA": 257.57351694, "F_AVR_HGT": 37.143239593505861, "반복침수연도수": 2, "반복침수여부": true, "침수이력점수": 1, "기본위험등급": "주의" }, "geometry": { "type": "Polygon", "coordinates": [ [ [ 126.932514401072083, 37.617704983671025 ], [ 126.932695077890855, 37.617687159668549 ], [ 126.932728532902587, 37.617642283317387 ], [ 126.932729373054528, 37.617590954948746 ], [ 126.932724528079703, 37.617563292023284 ], [ 126.932714906410794, 37.617556799354389 ], [ 126.932500124304255, 37.617588028055508 ], [ 126.932513657247071, 37.617651915485965 ], [ 126.932514401072083, 37.617704983671025 ] ] ] } },
{ "type": "Feature", "properties": { "ADM_CD": "1138010300", "SGG_CD": "11380", "GU_NM": "은평구", "F_YR": 2025, "F_ZONE_NM": "서울특별시 은평구 불광동 239-50 지하 1호", "F_SHIM": 0.1, "F_AREA": 103.6017355, "F_AVR_HGT": 34.192849731445314, "반복침수연도수": 1, "반복침수여부": false, "침수이력점수": 1, "기본위험등급": "주의" }, "geometry": { "type": "Polygon", "coordinates": [ [ [ 126.93258672527287, 37.615922165506255 ], [ 126.932712020009888, 37.615895299300938 ], [ 126.932687739775318, 37.61581771069865 ], [ 126.932560294728091, 37.615842863758665 ], [ 126.93258672527287, 37.615922165506255 ] ] ] } },
{ "type": "Feature", "properties": { "ADM_CD": "1138010300", "SGG_CD": "11380", "GU_NM": "은평구", "F_YR": 2025, "F_ZONE_NM": "서울특별시 은평구 불광동 239-53 1층", "F_SHIM": 0.1, "F_AREA": 106.99607919, "F_AVR_HGT": 40.999597167968751, "반복침수연도수": 1, "반복침수여부": false, "침수이력점수": 1, "기본위험등급": "주의" }, "geometry": { "type": "Polygon", "coordinates": [ [ [ 126.932732865795444, 37.615889635274407 ], [ 126.932829046478318, 37.615868338052096 ], [ 126.932858299233274, 37.615859624571598 ], [ 126.932858992648079, 37.615782987551157 ], [ 126.932829119160616, 37.61578932208144 ], [ 126.932708583050371, 37.615814749617158 ], [ 126.932732865795444, 37.615889635274407 ] ] ] } },
{ "type": "Feature", "properties": { "ADM_CD": "1138010300", "SGG_CD": "11380", "GU_NM": "은평구", "F_YR": 2025, "F_ZONE_NM": "서울특별시 은평구 불광동 239-39 지하1층", "F_SHIM": 0.1, "F_AREA": 114.92588678, "F_AVR_HGT": 34.192849731445314, "반복침수연도수": 1, "반복침수여부": false, "침수이력점수": 1, "기본위험등급": "주의" }, "geometry": { "type": "Polygon", "coordinates": [ [ [ 126.932397468062092, 37.615792313578872 ], [ 126.932534543155654, 37.615764283185619 ], [ 126.932508114803483, 37.615682728973532 ], [ 126.932371716845253, 37.61571355277372 ], [ 126.932397468062092, 37.615792313578872 ] ] ] } },
{ "type": "Feature", "properties": { "ADM_CD": "1138010300", "SGG_CD": "11380", "GU_NM": "은평구", "F_YR": 2025, "F_ZONE_NM": "서울특별시 은평구 불광동 236-4 지하 101호", "F_SHIM": 0.1, "F_AREA": 186.49619954, "F_AVR_HGT": 34.278466796875001, "반복침수연도수": 1, "반복침수여부": false, "침수이력점수": 1, "기본위험등급": "주의" }, "geometry": { "type": "Polygon", "coordinates": [ [ [ 126.931304485096703, 37.61576674721767 ], [ 126.931398497458673, 37.615775146196853 ], [ 126.931402479792339, 37.615755867574613 ], [ 126.931417422127979, 37.61564424493335 ], [ 126.931356379866784, 37.615637000811304 ], [ 126.931316742553847, 37.615631751550424 ], [ 126.931222175085281, 37.61562367652845 ], [ 126.931206226326367, 37.615661093768956 ], [ 126.93129369387664, 37.61566739865669 ], [ 126.931282876188035, 37.615764815269962 ], [ 126.931304485096703, 37.61576674721767 ] ] ] } },
{ "type": "Feature", "properties": { "ADM_CD": "1138010300", "SGG_CD": "11380", "GU_NM": "은평구", "F_YR": 2025, "F_ZONE_NM": "서울특별시 은평구 불광동 230-13 102호", "F_SHIM": 0.1, "F_AREA": 361.82406422999998, "F_AVR_HGT": 39.798242187500001, "반복침수연도수": 3, "반복침수여부": true, "침수이력점수": 2, "기본위험등급": "위험" }, "geometry": { "type": "Polygon", "coordinates": [ [ [ 126.931399345262577, 37.617525932260442 ], [ 126.931398671840697, 37.617519354702665 ], [ 126.93134025590038, 37.617367414664834 ], [ 126.931327685392986, 37.617365244835511 ], [ 126.931107200277381, 37.617438543400191 ], [ 126.931184873728469, 37.617587701990807 ], [ 126.93134646079173, 37.617514278177389 ], [ 126.931399345262577, 37.617525932260442 ] ] ] } },
{ "type": "Feature", "properties": { "ADM_CD": "1138010300", "SGG_CD": "11380", "GU_NM": "은평구", "F_YR": 2025, "F_ZONE_NM": "서울특별시 은평구 불광동 239-48 지층", "F_SHIM": 0.1, "F_AREA": 109.81036908, "F_AVR_HGT": 34.192849731445314, "반복침수연도수": 2, "반복침수여부": true, "침수이력점수": 1, "기본위험등급": "주의" }, "geometry": { "type": "Polygon", "coordinates": [ [ [ 126.932534543155654, 37.615764283185619 ], [ 126.93266198874197, 37.615738409368682 ], [ 126.932634203091922, 37.615654692038632 ], [ 126.932508114803483, 37.615682728973532 ], [ 126.932534543155654, 37.615764283185619 ] ] ] } },
{ "type": "Feature", "properties": { "ADM_CD": "1138010300", "SGG_CD": "11380", "GU_NM": "은평구", "F_YR": 2025, "F_ZONE_NM": "서울특별시 은평구 불광동 240-1 1층 우 대광부동산", "F_SHIM": 0.1, "F_AREA": 66.33164284, "F_AVR_HGT": 40.999597167968751, "반복침수연도수": 1, "반복침수여부": false, "침수이력점수": 1, "기본위험등급": "주의" }, "geometry": { "type": "Polygon", "coordinates": [ [ [ 126.932834816587857, 37.61570284025278 ], [ 126.932859307816571, 37.61574817383746 ], [ 126.932853739650284, 37.615657153519052 ], [ 126.932842893877421, 37.615602583811111 ], [ 126.932837017280349, 37.615576019477174 ], [ 126.932829314083733, 37.615577411514032 ], [ 126.932775163886831, 37.615588552145383 ], [ 126.932788039928624, 37.615627662211708 ], [ 126.932803063016948, 37.61567217941127 ], [ 126.932812013407869, 37.61566939158206 ], [ 126.932829208251988, 37.615692466699734 ], [ 126.932834816587857, 37.61570284025278 ] ] ] } },
{ "type": "Feature", "properties": { "ADM_CD": "1138010300", "SGG_CD": "11380", "GU_NM": "은평구", "F_YR": 2025, "F_ZONE_NM": "서울특별시 은평구 불광동 239-55 지하 2호", "F_SHIM": 0.1, "F_AREA": 117.58746698, "F_AVR_HGT": 40.999597167968751, "반복침수연도수": 2, "반복침수여부": true, "침수이력점수": 1, "기본위험등급": "주의" }, "geometry": { "type": "Polygon", "coordinates": [ [ [ 126.932684191574978, 37.615734998594327 ], [ 126.932829197726804, 37.615703909149573 ], [ 126.932834816587857, 37.61570284025278 ], [ 126.932829208251988, 37.615692466699734 ], [ 126.932812013407869, 37.61566939158206 ], [ 126.932803063016948, 37.61567217941127 ], [ 126.932788039928624, 37.615627662211708 ], [ 126.932656406399843, 37.615650740681211 ], [ 126.932684191574978, 37.615734998594327 ] ] ] } },
{ "type": "Feature", "properties": { "ADM_CD": "1138010300", "SGG_CD": "11380", "GU_NM": "은평구", "F_YR": 2025, "F_ZONE_NM": "서울특별시 은평구 불광동 239-40 지하", "F_SHIM": 0.1, "F_AREA": 109.88338938, "F_AVR_HGT": 34.192849731445314, "반복침수연도수": 2, "반복침수여부": true, "침수이력점수": 1, "기본위험등급": "주의" }, "geometry": { "type": "Polygon", "coordinates": [ [ [ 126.932371716845253, 37.61571355277372 ], [ 126.932508114803483, 37.615682728973532 ], [ 126.932482474605308, 37.615606310806058 ], [ 126.932346076776184, 37.615637134577149 ], [ 126.932371716845253, 37.61571355277372 ] ] ] } },
{ "type": "Feature", "properties": { "ADM_CD": "1138010300", "SGG_CD": "11380", "GU_NM": "은평구", "F_YR": 2025, "F_ZONE_NM": "서울특별시 은평구 불광동 242-27 좌측, b02호", "F_SHIM": 0.1, "F_AREA": 156.83796088, "F_AVR_HGT": 35.376397705078126, "반복침수연도수": 1, "반복침수여부": false, "침수이력점수": 1, "기본위험등급": "주의" }, "geometry": { "type": "Polygon", "coordinates": [ [ [ 126.931698547477112, 37.613336999343126 ], [ 126.93182521312005, 37.613293196431208 ], [ 126.931764491996304, 37.613186664584298 ], [ 126.931639411293546, 37.613231369351524 ], [ 126.931698547477112, 37.613336999343126 ] ] ] } },
{ "type": "Feature", "properties": { "ADM_CD": "1138010300", "SGG_CD": "11380", "GU_NM": "은평구", "F_YR": 2025, "F_ZONE_NM": "서울특별시 은평구 불광동 221-60 지층 우호", "F_SHIM": 0.1, "F_AREA": 176.08934914, "F_AVR_HGT": 37.143239593505861, "반복침수연도수": 1, "반복침수여부": false, "침수이력점수": 1, "기본위험등급": "주의" }, "geometry": { "type": "Polygon", "coordinates": [ [ [ 126.931587188207146, 37.617354587132219 ], [ 126.931726255829219, 37.617379446424103 ], [ 126.931736202771489, 37.617280164252293 ], [ 126.931714824892964, 37.617248707388391 ], [ 126.931702716471975, 37.617236897380543 ], [ 126.931640216106842, 37.61721289430595 ], [ 126.931617889062665, 37.617227476967983 ], [ 126.931606110419807, 37.617226388813975 ], [ 126.931606665951904, 37.617237921694013 ], [ 126.931606843727266, 37.617241606809756 ], [ 126.931614250889339, 37.617242070697706 ], [ 126.931597876729413, 37.617310265223722 ], [ 126.931587188207146, 37.617354587132219 ] ] ] } },
{ "type": "Feature", "properties": { "ADM_CD": "1138010300", "SGG_CD": "11380", "GU_NM": "은평구", "F_YR": 2025, "F_ZONE_NM": "서울특별시 은평구 불광동 239-57 B02호(지층 안쪽)", "F_SHIM": 0.1, "F_AREA": 104.21107455000001, "F_AVR_HGT": 40.999597167968751, "반복침수연도수": 2, "반복침수여부": true, "침수이력점수": 1, "기본위험등급": "주의" }, "geometry": { "type": "Polygon", "coordinates": [ [ [ 126.932788039928624, 37.615627662211708 ], [ 126.932775163886831, 37.615588552145383 ], [ 126.932762966443264, 37.615550523649745 ], [ 126.932632011625842, 37.615574683664782 ], [ 126.932656406399843, 37.615650740681211 ], [ 126.932788039928624, 37.615627662211708 ] ] ] } },
{ "type": "Feature", "properties": { "ADM_CD": "1138010300", "SGG_CD": "11380", "GU_NM": "은평구", "F_YR": 2025, "F_ZONE_NM": "서울특별시 은평구 불광동 238-127 1층 4호", "F_SHIM": 0.1, "F_AREA": 107.17923127, "F_AVR_HGT": 32.953404998779298, "반복침수연도수": 1, "반복침수여부": false, "침수이력점수": 1, "기본위험등급": "주의" }, "geometry": { "type": "Polygon", "coordinates": [ [ [ 126.931580877156662, 37.615627493574067 ], [ 126.931577262429414, 37.615617130152771 ], [ 126.93159742771428, 37.615612457002079 ], [ 126.931652031915732, 37.615600506297319 ], [ 126.9316254989958, 37.615510752898501 ], [ 126.931619742216796, 37.615489756636116 ], [ 126.931529220790651, 37.615515380938596 ], [ 126.93155878959486, 37.61562874185536 ], [ 126.931580877156662, 37.615627493574067 ] ] ] } },
{ "type": "Feature", "properties": { "ADM_CD": "1138010300", "SGG_CD": "11380", "GU_NM": "은평구", "F_YR": 2025, "F_ZONE_NM": "서울특별시 은평구 불광동 239-46 지하1층", "F_SHIM": 0.1, "F_AREA": 105.36176708000001, "F_AVR_HGT": 34.632752990722658, "반복침수연도수": 1, "반복침수여부": false, "침수이력점수": 1, "기본위험등급": "주의" }, "geometry": { "type": "Polygon", "coordinates": [ [ [ 126.932482474605308, 37.615606310806058 ], [ 126.932609808671828, 37.615578274625541 ], [ 126.932586322570344, 37.61549951518689 ], [ 126.932456722362701, 37.615528631193342 ], [ 126.932482474605308, 37.615606310806058 ] ] ] } },
{ "type": "Feature", "properties": { "ADM_CD": "1138010300", "SGG_CD": "11380", "GU_NM": "은평구", "F_YR": 2025, "F_ZONE_NM": "서울특별시 은평구 불광동 239-42", "F_SHIM": 0.1, "F_AREA": 114.01987107, "F_AVR_HGT": 34.632752990722658, "반복침수연도수": 1, "반복침수여부": false, "침수이력점수": 1, "기본위험등급": "주의" }, "geometry": { "type": "Polygon", "coordinates": [ [ [ 126.932456722362701, 37.615528631193342 ], [ 126.932433802670985, 37.615449962153292 ], [ 126.932293893445092, 37.615481324397884 ], [ 126.932300332164161, 37.615499978477366 ], [ 126.932320324163967, 37.615559995523384 ], [ 126.932456722362701, 37.615528631193342 ] ] ] } },
{ "type": "Feature", "properties": { "ADM_CD": "1138010300", "SGG_CD": "11380", "GU_NM": "은평구", "F_YR": 2025, "F_ZONE_NM": "서울특별시 은평구 불광동 239-45 지층 좌측", "F_SHIM": 0.1, "F_AREA": 106.46379728, "F_AVR_HGT": 34.632752990722658, "반복침수연도수": 1, "반복침수여부": false, "침수이력점수": 1, "기본위험등급": "주의" }, "geometry": { "type": "Polygon", "coordinates": [ [ [ 126.932456722362701, 37.615528631193342 ], [ 126.932586322570344, 37.61549951518689 ], [ 126.932561251416146, 37.615420124129813 ], [ 126.932433802670985, 37.615449962153292 ], [ 126.932456722362701, 37.615528631193342 ] ] ] } },
{ "type": "Feature", "properties": { "ADM_CD": "1138010300", "SGG_CD": "11380", "GU_NM": "은평구", "F_YR": 2025, "F_ZONE_NM": "서울특별시 은평구 불광동 234-2 지하101호", "F_SHIM": 0.1, "F_AREA": 211.14503377, "F_AVR_HGT": 36.64625701904297, "반복침수연도수": 2, "반복침수여부": true, "침수이력점수": 1, "기본위험등급": "주의" }, "geometry": { "type": "Polygon", "coordinates": [ [ [ 126.931642613933818, 37.61705918844283 ], [ 126.931635576794761, 37.616965932786272 ], [ 126.931627928878541, 37.616908085303471 ], [ 126.93159371453477, 37.616916804547202 ], [ 126.931599895878804, 37.616968344299153 ], [ 126.931605101963655, 37.617033245014483 ], [ 126.931502053407286, 37.617044725481364 ], [ 126.931514891665174, 37.617087448586332 ], [ 126.931519450082988, 37.617118219776422 ], [ 126.931514839675387, 37.61719123250564 ], [ 126.931631140002708, 37.617168227325536 ], [ 126.931622125484324, 37.617118280634521 ], [ 126.931651109340223, 37.617082889261695 ], [ 126.931642613933818, 37.61705918844283 ] ] ] } },
{ "type": "Feature", "properties": { "ADM_CD": "1138010300", "SGG_CD": "11380", "GU_NM": "은평구", "F_YR": 2025, "F_ZONE_NM": "서울특별시 은평구 불광동 240-9 B02호", "F_SHIM": 0.1, "F_AREA": 269.11176602, "F_AVR_HGT": 34.632752990722658, "반복침수연도수": 1, "반복침수여부": false, "침수이력점수": 1, "기본위험등급": "주의" }, "geometry": { "type": "Polygon", "coordinates": [ [ [ 126.932284012232529, 37.615388607674753 ], [ 126.932425850345652, 37.615353372353063 ], [ 126.93236246679038, 37.615183770631489 ], [ 126.932220627799225, 37.615220267250848 ], [ 126.93223486322762, 37.615258747491467 ], [ 126.932238099204724, 37.61531118647634 ], [ 126.932256522217415, 37.615353092899213 ], [ 126.932281758163683, 37.615376533209215 ], [ 126.932284012232529, 37.615388607674753 ] ] ] } },
{ "type": "Feature", "properties": { "ADM_CD": "1138010300", "SGG_CD": "11380", "GU_NM": "은평구", "F_YR": 2025, "F_ZONE_NM": "서울특별시 은평구 불광동 331-40 102호", "F_SHIM": 0.1, "F_AREA": 372.03012023999997, "F_AVR_HGT": 41.781713104248048, "반복침수연도수": 1, "반복침수여부": false, "침수이력점수": 1, "기본위험등급": "주의" }, "geometry": { "type": "Polygon", "coordinates": [ [ [ 126.926540792653341, 37.619094345227595 ], [ 126.926545106816732, 37.619084437186039 ], [ 126.926563961249414, 37.61903282299577 ], [ 126.926519639309959, 37.618953778868594 ], [ 126.926491144530729, 37.618905107822044 ], [ 126.926471221147111, 37.618893292312158 ], [ 126.926371966539108, 37.618924493164741 ], [ 126.926359029536584, 37.61894872129465 ], [ 126.926345414637893, 37.618971237128768 ], [ 126.926338981426724, 37.619060790466293 ], [ 126.926364554393984, 37.619086394593758 ], [ 126.926393179652308, 37.619117947128181 ], [ 126.926400539312368, 37.619120744851863 ], [ 126.926449238544038, 37.619127082702668 ], [ 126.926540792653341, 37.619094345227595 ] ] ] } },
{ "type": "Feature", "properties": { "ADM_CD": "1138010300", "SGG_CD": "11380", "GU_NM": "은평구", "F_YR": 2025, "F_ZONE_NM": "서울특별시 은평구 불광동 240-8 B102호", "F_SHIM": 0.1, "F_AREA": 156.294331, "F_AVR_HGT": 34.632752990722658, "반복침수연도수": 1, "반복침수여부": false, "침수이력점수": 1, "기본위험등급": "주의" }, "geometry": { "type": "Polygon", "coordinates": [ [ [ 126.932425850345652, 37.615353372353063 ], [ 126.93244704692529, 37.615347915807391 ], [ 126.932418336239579, 37.615260593956265 ], [ 126.932543170674947, 37.615228177615151 ], [ 126.932513369578047, 37.615144125708561 ], [ 126.932383538929244, 37.615178106798545 ], [ 126.93236246679038, 37.615183770631489 ], [ 126.932425850345652, 37.615353372353063 ] ] ] } },
{ "type": "Feature", "properties": { "ADM_CD": "1138010300", "SGG_CD": "11380", "GU_NM": "은평구", "F_YR": 2025, "F_ZONE_NM": "서울특별시 은평구 불광동 238-184 장미빌라 A동 102호", "F_SHIM": 0.1, "F_AREA": 187.96259782000001, "F_AVR_HGT": 35.211446380615243, "반복침수연도수": 2, "반복침수여부": true, "침수이력점수": 1, "기본위험등급": "주의" }, "geometry": { "type": "Polygon", "coordinates": [ [ [ 126.931789927974933, 37.616876556715418 ], [ 126.93179003577167, 37.616882413152986 ], [ 126.931873221606494, 37.616878461921345 ], [ 126.931888952164542, 37.616844179882186 ], [ 126.931904493369771, 37.616818601201729 ], [ 126.93193408340224, 37.616788796194825 ], [ 126.931965703121335, 37.616768722967258 ], [ 126.931971270487267, 37.616750075949632 ], [ 126.931786674476342, 37.616721856422423 ], [ 126.931789927974933, 37.616876556715418 ] ] ] } },
{ "type": "Feature", "properties": { "ADM_CD": "1138010300", "SGG_CD": "11380", "GU_NM": "은평구", "F_YR": 2025, "F_ZONE_NM": "서울특별시 은평구 불광동 323-8 지층 1호", "F_SHIM": 0.1, "F_AREA": 184.85145781, "F_AVR_HGT": 31.721667861938482, "반복침수연도수": 1, "반복침수여부": false, "침수이력점수": 1, "기본위험등급": "주의" }, "geometry": { "type": "Polygon", "coordinates": [ [ [ 126.923476382967152, 37.618803143790814 ], [ 126.923504379531224, 37.618784692206994 ], [ 126.923555367085783, 37.618768598356446 ], [ 126.923590023403349, 37.6187722251682 ], [ 126.923634224048229, 37.61874729719495 ], [ 126.923574404959723, 37.618651663693292 ], [ 126.92356897665239, 37.618643461187261 ], [ 126.923414519932152, 37.618712554346878 ], [ 126.923422664307438, 37.618723011108024 ], [ 126.923476382967152, 37.618803143790814 ] ] ] } },
{ "type": "Feature", "properties": { "ADM_CD": "1138010300", "SGG_CD": "11380", "GU_NM": "은평구", "F_YR": 2025, "F_ZONE_NM": "서울특별시 은평구 불광동 238-23 지하 2호", "F_SHIM": 0.1, "F_AREA": 308.77915166999998, "F_AVR_HGT": 35.211446380615243, "반복침수연도수": 1, "반복침수여부": false, "침수이력점수": 1, "기본위험등급": "주의" }, "geometry": { "type": "Polygon", "coordinates": [ [ [ 126.931982513945314, 37.61671764727285 ], [ 126.932012525098699, 37.616722079757629 ], [ 126.932039918405096, 37.616618483116042 ], [ 126.932033332268617, 37.616514776365932 ], [ 126.932019513874948, 37.616514858326937 ], [ 126.931894331619006, 37.616541183271579 ], [ 126.931863858577358, 37.616546300878916 ], [ 126.931849221972442, 37.616694954044007 ], [ 126.931982513945314, 37.61671764727285 ] ] ] } },
{ "type": "Feature", "properties": { "ADM_CD": "1138010300", "SGG_CD": "11380", "GU_NM": "은평구", "F_YR": 2025, "F_ZONE_NM": "서울특별시 은평구 불광동 8-59 B03호", "F_SHIM": 0.1, "F_AREA": 177.31526848, "F_AVR_HGT": 64.622644042968744, "반복침수연도수": 1, "반복침수여부": false, "침수이력점수": 1, "기본위험등급": "주의" }, "geometry": { "type": "Polygon", "coordinates": [ [ [ 126.934273199657071, 37.614190732484531 ], [ 126.934276237501763, 37.614087391691228 ], [ 126.934270687705009, 37.614087388528915 ], [ 126.934110532442375, 37.614091711966239 ], [ 126.934111558763931, 37.61420947077287 ], [ 126.934273199657071, 37.614190732484531 ] ] ] } },
{ "type": "Feature", "properties": { "ADM_CD": "1138010300", "SGG_CD": "11380", "GU_NM": "은평구", "F_YR": 2025, "F_ZONE_NM": "서울특별시 은평구 불광동 8-7 B02호", "F_SHIM": 0.1, "F_AREA": 271.73399751, "F_AVR_HGT": 40.999597167968751, "반복침수연도수": 1, "반복침수여부": false, "침수이력점수": 1, "기본위험등급": "주의" }, "geometry": { "type": "Polygon", "coordinates": [ [ [ 126.933278671684988, 37.616399727035692 ], [ 126.933301555509289, 37.616394965068388 ], [ 126.933304270651135, 37.6163984804625 ], [ 126.933424442968516, 37.616313236003464 ], [ 126.933391313894816, 37.61621301881933 ], [ 126.933201797117036, 37.61624074956444 ], [ 126.93317980905988, 37.616256864388077 ], [ 126.933180746450361, 37.616259820147604 ], [ 126.933248027290773, 37.61634465939197 ], [ 126.933278671684988, 37.616399727035692 ] ] ] } },
{ "type": "Feature", "properties": { "ADM_CD": "1138010300", "SGG_CD": "11380", "GU_NM": "은평구", "F_YR": 2025, "F_ZONE_NM": "서울특별시 은평구 불광동 8-61 지하1층", "F_SHIM": 0.1, "F_AREA": 221.98932789, "F_AVR_HGT": 64.622644042968744, "반복침수연도수": 1, "반복침수여부": false, "침수이력점수": 1, "기본위험등급": "주의" }, "geometry": { "type": "Polygon", "coordinates": [ [ [ 126.933937468404807, 37.614092694164839 ], [ 126.934102385609307, 37.614082877698443 ], [ 126.934094120525387, 37.61395412278484 ], [ 126.93394382413392, 37.613953045741987 ], [ 126.933921378810851, 37.613974746531163 ], [ 126.933937468404807, 37.614092694164839 ] ] ] } },
{ "type": "Feature", "properties": { "ADM_CD": "1138010300", "SGG_CD": "11380", "GU_NM": "은평구", "F_YR": 2025, "F_ZONE_NM": "서울특별시 은평구 불광동 242-9 지층", "F_SHIM": 0.1, "F_AREA": 167.866672, "F_AVR_HGT": 35.376397705078126, "반복침수연도수": 1, "반복침수여부": false, "침수이력점수": 1, "기본위험등급": "주의" }, "geometry": { "type": "Polygon", "coordinates": [ [ [ 126.931969218734622, 37.613723680064467 ], [ 126.931981115879637, 37.613718551483004 ], [ 126.931959810161572, 37.613610601392331 ], [ 126.931834043332984, 37.613661702923686 ], [ 126.931799485084028, 37.613676458602818 ], [ 126.931849682656221, 37.613773073419168 ], [ 126.931969218734622, 37.613723680064467 ] ] ] } },
{ "type": "Feature", "properties": { "ADM_CD": "1138010300", "SGG_CD": "11380", "GU_NM": "은평구", "F_YR": 2025, "F_ZONE_NM": "서울특별시 은평구 불광동 320-31 지층", "F_SHIM": 0.1, "F_AREA": 87.91698865, "F_AVR_HGT": 30.643134689331056, "반복침수연도수": 1, "반복침수여부": false, "침수이력점수": 1, "기본위험등급": "주의" }, "geometry": { "type": "Polygon", "coordinates": [ [ [ 126.923737164769747, 37.619310297531982 ], [ 126.923923695468588, 37.619398365004614 ], [ 126.923908032238359, 37.61929845402279 ], [ 126.923812271810434, 37.619301066916506 ], [ 126.923737164769747, 37.619310297531982 ] ] ] } },
{ "type": "Feature", "properties": { "ADM_CD": "1138010300", "SGG_CD": "11380", "GU_NM": "은평구", "F_YR": 2025, "F_ZONE_NM": "서울특별시 은평구 불광동 377-2 B02호", "F_SHIM": 0.1, "F_AREA": 167.50488384, "F_AVR_HGT": 38.493981933593751, "반복침수연도수": 1, "반복침수여부": false, "침수이력점수": 1, "기본위험등급": "주의" }, "geometry": { "type": "Polygon", "coordinates": [ [ [ 126.922856981652998, 37.622409175181822 ], [ 126.922934593899669, 37.622390486514426 ], [ 126.922932903518927, 37.622382196375476 ], [ 126.922915884846077, 37.622300826573081 ], [ 126.922896108365691, 37.622256755490262 ], [ 126.922878885950382, 37.622261339010947 ], [ 126.922753559421849, 37.622304862844103 ], [ 126.922821090398841, 37.622393474204735 ], [ 126.922856981652998, 37.622409175181822 ] ] ] } },
{ "type": "Feature", "properties": { "ADM_CD": "1138010300", "SGG_CD": "11380", "GU_NM": "은평구", "F_YR": 2025, "F_ZONE_NM": "서울특별시 은평구 불광동 194-8 B01호", "F_SHIM": 0.1, "F_AREA": 194.00694914, "F_AVR_HGT": 44.079820251464845, "반복침수연도수": 1, "반복침수여부": false, "침수이력점수": 1, "기본위험등급": "주의" }, "geometry": { "type": "Polygon", "coordinates": [ [ [ 126.930556727576828, 37.622323327931241 ], [ 126.930594764068516, 37.622348037643377 ], [ 126.930624751563613, 37.622379680051885 ], [ 126.930753007523705, 37.622395803483734 ], [ 126.930780506723096, 37.622256231178142 ], [ 126.930741766898677, 37.622256496262736 ], [ 126.930673114326311, 37.622265735158045 ], [ 126.930639678782711, 37.622286617810403 ], [ 126.930615990399005, 37.622301559843756 ], [ 126.930556727576828, 37.622323327931241 ] ] ] } },
{ "type": "Feature", "properties": { "ADM_CD": "1138010300", "SGG_CD": "11380", "GU_NM": "은평구", "F_YR": 2025, "F_ZONE_NM": "서울특별시 은평구 불광동 138-5 지층 좌측", "F_SHIM": 0.1, "F_AREA": 209.58591561, "F_AVR_HGT": 36.496018981933602, "반복침수연도수": 1, "반복침수여부": false, "침수이력점수": 1, "기본위험등급": "주의" }, "geometry": { "type": "Polygon", "coordinates": [ [ [ 126.928094045332585, 37.621400479356552 ], [ 126.928113418782658, 37.621396527097829 ], [ 126.928173913588552, 37.621388996481784 ], [ 126.928219002919747, 37.621381906756547 ], [ 126.928244831193894, 37.621379670347252 ], [ 126.928314260518391, 37.621386380688818 ], [ 126.928336347540636, 37.621387475564156 ], [ 126.928337667011277, 37.621312514855546 ], [ 126.928338712953604, 37.621285486107226 ], [ 126.928219767027585, 37.621295863651554 ], [ 126.928161420664864, 37.621307269840365 ], [ 126.928098890747265, 37.621311015068379 ], [ 126.928098085261112, 37.621323808481755 ], [ 126.928094045332585, 37.621400479356552 ] ] ] } },
{ "type": "Feature", "properties": { "ADM_CD": "1138010300", "SGG_CD": "11380", "GU_NM": "은평구", "F_YR": 2025, "F_ZONE_NM": "서울특별시 은평구 불광동 367-1 1층 102호", "F_SHIM": 0.1, "F_AREA": 60.96126479, "F_AVR_HGT": 32.181630706787111, "반복침수연도수": 1, "반복침수여부": false, "침수이력점수": 1, "기본위험등급": "주의" }, "geometry": { "type": "Polygon", "coordinates": [ [ [ 126.924447487686763, 37.621284630630754 ], [ 126.924400507332535, 37.621257930933652 ], [ 126.924327763609654, 37.621356910070723 ], [ 126.924346012046016, 37.621367598617447 ], [ 126.924386224552975, 37.621366768977481 ], [ 126.924447487686763, 37.621284630630754 ] ] ] } },
{ "type": "Feature", "properties": { "ADM_CD": "1138010300", "SGG_CD": "11380", "GU_NM": "은평구", "F_YR": 2025, "F_ZONE_NM": "서울특별시 은평구 불광동 353-54 지층 2호", "F_SHIM": 0.1, "F_AREA": 179.79073042, "F_AVR_HGT": 32.444387054443361, "반복침수연도수": 1, "반복침수여부": false, "침수이력점수": 1, "기본위험등급": "주의" }, "geometry": { "type": "Polygon", "coordinates": [ [ [ 126.925364833707988, 37.620318114304965 ], [ 126.925506132660075, 37.620379832438744 ], [ 126.925573744444876, 37.620279146402744 ], [ 126.925435276837135, 37.620217970762425 ], [ 126.925399092864282, 37.620267681526364 ], [ 126.925364833707988, 37.620318114304965 ] ] ] } },
{ "type": "Feature", "properties": { "ADM_CD": "1138010300", "SGG_CD": "11380", "GU_NM": "은평구", "F_YR": 2025, "F_ZONE_NM": "서울특별시 은평구 불광동 353-57 지층(왼쪽)", "F_SHIM": 0.1, "F_AREA": 163.88511773, "F_AVR_HGT": 32.444387054443361, "반복침수연도수": 1, "반복침수여부": false, "침수이력점수": 1, "기본위험등급": "주의" }, "geometry": { "type": "Polygon", "coordinates": [ [ [ 126.925340672968446, 37.620351525069964 ], [ 126.925364833707988, 37.620318114304965 ], [ 126.925399092864282, 37.620267681526364 ], [ 126.925241940036457, 37.620202349096758 ], [ 126.925185335844418, 37.620282770013787 ], [ 126.925340672968446, 37.620351525069964 ] ] ] } },
{ "type": "Feature", "properties": { "ADM_CD": "1138010300", "SGG_CD": "11380", "GU_NM": "은평구", "F_YR": 2025, "F_ZONE_NM": "서울특별시 은평구 불광동 189-8 1층", "F_SHIM": 0.1, "F_AREA": 238.45355343, "F_AVR_HGT": 45.784951782226557, "반복침수연도수": 1, "반복침수여부": false, "침수이력점수": 1, "기본위험등급": "주의" }, "geometry": { "type": "Polygon", "coordinates": [ [ [ 126.931707010652616, 37.622335546584011 ], [ 126.931782569909331, 37.622329464598188 ], [ 126.931860062791955, 37.622314824397726 ], [ 126.931856381056235, 37.62229091022143 ], [ 126.93183619359128, 37.622159661588441 ], [ 126.931690510687986, 37.622173810952937 ], [ 126.931707010652616, 37.622335546584011 ] ] ] } },
{ "type": "Feature", "properties": { "ADM_CD": "1138010300", "SGG_CD": "11380", "GU_NM": "은평구", "F_YR": 2025, "F_ZONE_NM": "서울특별시 은평구 불광동 188-2", "F_SHIM": 0.1, "F_AREA": 55.46658335, "F_AVR_HGT": 46.598874664306642, "반복침수연도수": 1, "반복침수여부": false, "침수이력점수": 1, "기본위험등급": "주의" }, "geometry": { "type": "Polygon", "coordinates": [ [ [ 126.932766704795441, 37.622315536302942 ], [ 126.932774314703593, 37.622293196438136 ], [ 126.932734005986248, 37.62227506325587 ], [ 126.932641275409267, 37.622231131452182 ], [ 126.932633350752837, 37.622226261535666 ], [ 126.932614730658628, 37.622273101613047 ], [ 126.932766704795441, 37.622315536302942 ] ] ] } },
{ "type": "Feature", "properties": { "ADM_CD": "1138010300", "SGG_CD": "11380", "GU_NM": "은평구", "F_YR": 2025, "F_ZONE_NM": "서울특별시 은평구 불광동 23-85 B02", "F_SHIM": 0.1, "F_AREA": 108.22225718, "F_AVR_HGT": 53.914968109130861, "반복침수연도수": 1, "반복침수여부": false, "침수이력점수": 1, "기본위험등급": "주의" }, "geometry": { "type": "Polygon", "coordinates": [ [ [ 126.934636589351314, 37.621523027878602 ], [ 126.93463997288454, 37.621488792560072 ], [ 126.934669086872717, 37.621485475430916 ], [ 126.934678890809693, 37.621415655041503 ], [ 126.934525507676753, 37.621467338369669 ], [ 126.934536627001236, 37.621534954213359 ], [ 126.934636589351314, 37.621523027878602 ] ] ] } },
{ "type": "Feature", "properties": { "ADM_CD": "1138010300", "SGG_CD": "11380", "GU_NM": "은평구", "F_YR": 2025, "F_ZONE_NM": "서울특별시 은평구 불광동 368-5 지층 102호", "F_SHIM": 0.1, "F_AREA": 145.315344, "F_AVR_HGT": 29.823581314086915, "반복침수연도수": 1, "반복침수여부": false, "침수이력점수": 1, "기본위험등급": "주의" }, "geometry": { "type": "Polygon", "coordinates": [ [ [ 126.923553086505862, 37.621288908391158 ], [ 126.923609507647484, 37.621277773504019 ], [ 126.923645648757685, 37.621270769716155 ], [ 126.923661668688439, 37.621224199626887 ], [ 126.923649565221666, 37.621208244296838 ], [ 126.923599120505799, 37.621136763293713 ], [ 126.923522739718095, 37.621170769874958 ], [ 126.92350676066404, 37.62117814734772 ], [ 126.923553086505862, 37.621288908391158 ] ] ] } },
{ "type": "Feature", "properties": { "ADM_CD": "1138010300", "SGG_CD": "11380", "GU_NM": "은평구", "F_YR": 2025, "F_ZONE_NM": "서울특별시 은평구 불광동 353-65 지하 좌측", "F_SHIM": 0.1, "F_AREA": 140.3062287, "F_AVR_HGT": 32.444387054443361, "반복침수연도수": 1, "반복침수여부": false, "침수이력점수": 1, "기본위험등급": "주의" }, "geometry": { "type": "Polygon", "coordinates": [ [ [ 126.925133228265366, 37.62028579962859 ], [ 126.925192670999749, 37.620198803418241 ], [ 126.925066885054832, 37.620142590937022 ], [ 126.925033419270719, 37.62019239344837 ], [ 126.925007327840476, 37.620230668186657 ], [ 126.925133228265366, 37.62028579962859 ] ] ] } },
{ "type": "Feature", "properties": { "ADM_CD": "1138010300", "SGG_CD": "11380", "GU_NM": "은평구", "F_YR": 2025, "F_ZONE_NM": "서울특별시 은평구 불광동 353-80 지하 101호", "F_SHIM": 0.1, "F_AREA": 149.91173602000001, "F_AVR_HGT": 32.444387054443361, "반복침수연도수": 1, "반복침수여부": false, "침수이력점수": 1, "기본위험등급": "주의" }, "geometry": { "type": "Polygon", "coordinates": [ [ [ 126.925435276837135, 37.620217970762425 ], [ 126.925573744444876, 37.620279146402744 ], [ 126.925632844743689, 37.620194222004066 ], [ 126.925563331914518, 37.620159579648657 ], [ 126.925487345494474, 37.620141871506647 ], [ 126.925451839471549, 37.620193294586343 ], [ 126.925435276837135, 37.620217970762425 ] ] ] } },
{ "type": "Feature", "properties": { "ADM_CD": "1138010300", "SGG_CD": "11380", "GU_NM": "은평구", "F_YR": 2025, "F_ZONE_NM": "서울특별시 은평구 불광동 377-4 B2호", "F_SHIM": 0.1, "F_AREA": 178.0933471, "F_AVR_HGT": 38.493981933593751, "반복침수연도수": 1, "반복침수여부": false, "침수이력점수": 1, "기본위험등급": "주의" }, "geometry": { "type": "Polygon", "coordinates": [ [ [ 126.922753559421849, 37.622304862844103 ], [ 126.922878885950382, 37.622261339010947 ], [ 126.922924940827187, 37.622198841700403 ], [ 126.922884859112955, 37.622182597363313 ], [ 126.92284886237843, 37.622159598387988 ], [ 126.922696101952525, 37.622223826402326 ], [ 126.922753559421849, 37.622304862844103 ] ] ] } },
{ "type": "Feature", "properties": { "ADM_CD": "1138010300", "SGG_CD": "11380", "GU_NM": "은평구", "F_YR": 2025, "F_ZONE_NM": "서울특별시 은평구 불광동 377-19 지하 101호", "F_SHIM": 0.1, "F_AREA": 181.40372189000001, "F_AVR_HGT": 38.493981933593751, "반복침수연도수": 1, "반복침수여부": false, "침수이력점수": 1, "기본위험등급": "주의" }, "geometry": { "type": "Polygon", "coordinates": [ [ [ 126.922475289891338, 37.622263411908605 ], [ 126.922482854609527, 37.622286662252087 ], [ 126.922492592893605, 37.622289732105045 ], [ 126.922645925231564, 37.622220549348796 ], [ 126.922574773968691, 37.622128061250756 ], [ 126.922430504870235, 37.622196078716641 ], [ 126.922475289891338, 37.622263411908605 ] ] ] } },
{ "type": "Feature", "properties": { "ADM_CD": "1138010300", "SGG_CD": "11380", "GU_NM": "은평구", "F_YR": 2025, "F_ZONE_NM": "서울특별시 은평구 불광동 177-39 1층", "F_SHIM": 0.1, "F_AREA": 187.74142397, "F_AVR_HGT": 45.784951782226557, "반복침수연도수": 1, "반복침수여부": false, "침수이력점수": 1, "기본위험등급": "주의" }, "geometry": { "type": "Polygon", "coordinates": [ [ [ 126.932009501331947, 37.622282026755506 ], [ 126.93214590298696, 37.622260303311606 ], [ 126.932149314504301, 37.622245979738736 ], [ 126.932130959359611, 37.622129292065502 ], [ 126.931991392326182, 37.622144526573265 ], [ 126.932006768145214, 37.622261230532466 ], [ 126.932009501331947, 37.622282026755506 ] ] ] } },
{ "type": "Feature", "properties": { "ADM_CD": "1138010300", "SGG_CD": "11380", "GU_NM": "은평구", "F_YR": 2025, "F_ZONE_NM": "서울특별시 은평구 불광동 205-8 지층 좌", "F_SHIM": 0.1, "F_AREA": 131.99997353000001, "F_AVR_HGT": 41.34108123779297, "반복침수연도수": 1, "반복침수여부": false, "침수이력점수": 1, "기본위험등급": "주의" }, "geometry": { "type": "Polygon", "coordinates": [ [ [ 126.929345138557707, 37.621517027080863 ], [ 126.929433783178126, 37.621449147380716 ], [ 126.92944636545036, 37.621439784875243 ], [ 126.929313440322204, 37.62138123002174 ], [ 126.929249265370871, 37.621446151386913 ], [ 126.929345138557707, 37.621517027080863 ] ] ] } },
{ "type": "Feature", "properties": { "ADM_CD": "1138010300", "SGG_CD": "11380", "GU_NM": "은평구", "F_YR": 2025, "F_ZONE_NM": "서울특별시 은평구 불광동 353-79 B02호", "F_SHIM": 0.1, "F_AREA": 143.3896177, "F_AVR_HGT": 32.444387054443361, "반복침수연도수": 1, "반복침수여부": false, "침수이력점수": 1, "기본위험등급": "주의" }, "geometry": { "type": "Polygon", "coordinates": [ [ [ 126.925487345494474, 37.620141871506647 ], [ 126.925490296669665, 37.620135836841598 ], [ 126.925496422715412, 37.620126560693599 ], [ 126.925499486242245, 37.620121427080782 ], [ 126.925373358455829, 37.620067106763379 ], [ 126.925355147962478, 37.620041597275474 ], [ 126.925295255312932, 37.620125800241375 ], [ 126.925451839471549, 37.620193294586343 ], [ 126.925487345494474, 37.620141871506647 ] ] ] } },
{ "type": "Feature", "properties": { "ADM_CD": "1138010300", "SGG_CD": "11380", "GU_NM": "은평구", "F_YR": 2025, "F_ZONE_NM": "서울특별시 은평구 불광동 16-66 지하 101호", "F_SHIM": 0.1, "F_AREA": 170.71200332000001, "F_AVR_HGT": 48.712716674804689, "반복침수연도수": 1, "반복침수여부": false, "침수이력점수": 1, "기본위험등급": "주의" }, "geometry": { "type": "Polygon", "coordinates": [ [ [ 126.932020348406112, 37.6212160838854 ], [ 126.932176647904484, 37.621233204353132 ], [ 126.932202345661963, 37.621127354308065 ], [ 126.932040611344789, 37.621108068322592 ], [ 126.932020348406112, 37.6212160838854 ] ] ] } },
{ "type": "Feature", "properties": { "ADM_CD": "1138010300", "SGG_CD": "11380", "GU_NM": "은평구", "F_YR": 2025, "F_ZONE_NM": "서울특별시 은평구 불광동 439-21 B01호", "F_SHIM": 0.1, "F_AREA": 103.49339427, "F_AVR_HGT": 49.303010559082033, "반복침수연도수": 1, "반복침수여부": false, "침수이력점수": 1, "기본위험등급": "주의" }, "geometry": { "type": "Polygon", "coordinates": [ [ [ 126.925443688431756, 37.623868475910697 ], [ 126.925486776747263, 37.623937068219767 ], [ 126.925612562571743, 37.623888586404817 ], [ 126.925572303866261, 37.623822158313054 ], [ 126.925443688431756, 37.623868475910697 ] ] ] } },
{ "type": "Feature", "properties": { "ADM_CD": "1138010300", "SGG_CD": "11380", "GU_NM": "은평구", "F_YR": 2025, "F_ZONE_NM": "서울특별시 은평구 불광동 146-5 지하", "F_SHIM": 0.1, "F_AREA": 176.41460731000001, "F_AVR_HGT": 38.270249938964845, "반복침수연도수": 1, "반복침수여부": false, "침수이력점수": 1, "기본위험등급": "주의" }, "geometry": { "type": "Polygon", "coordinates": [ [ [ 126.929502600669338, 37.622090326646877 ], [ 126.92963972717051, 37.622139693846343 ], [ 126.929681372183879, 37.622063135924137 ], [ 126.929675740947516, 37.622029435851758 ], [ 126.929591497720835, 37.621996138379146 ], [ 126.929551525589176, 37.621982329017484 ], [ 126.929491730693016, 37.622085905211726 ], [ 126.929502600669338, 37.622090326646877 ] ] ] } },
{ "type": "Feature", "properties": { "ADM_CD": "1138010300", "SGG_CD": "11380", "GU_NM": "은평구", "F_YR": 2025, "F_ZONE_NM": "서울특별시 은평구 불광동 353-2 지층 1호", "F_SHIM": 0.1, "F_AREA": 138.52298427, "F_AVR_HGT": 33.619119262695314, "반복침수연도수": 1, "반복침수여부": false, "침수이력점수": 1, "기본위험등급": "주의" }, "geometry": { "type": "Polygon", "coordinates": [ [ [ 126.926338030676519, 37.621006195063551 ], [ 126.926401115181918, 37.621036499152879 ], [ 126.926462824607455, 37.621060053994128 ], [ 126.926463391781212, 37.621059243472942 ], [ 126.92647938681813, 37.621035647971027 ], [ 126.926520793066672, 37.620973867070092 ], [ 126.926459992764819, 37.620947429701282 ], [ 126.926395342272116, 37.620919998772123 ], [ 126.926376171368503, 37.620947826846617 ], [ 126.926338030676519, 37.621006195063551 ] ] ] } },
{ "type": "Feature", "properties": { "ADM_CD": "1138010300", "SGG_CD": "11380", "GU_NM": "은평구", "F_YR": 2025, "F_ZONE_NM": "서울특별시 은평구 불광동 391-89 지상 101호", "F_SHIM": 0.1, "F_AREA": 151.22022551000001, "F_AVR_HGT": 43.64210662841797, "반복침수연도수": 1, "반복침수여부": false, "침수이력점수": 1, "기본위험등급": "주의" }, "geometry": { "type": "Polygon", "coordinates": [ [ [ 126.921368964487442, 37.622763700471054 ], [ 126.921495242235594, 37.62278531958529 ], [ 126.92150905919209, 37.622787671501307 ], [ 126.921530472244598, 37.622678036795691 ], [ 126.921495363340185, 37.6226723368206 ], [ 126.921396831849492, 37.622656412720083 ], [ 126.921381933268464, 37.622711993047623 ], [ 126.921368964487442, 37.622763700471054 ] ] ] } },
{ "type": "Feature", "properties": { "ADM_CD": "1138010300", "SGG_CD": "11380", "GU_NM": "은평구", "F_YR": 2025, "F_ZONE_NM": "서울특별시 은평구 불광동 143-6 지층", "F_SHIM": 0.1, "F_AREA": 142.44659696, "F_AVR_HGT": 36.496018981933602, "반복침수연도수": 1, "반복침수여부": false, "침수이력점수": 1, "기본위험등급": "주의" }, "geometry": { "type": "Polygon", "coordinates": [ [ [ 126.928609590430227, 37.622052567819239 ], [ 126.928618651760516, 37.622053114005254 ], [ 126.928623291420834, 37.621941755769065 ], [ 126.928488048412561, 37.621936536563354 ], [ 126.928492104122157, 37.621959153666218 ], [ 126.928485735975073, 37.621984557355425 ], [ 126.928477754674105, 37.622037890419136 ], [ 126.928609590430227, 37.622052567819239 ] ] ] } },
{ "type": "Feature", "properties": { "ADM_CD": "1138010300", "SGG_CD": "11380", "GU_NM": "은평구", "F_YR": 2025, "F_ZONE_NM": "서울특별시 은평구 불광동 141-1 101호", "F_SHIM": 0.1, "F_AREA": 523.94652996000002, "F_AVR_HGT": 41.34108123779297, "반복침수연도수": 1, "반복침수여부": false, "침수이력점수": 1, "기본위험등급": "주의" }, "geometry": { "type": "Polygon", "coordinates": [ [ [ 126.929106273415456, 37.621956829200755 ], [ 126.92930543789204, 37.622042634425554 ], [ 126.929359056528313, 37.622000861762778 ], [ 126.929384347344197, 37.621968892442382 ], [ 126.929405454693736, 37.621928991937622 ], [ 126.929354407306121, 37.621888867130025 ], [ 126.929297576430642, 37.621855586207261 ], [ 126.929254346897679, 37.62181348398466 ], [ 126.929164707959103, 37.621737926947894 ], [ 126.929125333509774, 37.621692042925538 ], [ 126.929122234521685, 37.621733936586864 ], [ 126.929115235498855, 37.621826102529205 ], [ 126.929108462567669, 37.621918719098367 ], [ 126.929106273415456, 37.621956829200755 ] ] ] } },
{ "type": "Feature", "properties": { "ADM_CD": "1138010300", "SGG_CD": "11380", "GU_NM": "은평구", "F_YR": 2025, "F_ZONE_NM": "서울특별시 은평구 불광동 352-3 102호", "F_SHIM": 0.1, "F_AREA": 139.93851705, "F_AVR_HGT": 38.787389373779298, "반복침수연도수": 1, "반복침수여부": false, "침수이력점수": 1, "기본위험등급": "주의" }, "geometry": { "type": "Polygon", "coordinates": [ [ [ 126.926749512307779, 37.62095013623982 ], [ 126.926763805542123, 37.620929152462459 ], [ 126.926770724936745, 37.620919336164114 ], [ 126.926805892928016, 37.620865569931823 ], [ 126.926673760364537, 37.620810436326252 ], [ 126.926618058722966, 37.620895543590834 ], [ 126.926749512307779, 37.62095013623982 ] ] ] } },
{ "type": "Feature", "properties": { "ADM_CD": "1138010300", "SGG_CD": "11380", "GU_NM": "은평구", "F_YR": 2025, "F_ZONE_NM": "서울특별시 은평구 불광동 353-9 지층", "F_SHIM": 0.1, "F_AREA": 133.90158351, "F_AVR_HGT": 33.619119262695314, "반복침수연도수": 1, "반복침수여부": false, "침수이력점수": 1, "기본위험등급": "주의" }, "geometry": { "type": "Polygon", "coordinates": [ [ [ 126.926376171368503, 37.620947826846617 ], [ 126.926395342272116, 37.620919998772123 ], [ 126.926431871150058, 37.62086488204784 ], [ 126.926304381083355, 37.620811643040618 ], [ 126.926302580822465, 37.620810894079845 ], [ 126.926247663391962, 37.620892965366785 ], [ 126.926376171368503, 37.620947826846617 ] ] ] } },
{ "type": "Feature", "properties": { "ADM_CD": "1138010300", "SGG_CD": "11380", "GU_NM": "은평구", "F_YR": 2025, "F_ZONE_NM": "서울특별시 은평구 불광동 353-13 지층 좌측", "F_SHIM": 0.1, "F_AREA": 136.66863191, "F_AVR_HGT": 33.619119262695314, "반복침수연도수": 1, "반복침수여부": false, "침수이력점수": 1, "기본위험등급": "주의" }, "geometry": { "type": "Polygon", "coordinates": [ [ [ 126.926058277697891, 37.62088869990697 ], [ 126.9261684448132, 37.620934359887947 ], [ 126.926233219337064, 37.620838717159522 ], [ 126.9261203387249, 37.620788190212807 ], [ 126.926102865366843, 37.620817460896021 ], [ 126.926094582450801, 37.620831420791681 ], [ 126.926076430445448, 37.620859699959063 ], [ 126.926058277697891, 37.62088869990697 ] ] ] } },
{ "type": "Feature", "properties": { "ADM_CD": "1138010300", "SGG_CD": "11380", "GU_NM": "은평구", "F_YR": 2025, "F_ZONE_NM": "서울특별시 은평구 불광동 367-32 지층", "F_SHIM": 0.1, "F_AREA": 99.38949804000001, "F_AVR_HGT": 29.823581314086915, "반복침수연도수": 1, "반복침수여부": false, "침수이력점수": 1, "기본위험등급": "주의" }, "geometry": { "type": "Polygon", "coordinates": [ [ [ 126.923817793726272, 37.62086291948701 ], [ 126.923924451197522, 37.620905515919667 ], [ 126.923953628891539, 37.62084111503588 ], [ 126.92393461062882, 37.620830200676473 ], [ 126.923942322817254, 37.620820835555165 ], [ 126.923871456651554, 37.620780695339612 ], [ 126.923815326041293, 37.620839582481679 ], [ 126.923817793726272, 37.62086291948701 ] ] ] } },
{ "type": "Feature", "properties": { "ADM_CD": "1138010300", "SGG_CD": "11380", "GU_NM": "은평구", "F_YR": 2025, "F_ZONE_NM": "서울특별시 은평구 불광동 376-9 지층 우", "F_SHIM": 0.1, "F_AREA": 187.42040883000001, "F_AVR_HGT": 37.939092254638673, "반복침수연도수": 1, "반복침수여부": false, "침수이력점수": 1, "기본위험등급": "주의" }, "geometry": { "type": "Polygon", "coordinates": [ [ [ 126.922260045434072, 37.621966484809789 ], [ 126.922328520765106, 37.621911480917646 ], [ 126.922392460399749, 37.621860888744877 ], [ 126.922308600778265, 37.621789564984091 ], [ 126.922287858658976, 37.621801984580458 ], [ 126.922174064753946, 37.621865877687384 ], [ 126.922260045434072, 37.621966484809789 ] ] ] } },
{ "type": "Feature", "properties": { "ADM_CD": "1138010300", "SGG_CD": "11380", "GU_NM": "은평구", "F_YR": 2025, "F_ZONE_NM": "서울특별시 은평구 불광동 353-8 지하 우측", "F_SHIM": 0.1, "F_AREA": 129.21947559, "F_AVR_HGT": 33.619119262695314, "반복침수연도수": 1, "반복침수여부": false, "침수이력점수": 1, "기본위험등급": "주의" }, "geometry": { "type": "Polygon", "coordinates": [ [ [ 126.926451043642146, 37.620835432200955 ], [ 126.926484170314666, 37.620784277607207 ], [ 126.926354868099409, 37.620730947403615 ], [ 126.926302580822465, 37.620810894079845 ], [ 126.926304381083355, 37.620811643040618 ], [ 126.926431871150058, 37.62086488204784 ], [ 126.926451043642146, 37.620835432200955 ] ] ] } },
{ "type": "Feature", "properties": { "ADM_CD": "1138010300", "SGG_CD": "11380", "GU_NM": "은평구", "F_YR": 2025, "F_ZONE_NM": "서울특별시 은평구 불광동 353-14 지층", "F_SHIM": 0.1, "F_AREA": 132.92272987000001, "F_AVR_HGT": 33.619119262695314, "반복침수연도수": 1, "반복침수여부": false, "침수이력점수": 1, "기본위험등급": "주의" }, "geometry": { "type": "Polygon", "coordinates": [ [ [ 126.926233219337064, 37.620838717159522 ], [ 126.926293597082463, 37.620744747413966 ], [ 126.926235152507161, 37.620718888057247 ], [ 126.926180114834082, 37.620695607649303 ], [ 126.926165139580192, 37.620718843371222 ], [ 126.926148359848156, 37.620745501662547 ], [ 126.9261203387249, 37.620788190212807 ], [ 126.926233219337064, 37.620838717159522 ] ] ] } },
{ "type": "Feature", "properties": { "ADM_CD": "1138010300", "SGG_CD": "11380", "GU_NM": "은평구", "F_YR": 2025, "F_ZONE_NM": "서울특별시 은평구 불광동 387-9 b02", "F_SHIM": 0.1, "F_AREA": 126.07940206000001, "F_AVR_HGT": 38.493981933593751, "반복침수연도수": 1, "반복침수여부": false, "침수이력점수": 1, "기본위험등급": "주의" }, "geometry": { "type": "Polygon", "coordinates": [ [ [ 126.922939229962708, 37.622613482073199 ], [ 126.922956554187451, 37.622512223492762 ], [ 126.922895847342375, 37.622504614832202 ], [ 126.922755071146199, 37.622589843729166 ], [ 126.922804894619006, 37.622606094607761 ], [ 126.922853496781855, 37.622598919179829 ], [ 126.922918278719393, 37.622609233515519 ], [ 126.922939229962708, 37.622613482073199 ] ] ] } },
{ "type": "Feature", "properties": { "ADM_CD": "1138010300", "SGG_CD": "11380", "GU_NM": "은평구", "F_YR": 2025, "F_ZONE_NM": "서울특별시 은평구 불광동 104-16 지하 우측", "F_SHIM": 0.1, "F_AREA": 142.32139103, "F_AVR_HGT": 35.978509521484376, "반복침수연도수": 1, "반복침수여부": false, "침수이력점수": 1, "기본위험등급": "주의" }, "geometry": { "type": "Polygon", "coordinates": [ [ [ 126.926670903825837, 37.623320834451164 ], [ 126.926674409845461, 37.623326332650336 ], [ 126.92679814148336, 37.623291272858694 ], [ 126.926753262672136, 37.623199975200293 ], [ 126.926620268013295, 37.623209711539971 ], [ 126.926639481834556, 37.623252520264209 ], [ 126.926670903825837, 37.623320834451164 ] ] ] } },
{ "type": "Feature", "properties": { "ADM_CD": "1138010300", "SGG_CD": "11380", "GU_NM": "은평구", "F_YR": 2025, "F_ZONE_NM": "서울특별시 은평구 불광동 314-16 지층 2호", "F_SHIM": 0.1, "F_AREA": 124.45293707, "F_AVR_HGT": 29.823581314086915, "반복침수연도수": 1, "반복침수여부": false, "침수이력점수": 1, "기본위험등급": "주의" }, "geometry": { "type": "Polygon", "coordinates": [ [ [ 126.923693986318014, 37.620744989724756 ], [ 126.923696585545997, 37.62075075771061 ], [ 126.923722988071404, 37.620740864339751 ], [ 126.923769796664146, 37.620725290215908 ], [ 126.923775677484642, 37.620723329954011 ], [ 126.923773644888882, 37.620717292049186 ], [ 126.923746546521883, 37.620634023644151 ], [ 126.923737852526855, 37.620607258808761 ], [ 126.923660614325371, 37.620627678139471 ], [ 126.923563027270745, 37.620653183525476 ], [ 126.923548434454176, 37.62065652553003 ], [ 126.923552133808045, 37.620671790574917 ], [ 126.923653878014491, 37.620646215862706 ], [ 126.923682688124856, 37.620717232090414 ], [ 126.923693986318014, 37.620744989724756 ] ] ] } },
{ "type": "Feature", "properties": { "ADM_CD": "1138010300", "SGG_CD": "11380", "GU_NM": "은평구", "F_YR": 2025, "F_ZONE_NM": "서울특별시 은평구 불광동 353-15 지하 2호", "F_SHIM": 0.1, "F_AREA": 132.84615722000001, "F_AVR_HGT": 33.619119262695314, "반복침수연도수": 1, "반복침수여부": false, "침수이력점수": 1, "기본위험등급": "주의" }, "geometry": { "type": "Polygon", "coordinates": [ [ [ 126.926293597082463, 37.620744747413966 ], [ 126.926309673627955, 37.620718935575006 ], [ 126.926353466969474, 37.620648777136921 ], [ 126.926243868061121, 37.620601586023014 ], [ 126.926202463063021, 37.620662105459495 ], [ 126.926180114834082, 37.620695607649303 ], [ 126.926235152507161, 37.620718888057247 ], [ 126.926293597082463, 37.620744747413966 ] ] ] } },
{ "type": "Feature", "properties": { "ADM_CD": "1138010300", "SGG_CD": "11380", "GU_NM": "은평구", "F_YR": 2025, "F_ZONE_NM": "서울특별시 은평구 불광동 140-15 지하 좌측", "F_SHIM": 0.1, "F_AREA": 122.81700835, "F_AVR_HGT": 41.34108123779297, "반복침수연도수": 1, "반복침수여부": false, "침수이력점수": 1, "기본위험등급": "주의" }, "geometry": { "type": "Polygon", "coordinates": [ [ [ 126.928669975353429, 37.621809881153382 ], [ 126.928806574085314, 37.621818524709283 ], [ 126.928813573137489, 37.621726719177254 ], [ 126.928678107036177, 37.621718346622458 ], [ 126.928671384090805, 37.621794015768366 ], [ 126.928669975353429, 37.621809881153382 ] ] ] } },
{ "type": "Feature", "properties": { "ADM_CD": "1138010300", "SGG_CD": "11380", "GU_NM": "은평구", "F_YR": 2025, "F_ZONE_NM": "서울특별시 은평구 불광동 353-33 지층 우측", "F_SHIM": 0.1, "F_AREA": 137.30526225, "F_AVR_HGT": 33.619119262695314, "반복침수연도수": 1, "반복침수여부": false, "침수이력점수": 1, "기본위험등급": "주의" }, "geometry": { "type": "Polygon", "coordinates": [ [ [ 126.925852695935589, 37.620648006616214 ], [ 126.925887976543862, 37.620595412001407 ], [ 126.925919966771801, 37.620548221147722 ], [ 126.925815919928354, 37.620499681722421 ], [ 126.925744341680968, 37.620602437600581 ], [ 126.925852695935589, 37.620648006616214 ] ] ] } },
{ "type": "Feature", "properties": { "ADM_CD": "1138010300", "SGG_CD": "11380", "GU_NM": "은평구", "F_YR": 2025, "F_ZONE_NM": "서울특별시 은평구 불광동 353-52 B04호", "F_SHIM": 0.1, "F_AREA": 205.79949131000001, "F_AVR_HGT": 30.628530120849611, "반복침수연도수": 1, "반복침수여부": false, "침수이력점수": 1, "기본위험등급": "주의" }, "geometry": { "type": "Polygon", "coordinates": [ [ [ 126.925209878270763, 37.620540916661561 ], [ 126.9253340792919, 37.620597037865664 ], [ 126.925355938666769, 37.620598944033858 ], [ 126.925430580440761, 37.620491595368776 ], [ 126.925288037109453, 37.620428164479769 ], [ 126.925278734463504, 37.620442303856279 ], [ 126.925215777474477, 37.620532000774105 ], [ 126.925209878270763, 37.620540916661561 ] ] ] } },
{ "type": "Feature", "properties": { "ADM_CD": "1138010300", "SGG_CD": "11380", "GU_NM": "은평구", "F_YR": 2025, "F_ZONE_NM": "서울특별시 은평구 불광동 353-41 지층 우측", "F_SHIM": 0.1, "F_AREA": 133.82987498, "F_AVR_HGT": 33.619119262695314, "반복침수연도수": 1, "반복침수여부": false, "침수이력점수": 1, "기본위험등급": "주의" }, "geometry": { "type": "Polygon", "coordinates": [ [ [ 126.925603848198733, 37.620527746160235 ], [ 126.925710049195729, 37.620574214902099 ], [ 126.925777997130169, 37.620477042790327 ], [ 126.925669759185794, 37.620428770839624 ], [ 126.92566749010939, 37.620432373301256 ], [ 126.925606456727365, 37.620524504310296 ], [ 126.925603848198733, 37.620527746160235 ] ] ] } },
{ "type": "Feature", "properties": { "ADM_CD": "1138010300", "SGG_CD": "11380", "GU_NM": "은평구", "F_YR": 2025, "F_ZONE_NM": "서울특별시 은평구 불광동 345-14 지하", "F_SHIM": 0.1, "F_AREA": 133.04531196, "F_AVR_HGT": 33.619119262695314, "반복침수연도수": 1, "반복침수여부": false, "침수이력점수": 1, "기본위험등급": "주의" }, "geometry": { "type": "Polygon", "coordinates": [ [ [ 126.926333328898608, 37.620512265838457 ], [ 126.926418131543471, 37.620549350116043 ], [ 126.926483016782143, 37.620455599372399 ], [ 126.9263719476413, 37.620406335187113 ], [ 126.926310012340323, 37.620495132360439 ], [ 126.926333328898608, 37.620512265838457 ] ] ] } },
{ "type": "Feature", "properties": { "ADM_CD": "1138010300", "SGG_CD": "11380", "GU_NM": "은평구", "F_YR": 2025, "F_ZONE_NM": "서울특별시 은평구 불광동 377-21 지하 101호( B01호)", "F_SHIM": 0.1, "F_AREA": 179.11904071000001, "F_AVR_HGT": 38.493981933593751, "반복침수연도수": 1, "반복침수여부": false, "침수이력점수": 1, "기본위험등급": "주의" }, "geometry": { "type": "Polygon", "coordinates": [ [ [ 126.922630810129021, 37.622482003555362 ], [ 126.922753762934391, 37.622434063469214 ], [ 126.922796704721208, 37.622423640759287 ], [ 126.922717751176947, 37.622317903143582 ], [ 126.9226060045401, 37.622373509014984 ], [ 126.92261743309075, 37.622384959099136 ], [ 126.922598742641995, 37.622385216894706 ], [ 126.922598489712513, 37.622410173863152 ], [ 126.922630810129021, 37.622482003555362 ] ] ] } },
{ "type": "Feature", "properties": { "ADM_CD": "1138010300", "SGG_CD": "11380", "GU_NM": "은평구", "F_YR": 2025, "F_ZONE_NM": "서울특별시 은평구 불광동 353-46 지층 좌", "F_SHIM": 0.1, "F_AREA": 132.25166083, "F_AVR_HGT": 33.619119262695314, "반복침수연도수": 1, "반복침수여부": false, "침수이력점수": 1, "기본위험등급": "주의" }, "geometry": { "type": "Polygon", "coordinates": [ [ [ 126.925492554183165, 37.620477309729417 ], [ 126.925606456727365, 37.620524504310296 ], [ 126.92566749010939, 37.620432373301256 ], [ 126.925556534904857, 37.620383018323778 ], [ 126.925492554183165, 37.620477309729417 ] ] ] } },
{ "type": "Feature", "properties": { "ADM_CD": "1138010300", "SGG_CD": "11380", "GU_NM": "은평구", "F_YR": 2025, "F_ZONE_NM": "서울특별시 은평구 불광동 353-15 B02호", "F_SHIM": 0.1, "F_AREA": 201.38941922000001, "F_AVR_HGT": 32.444387054443361, "반복침수연도수": 1, "반복침수여부": false, "침수이력점수": 1, "기본위험등급": "주의" }, "geometry": { "type": "Polygon", "coordinates": [ [ [ 126.925430580440761, 37.620491595368776 ], [ 126.925506132660075, 37.620379832438744 ], [ 126.925364833707988, 37.620318114304965 ], [ 126.925340672968446, 37.620351525069964 ], [ 126.925288037109453, 37.620428164479769 ], [ 126.925430580440761, 37.620491595368776 ] ] ] } },
{ "type": "Feature", "properties": { "ADM_CD": "1138010400", "SGG_CD": "11380", "GU_NM": "은평구", "F_YR": 2025, "F_ZONE_NM": "서울특별시 은평구 갈현동 399-25 1층 이모네 포차", "F_SHIM": 0.1, "F_AREA": 195.65538466000001, "F_AVR_HGT": 25.794210052490239, "반복침수연도수": 1, "반복침수여부": false, "침수이력점수": 1, "기본위험등급": "주의" }, "geometry": { "type": "Polygon", "coordinates": [ [ [ 126.919217696653234, 37.61944012670871 ], [ 126.919349805308926, 37.619509774435009 ], [ 126.919424663623786, 37.619418377051559 ], [ 126.919437593349116, 37.619402889187178 ], [ 126.919310693590546, 37.619334686754947 ], [ 126.919217696653234, 37.61944012670871 ] ] ] } },
{ "type": "Feature", "properties": { "ADM_CD": "1138010400", "SGG_CD": "11380", "GU_NM": "은평구", "F_YR": 2025, "F_ZONE_NM": "서울특별시 은평구 갈현동 400-6 지층", "F_SHIM": 0.1, "F_AREA": 500.34798413, "F_AVR_HGT": 26.2982479095459, "반복침수연도수": 1, "반복침수여부": false, "침수이력점수": 1, "기본위험등급": "주의" }, "geometry": { "type": "Polygon", "coordinates": [ [ [ 126.918548013549469, 37.619369561508059 ], [ 126.918357947273307, 37.619268337749375 ], [ 126.918178784148139, 37.619344254081831 ], [ 126.918176354308386, 37.619390112254777 ], [ 126.918419061096401, 37.619518132493539 ], [ 126.918548013549469, 37.619369561508059 ] ] ] } },
{ "type": "Feature", "properties": { "ADM_CD": "1138010400", "SGG_CD": "11380", "GU_NM": "은평구", "F_YR": 2025, "F_ZONE_NM": "서울특별시 은평구 갈현동 400-8 지층 우", "F_SHIM": 0.1, "F_AREA": 186.71205591, "F_AVR_HGT": 25.794210052490239, "반복침수연도수": 1, "반복침수여부": false, "침수이력점수": 1, "기본위험등급": "주의" }, "geometry": { "type": "Polygon", "coordinates": [ [ [ 126.918727215880992, 37.619462308124611 ], [ 126.918789144159518, 37.619387209812437 ], [ 126.918667225460354, 37.619322073512741 ], [ 126.918654094049018, 37.619315036647606 ], [ 126.918667251353938, 37.619298738145048 ], [ 126.918716363983805, 37.619238226749296 ], [ 126.918694627942429, 37.619227760126101 ], [ 126.9186672916438, 37.619262428673196 ], [ 126.918631447741078, 37.619308263392334 ], [ 126.918573937767334, 37.619382553846194 ], [ 126.918667103890286, 37.619431632612205 ], [ 126.918678763722966, 37.619437857560641 ], [ 126.918727215880992, 37.619462308124611 ] ] ] } },
{ "type": "Feature", "properties": { "ADM_CD": "1138010400", "SGG_CD": "11380", "GU_NM": "은평구", "F_YR": 2025, "F_ZONE_NM": "서울특별시 은평구 갈현동 399-5 1층", "F_SHIM": 0.1, "F_AREA": 226.49354606, "F_AVR_HGT": 25.794210052490239, "반복침수연도수": 1, "반복침수여부": false, "침수이력점수": 1, "기본위험등급": "주의" }, "geometry": { "type": "Polygon", "coordinates": [ [ [ 126.919117965119327, 37.619386899284464 ], [ 126.919217696653234, 37.61944012670871 ], [ 126.919310693590546, 37.619334686754947 ], [ 126.919336325811912, 37.619304350586944 ], [ 126.919272321443771, 37.619208162403517 ], [ 126.919196447408112, 37.619296225358482 ], [ 126.919117965119327, 37.619386899284464 ] ] ] } },
{ "type": "Feature", "properties": { "ADM_CD": "1138010400", "SGG_CD": "11380", "GU_NM": "은평구", "F_YR": 2025, "F_ZONE_NM": "서울특별시 은평구 갈현동 436-13 지층 좌 우", "F_SHIM": 0.1, "F_AREA": 96.22483168, "F_AVR_HGT": 42.770242309570321, "반복침수연도수": 1, "반복침수여부": false, "침수이력점수": 1, "기본위험등급": "주의" }, "geometry": { "type": "Polygon", "coordinates": [ [ [ 126.915775707787162, 37.624337384012627 ], [ 126.915819037825372, 37.624385257492563 ], [ 126.915829692043147, 37.62437985935356 ], [ 126.915950969084108, 37.624318050075637 ], [ 126.915949045963245, 37.624315796232707 ], [ 126.915905267631928, 37.624263687871633 ], [ 126.915829776101177, 37.624306627812523 ], [ 126.915775707787162, 37.624337384012627 ] ] ] } },
{ "type": "Feature", "properties": { "ADM_CD": "1138010400", "SGG_CD": "11380", "GU_NM": "은평구", "F_YR": 2025, "F_ZONE_NM": "서울특별시 은평구 갈현동 426-1 1층", "F_SHIM": 0.1, "F_AREA": 150.20471408, "F_AVR_HGT": 32.592122650146486, "반복침수연도수": 1, "반복침수여부": false, "침수이력점수": 1, "기본위험등급": "주의" }, "geometry": { "type": "Polygon", "coordinates": [ [ [ 126.917555537147365, 37.622804385872591 ], [ 126.917658734724128, 37.622800314748574 ], [ 126.917695238193105, 37.622774392471285 ], [ 126.917687974611297, 37.622686001211136 ], [ 126.917550340226967, 37.622691489429279 ], [ 126.917555537147365, 37.622804385872591 ] ] ] } },
{ "type": "Feature", "properties": { "ADM_CD": "1138010400", "SGG_CD": "11380", "GU_NM": "은평구", "F_YR": 2025, "F_ZONE_NM": "서울특별시 은평구 갈현동 252-4 1층", "F_SHIM": 0.1, "F_AREA": 231.42560381000001, "F_AVR_HGT": 39.180142974853517, "반복침수연도수": 1, "반복침수여부": false, "침수이력점수": 1, "기본위험등급": "주의" }, "geometry": { "type": "Polygon", "coordinates": [ [ [ 126.914272902080569, 37.62110708151323 ], [ 126.914377736709, 37.62105724469005 ], [ 126.914412421072754, 37.621037358642404 ], [ 126.914337726171894, 37.620982163515762 ], [ 126.91427593117011, 37.620938240127373 ], [ 126.914130003748895, 37.621063728745511 ], [ 126.914253319968068, 37.62109517410007 ], [ 126.914272902080569, 37.62110708151323 ] ] ] } },
{ "type": "Feature", "properties": { "ADM_CD": "1138010400", "SGG_CD": "11380", "GU_NM": "은평구", "F_YR": 2025, "F_ZONE_NM": "서울특별시 은평구 갈현동 399-13 2층", "F_SHIM": 0.1, "F_AREA": 176.57193246, "F_AVR_HGT": 25.794210052490239, "반복침수연도수": 1, "반복침수여부": false, "침수이력점수": 1, "기본위험등급": "주의" }, "geometry": { "type": "Polygon", "coordinates": [ [ [ 126.918853298041071, 37.61924562069035 ], [ 126.918968424022552, 37.619307688714692 ], [ 126.919092320076587, 37.619223533673264 ], [ 126.919024441451981, 37.619148614790127 ], [ 126.918989188068039, 37.619172826507686 ], [ 126.918910192642699, 37.619215297499863 ], [ 126.918853298041071, 37.61924562069035 ] ] ] } },
{ "type": "Feature", "properties": { "ADM_CD": "1138010400", "SGG_CD": "11380", "GU_NM": "은평구", "F_YR": 2025, "F_ZONE_NM": "서울특별시 은평구 갈현동 407-31 1층", "F_SHIM": 0.1, "F_AREA": 145.84618955, "F_AVR_HGT": 32.592122650146486, "반복침수연도수": 1, "반복침수여부": false, "침수이력점수": 1, "기본위험등급": "주의" }, "geometry": { "type": "Polygon", "coordinates": [ [ [ 126.917776236302544, 37.622667233404862 ], [ 126.917894615438215, 37.62266046990807 ], [ 126.917884220635102, 37.622535766959494 ], [ 126.917766523361337, 37.622540728970748 ], [ 126.917776236302544, 37.622667233404862 ] ] ] } },
{ "type": "Feature", "properties": { "ADM_CD": "1138010400", "SGG_CD": "11380", "GU_NM": "은평구", "F_YR": 2025, "F_ZONE_NM": "서울특별시 은평구 갈현동 452-27 B01호", "F_SHIM": 0.1, "F_AREA": 161.07931309, "F_AVR_HGT": 26.2982479095459, "반복침수연도수": 1, "반복침수여부": false, "침수이력점수": 1, "기본위험등급": "주의" }, "geometry": { "type": "Polygon", "coordinates": [ [ [ 126.917536607425248, 37.619190632193536 ], [ 126.917473393781776, 37.619098507017164 ], [ 126.917470334208076, 37.619099676112334 ], [ 126.917467845846033, 37.61909652090943 ], [ 126.91733876990736, 37.619152199578366 ], [ 126.917403338191136, 37.619248290104217 ], [ 126.917536607425248, 37.619190632193536 ] ] ] } },
{ "type": "Feature", "properties": { "ADM_CD": "1138010400", "SGG_CD": "11380", "GU_NM": "은평구", "F_YR": 2025, "F_ZONE_NM": "서울특별시 은평구 갈현동 452-23", "F_SHIM": 0.1, "F_AREA": 138.58847654, "F_AVR_HGT": 26.2982479095459, "반복침수연도수": 1, "반복침수여부": false, "침수이력점수": 1, "기본위험등급": "주의" }, "geometry": { "type": "Polygon", "coordinates": [ [ [ 126.917729459697526, 37.619230502505651 ], [ 126.917865786907143, 37.619172846394122 ], [ 126.917811621438446, 37.619092260358293 ], [ 126.917674954831526, 37.619149645872938 ], [ 126.917729459697526, 37.619230502505651 ] ] ] } },
{ "type": "Feature", "properties": { "ADM_CD": "1138010400", "SGG_CD": "11380", "GU_NM": "은평구", "F_YR": 2025, "F_ZONE_NM": "서울특별시 은평구 갈현동 399-10 지하", "F_SHIM": 0.1, "F_AREA": 336.357562, "F_AVR_HGT": 25.794210052490239, "반복침수연도수": 1, "반복침수여부": false, "침수이력점수": 1, "기본위험등급": "주의" }, "geometry": { "type": "Polygon", "coordinates": [ [ [ 126.919234666450237, 37.619150473422884 ], [ 126.919186720553782, 37.619077820979349 ], [ 126.919142393480399, 37.619010486824827 ], [ 126.91902295025676, 37.619063020630392 ], [ 126.918982468893844, 37.619000734593129 ], [ 126.918945299664827, 37.619016205450372 ], [ 126.918928641408115, 37.619023221438589 ], [ 126.91896018387537, 37.619077032027086 ], [ 126.919024441451981, 37.619148614790127 ], [ 126.919092320076587, 37.619223533673264 ], [ 126.919234666450237, 37.619150473422884 ] ] ] } },
{ "type": "Feature", "properties": { "ADM_CD": "1138010400", "SGG_CD": "11380", "GU_NM": "은평구", "F_YR": 2025, "F_ZONE_NM": "서울특별시 은평구 갈현동 399-23 1층", "F_SHIM": 0.1, "F_AREA": 80.09731569, "F_AVR_HGT": 25.794210052490239, "반복침수연도수": 1, "반복침수여부": false, "침수이력점수": 1, "기본위험등급": "주의" }, "geometry": { "type": "Polygon", "coordinates": [ [ [ 126.918832460123781, 37.619140101313924 ], [ 126.918835179871579, 37.619138931945322 ], [ 126.918797527247179, 37.619079440865981 ], [ 126.918701203891132, 37.619119917414885 ], [ 126.918703531870094, 37.61916559874345 ], [ 126.918734775684129, 37.6191821987004 ], [ 126.918832460123781, 37.619140101313924 ] ] ] } },
{ "type": "Feature", "properties": { "ADM_CD": "1138010400", "SGG_CD": "11380", "GU_NM": "은평구", "F_YR": 2025, "F_ZONE_NM": "서울특별시 은평구 갈현동 403-4 B02호", "F_SHIM": 0.1, "F_AREA": 181.57281407, "F_AVR_HGT": 28.657939529418947, "반복침수연도수": 1, "반복침수여부": false, "침수이력점수": 1, "기본위험등급": "주의" }, "geometry": { "type": "Polygon", "coordinates": [ [ [ 126.918808104843492, 37.620880597490753 ], [ 126.918827574343226, 37.62079024284975 ], [ 126.918844083182194, 37.620713941416923 ], [ 126.918846245909407, 37.620704392544766 ], [ 126.918662877408934, 37.620678288688339 ], [ 126.918643582326652, 37.620764426840246 ], [ 126.918805272804263, 37.620788803672014 ], [ 126.918784706631797, 37.620877274492486 ], [ 126.918808104843492, 37.620880597490753 ] ] ] } },
{ "type": "Feature", "properties": { "ADM_CD": "1138010400", "SGG_CD": "11380", "GU_NM": "은평구", "F_YR": 2025, "F_ZONE_NM": "서울특별시 은평구 갈현동 403-5 지층", "F_SHIM": 0.1, "F_AREA": 145.84460085000001, "F_AVR_HGT": 28.657939529418947, "반복침수연도수": 1, "반복침수여부": false, "침수이력점수": 1, "기본위험등급": "주의" }, "geometry": { "type": "Polygon", "coordinates": [ [ [ 126.918784706631797, 37.620877274492486 ], [ 126.918805272804263, 37.620788803672014 ], [ 126.918643582326652, 37.620764426840246 ], [ 126.918623433462955, 37.620854348503613 ], [ 126.918665518509584, 37.620860324526539 ], [ 126.918739189991754, 37.620870800565996 ], [ 126.918784706631797, 37.620877274492486 ] ] ] } },
{ "type": "Feature", "properties": { "ADM_CD": "1138010400", "SGG_CD": "11380", "GU_NM": "은평구", "F_YR": 2025, "F_ZONE_NM": "서울특별시 은평구 갈현동 403-6 지하", "F_SHIM": 0.1, "F_AREA": 138.47456813, "F_AVR_HGT": 28.657939529418947, "반복침수연도수": 1, "반복침수여부": false, "침수이력점수": 1, "기본위험등급": "주의" }, "geometry": { "type": "Polygon", "coordinates": [ [ [ 126.918470834864152, 37.62083332946699 ], [ 126.918623433462955, 37.620854348503613 ], [ 126.918643582326652, 37.620764426840246 ], [ 126.918490417128979, 37.62074378584235 ], [ 126.918470834864152, 37.62083332946699 ] ] ] } },
{ "type": "Feature", "properties": { "ADM_CD": "1138010400", "SGG_CD": "11380", "GU_NM": "은평구", "F_YR": 2025, "F_ZONE_NM": "서울특별시 은평구 갈현동 399-6 지층", "F_SHIM": 0.1, "F_AREA": 171.70027345, "F_AVR_HGT": 26.256545639038087, "반복침수연도수": 1, "반복침수여부": false, "침수이력점수": 1, "기본위험등급": "주의" }, "geometry": { "type": "Polygon", "coordinates": [ [ [ 126.919529692603788, 37.619083105252642 ], [ 126.919460145333815, 37.618980255072557 ], [ 126.919328009452869, 37.619038997124072 ], [ 126.91939665232772, 37.619140134889207 ], [ 126.919529692603788, 37.619083105252642 ] ] ] } },
{ "type": "Feature", "properties": { "ADM_CD": "1138010400", "SGG_CD": "11380", "GU_NM": "은평구", "F_YR": 2025, "F_ZONE_NM": "서울특별시 은평구 갈현동 407-30 지층 우측", "F_SHIM": 0.1, "F_AREA": 145.89943642, "F_AVR_HGT": 32.592122650146486, "반복침수연도수": 1, "반복침수여부": false, "침수이력점수": 1, "기본위험등급": "주의" }, "geometry": { "type": "Polygon", "coordinates": [ [ [ 126.917884220635102, 37.622535766959494 ], [ 126.917882431265141, 37.622515223355315 ], [ 126.917873147536113, 37.622409892253017 ], [ 126.917755110537783, 37.622414944110233 ], [ 126.91776417331441, 37.622515139480818 ], [ 126.917766523361337, 37.622540728970748 ], [ 126.917884220635102, 37.622535766959494 ] ] ] } },
{ "type": "Feature", "properties": { "ADM_CD": "1138010400", "SGG_CD": "11380", "GU_NM": "은평구", "F_YR": 2025, "F_ZONE_NM": "서울특별시 은평구 갈현동 244-22 지층 나호", "F_SHIM": 0.1, "F_AREA": 174.33414468000001, "F_AVR_HGT": 39.180142974853517, "반복침수연도수": 1, "반복침수여부": false, "침수이력점수": 1, "기본위험등급": "주의" }, "geometry": { "type": "Polygon", "coordinates": [ [ [ 126.914298756399205, 37.620791937866997 ], [ 126.914351635692654, 37.62071070855157 ], [ 126.914372060991511, 37.620679459634239 ], [ 126.914364476770672, 37.620675219427618 ], [ 126.914275508856051, 37.620621094892122 ], [ 126.914208927104553, 37.620670374299763 ], [ 126.914196456230869, 37.620679816351583 ], [ 126.914206755978057, 37.620686599341575 ], [ 126.914185589143656, 37.62070292745419 ], [ 126.91419328262387, 37.620710591476794 ], [ 126.914249852379925, 37.62076694456858 ], [ 126.914283794274539, 37.620800756410411 ], [ 126.914298756399205, 37.620791937866997 ] ] ] } },
{ "type": "Feature", "properties": { "ADM_CD": "1138010400", "SGG_CD": "11380", "GU_NM": "은평구", "F_YR": 2025, "F_ZONE_NM": "서울특별시 은평구 갈현동 433-32 지층", "F_SHIM": 0.1, "F_AREA": 192.96981638, "F_AVR_HGT": 34.504258728027345, "반복침수연도수": 1, "반복침수여부": false, "침수이력점수": 1, "기본위험등급": "주의" }, "geometry": { "type": "Polygon", "coordinates": [ [ [ 126.915661799717768, 37.620749420098186 ], [ 126.915641114507451, 37.620711653988479 ], [ 126.915603135126972, 37.62064234098785 ], [ 126.915452191513182, 37.620699983809502 ], [ 126.915458521403849, 37.620711520968811 ], [ 126.915513119178982, 37.620808956700877 ], [ 126.915661799717768, 37.620749420098186 ] ] ] } },
{ "type": "Feature", "properties": { "ADM_CD": "1138010400", "SGG_CD": "11380", "GU_NM": "은평구", "F_YR": 2025, "F_ZONE_NM": "서울특별시 은평구 갈현동 452-19 B02호", "F_SHIM": 0.1, "F_AREA": 178.57344613000001, "F_AVR_HGT": 27.34971389770508, "반복침수연도수": 1, "반복침수여부": false, "침수이력점수": 1, "기본위험등급": "주의" }, "geometry": { "type": "Polygon", "coordinates": [ [ [ 126.917176048660266, 37.618910800898895 ], [ 126.917192558479357, 37.618935049064824 ], [ 126.917249220065557, 37.618910853172579 ], [ 126.917324466774943, 37.618878561692242 ], [ 126.917252889601031, 37.618770663271903 ], [ 126.917121319617692, 37.61882859237592 ], [ 126.917176048660266, 37.618910800898895 ] ] ] } },
{ "type": "Feature", "properties": { "ADM_CD": "1138010400", "SGG_CD": "11380", "GU_NM": "은평구", "F_YR": 2025, "F_ZONE_NM": "서울특별시 은평구 갈현동 398-11 지층", "F_SHIM": 0.1, "F_AREA": 356.57291393999998, "F_AVR_HGT": 26.256545639038087, "반복침수연도수": 1, "반복침수여부": false, "침수이력점수": 1, "기본위험등급": "주의" }, "geometry": { "type": "Polygon", "coordinates": [ [ [ 126.919514588743979, 37.618912449107782 ], [ 126.919524992422851, 37.618927953196469 ], [ 126.919560349193105, 37.618912480897599 ], [ 126.919761043785897, 37.618824774538908 ], [ 126.919751770880509, 37.61881098311671 ], [ 126.91967973471958, 37.618705338297936 ], [ 126.919475168974202, 37.618790861456802 ], [ 126.919463993901942, 37.618838290296132 ], [ 126.919514588743979, 37.618912449107782 ] ] ] } },
{ "type": "Feature", "properties": { "ADM_CD": "1138010400", "SGG_CD": "11380", "GU_NM": "은평구", "F_YR": 2025, "F_ZONE_NM": "서울특별시 은평구 갈현동 424-2 지층", "F_SHIM": 0.1, "F_AREA": 90.30848272, "F_AVR_HGT": 35.845121002197267, "반복침수연도수": 1, "반복침수여부": false, "침수이력점수": 1, "기본위험등급": "주의" }, "geometry": { "type": "Polygon", "coordinates": [ [ [ 126.917617071261006, 37.623990659266518 ], [ 126.917610953682129, 37.623890466004156 ], [ 126.917519082499041, 37.623894274854109 ], [ 126.91752497390948, 37.623994017470451 ], [ 126.917617071261006, 37.623990659266518 ] ] ] } },
{ "type": "Feature", "properties": { "ADM_CD": "1138010400", "SGG_CD": "11380", "GU_NM": "은평구", "F_YR": 2025, "F_ZONE_NM": "서울특별시 은평구 갈현동 411-5 지층 나호", "F_SHIM": 0.1, "F_AREA": 152.2969244, "F_AVR_HGT": 35.845121002197267, "반복침수연도수": 1, "반복침수여부": false, "침수이력점수": 1, "기본위험등급": "주의" }, "geometry": { "type": "Polygon", "coordinates": [ [ [ 126.918140434088841, 37.623966793874374 ], [ 126.918135240936152, 37.623849662877994 ], [ 126.918001794942171, 37.623855785265697 ], [ 126.918007329326841, 37.62397147494211 ], [ 126.918140434088841, 37.623966793874374 ] ] ] } },
{ "type": "Feature", "properties": { "ADM_CD": "1138010400", "SGG_CD": "11380", "GU_NM": "은평구", "F_YR": 2025, "F_ZONE_NM": "서울특별시 은평구 갈현동 407-29 102호", "F_SHIM": 0.1, "F_AREA": 144.68551227, "F_AVR_HGT": 32.592122650146486, "반복침수연도수": 1, "반복침수여부": false, "침수이력점수": 1, "기본위험등급": "주의" }, "geometry": { "type": "Polygon", "coordinates": [ [ [ 126.917873147536113, 37.622409892253017 ], [ 126.917863771659142, 37.622285730607359 ], [ 126.917744601918699, 37.622290961847249 ], [ 126.917755110537783, 37.622414944110233 ], [ 126.917873147536113, 37.622409892253017 ] ] ] } },
{ "type": "Feature", "properties": { "ADM_CD": "1138010400", "SGG_CD": "11380", "GU_NM": "은평구", "F_YR": 2025, "F_ZONE_NM": "서울특별시 은평구 갈현동 411-1 b01", "F_SHIM": 0.1, "F_AREA": 148.2653379, "F_AVR_HGT": 36.841176605224611, "반복침수연도수": 1, "반복침수여부": false, "침수이력점수": 1, "기본위험등급": "주의" }, "geometry": { "type": "Polygon", "coordinates": [ [ [ 126.91866212424496, 37.623918778737455 ], [ 126.91866371200932, 37.623917067991378 ], [ 126.918662153644377, 37.623892289962512 ], [ 126.918657921358829, 37.623827236274572 ], [ 126.918528440103216, 37.623833362041765 ], [ 126.91853317986606, 37.623951303584107 ], [ 126.918633206046209, 37.623948310554503 ], [ 126.91866212424496, 37.623918778737455 ] ] ] } },
{ "type": "Feature", "properties": { "ADM_CD": "1138010400", "SGG_CD": "11380", "GU_NM": "은평구", "F_YR": 2025, "F_ZONE_NM": "서울특별시 은평구 갈현동 426-18 102호", "F_SHIM": 0.1, "F_AREA": 179.08773241, "F_AVR_HGT": 36.164033508300783, "반복침수연도수": 1, "반복침수여부": false, "침수이력점수": 1, "기본위험등급": "주의" }, "geometry": { "type": "Polygon", "coordinates": [ [ [ 126.917349897116338, 37.622343658585088 ], [ 126.917337400342035, 37.622175256567552 ], [ 126.917309885377463, 37.622165956845208 ], [ 126.917254765269803, 37.622227274215973 ], [ 126.917216639868883, 37.622285270077583 ], [ 126.917193576342271, 37.622346340021103 ], [ 126.917192894156287, 37.622348591982799 ], [ 126.917349897116338, 37.622343658585088 ] ] ] } },
{ "type": "Feature", "properties": { "ADM_CD": "1138010400", "SGG_CD": "11380", "GU_NM": "은평구", "F_YR": 2025, "F_ZONE_NM": "서울특별시 은평구 갈현동 426-5", "F_SHIM": 0.1, "F_AREA": 154.95222715, "F_AVR_HGT": 32.592122650146486, "반복침수연도수": 1, "반복침수여부": false, "침수이력점수": 1, "기본위험등급": "주의" }, "geometry": { "type": "Polygon", "coordinates": [ [ [ 126.917518216369402, 37.622348553712833 ], [ 126.917659134755667, 37.622343338159169 ], [ 126.917651557752009, 37.622231521195573 ], [ 126.917509619405379, 37.622237366700091 ], [ 126.917518216369402, 37.622348553712833 ] ] ] } },
{ "type": "Feature", "properties": { "ADM_CD": "1138010400", "SGG_CD": "11380", "GU_NM": "은평구", "F_YR": 2025, "F_ZONE_NM": "서울특별시 은평구 갈현동 426-6 1층", "F_SHIM": 0.1, "F_AREA": 218.14909782000001, "F_AVR_HGT": 32.592122650146486, "반복침수연도수": 1, "반복침수여부": false, "침수이력점수": 1, "기본위험등급": "주의" }, "geometry": { "type": "Polygon", "coordinates": [ [ [ 126.917509619405379, 37.622237366700091 ], [ 126.917651557752009, 37.622231521195573 ], [ 126.917640854264221, 37.622079518311949 ], [ 126.917607230846571, 37.622062826283099 ], [ 126.917498787824613, 37.622098788310417 ], [ 126.917509510288596, 37.622233672605695 ], [ 126.917509619405379, 37.622237366700091 ] ] ] } },
{ "type": "Feature", "properties": { "ADM_CD": "1138010400", "SGG_CD": "11380", "GU_NM": "은평구", "F_YR": 2025, "F_ZONE_NM": "서울특별시 은평구 갈현동 424-8 1층", "F_SHIM": 0.1, "F_AREA": 198.37719332, "F_AVR_HGT": 38.001798248291017, "반복침수연도수": 1, "반복침수여부": false, "침수이력점수": 1, "기본위험등급": "주의" }, "geometry": { "type": "Polygon", "coordinates": [ [ [ 126.917284054134896, 37.623876988708822 ], [ 126.917276587970889, 37.623767694572244 ], [ 126.91720125600375, 37.623770794197426 ], [ 126.917090806696237, 37.623775490417501 ], [ 126.917099519337881, 37.623884154771687 ], [ 126.917207136295943, 37.623879997107643 ], [ 126.917284054134896, 37.623876988708822 ] ] ] } },
{ "type": "Feature", "properties": { "ADM_CD": "1138010400", "SGG_CD": "11380", "GU_NM": "은평구", "F_YR": 2025, "F_ZONE_NM": "서울특별시 은평구 갈현동 411-8 B03호", "F_SHIM": 0.1, "F_AREA": 156.91789138, "F_AVR_HGT": 35.845121002197267, "반복침수연도수": 1, "반복침수여부": false, "침수이력점수": 1, "기본위험등급": "주의" }, "geometry": { "type": "Polygon", "coordinates": [ [ [ 126.918135240936152, 37.623849662877994 ], [ 126.918130163591115, 37.623730279512216 ], [ 126.917996151733846, 37.623736131200069 ], [ 126.918001794942171, 37.623855785265697 ], [ 126.918135240936152, 37.623849662877994 ] ] ] } },
{ "type": "Feature", "properties": { "ADM_CD": "1138010400", "SGG_CD": "11380", "GU_NM": "은평구", "F_YR": 2025, "F_ZONE_NM": "서울특별시 은평구 갈현동 403-23 B01호", "F_SHIM": 0.1, "F_AREA": 96.80467618, "F_AVR_HGT": 28.752090072631841, "반복침수연도수": 1, "반복침수여부": false, "침수이력점수": 1, "기본위험등급": "주의" }, "geometry": { "type": "Polygon", "coordinates": [ [ [ 126.918418250220512, 37.62055200651325 ], [ 126.918437604929849, 37.620463363712815 ], [ 126.918330467729731, 37.620448061674786 ], [ 126.918309753244841, 37.620537063891021 ], [ 126.918418250220512, 37.62055200651325 ] ] ] } },
{ "type": "Feature", "properties": { "ADM_CD": "1138010400", "SGG_CD": "11380", "GU_NM": "은평구", "F_YR": 2025, "F_ZONE_NM": "서울특별시 은평구 갈현동 411-19 지하층", "F_SHIM": 0.1, "F_AREA": 152.64697061000001, "F_AVR_HGT": 34.045850372314455, "반복침수연도수": 1, "반복침수여부": false, "침수이력점수": 1, "기본위험등급": "주의" }, "geometry": { "type": "Polygon", "coordinates": [ [ [ 126.917991207621128, 37.623700358815746 ], [ 126.917981032109708, 37.623581872811343 ], [ 126.917849173752217, 37.623586824877549 ], [ 126.91785631393499, 37.623684496115409 ], [ 126.917883023374529, 37.62370559796836 ], [ 126.917991207621128, 37.623700358815746 ] ] ] } },
{ "type": "Feature", "properties": { "ADM_CD": "1138010400", "SGG_CD": "11380", "GU_NM": "은평구", "F_YR": 2025, "F_ZONE_NM": "서울특별시 은평구 갈현동 411-23 지층", "F_SHIM": 0.1, "F_AREA": 309.29232005, "F_AVR_HGT": 34.045850372314455, "반복침수연도수": 1, "반복침수여부": false, "침수이력점수": 1, "기본위험등급": "주의" }, "geometry": { "type": "Polygon", "coordinates": [ [ [ 126.918385426215693, 37.623683428491155 ], [ 126.918374342973735, 37.623565752762104 ], [ 126.918363716279771, 37.623445014021009 ], [ 126.918232763486529, 37.623450778035753 ], [ 126.918242484669989, 37.623570705267852 ], [ 126.918252433943053, 37.623689281188412 ], [ 126.918385426215693, 37.623683428491155 ] ] ] } },
{ "type": "Feature", "properties": { "ADM_CD": "1138010400", "SGG_CD": "11380", "GU_NM": "은평구", "F_YR": 2025, "F_ZONE_NM": "서울특별시 은평구 갈현동 402-37 지층 안쪽(102호)", "F_SHIM": 0.1, "F_AREA": 122.52820675, "F_AVR_HGT": 26.70613250732422, "반복침수연도수": 1, "반복침수여부": false, "침수이력점수": 1, "기본위험등급": "주의" }, "geometry": { "type": "Polygon", "coordinates": [ [ [ 126.918471641284654, 37.620413833771998 ], [ 126.91860743255944, 37.620432219149436 ], [ 126.918627467336748, 37.620342946107705 ], [ 126.918492469714451, 37.62032402072353 ], [ 126.918471641284654, 37.620413833771998 ] ] ] } },
{ "type": "Feature", "properties": { "ADM_CD": "1138010400", "SGG_CD": "11380", "GU_NM": "은평구", "F_YR": 2025, "F_ZONE_NM": "서울특별시 은평구 갈현동 392-10", "F_SHIM": 0.1, "F_AREA": 406.08356553, "F_AVR_HGT": 34.739019012451173, "반복침수연도수": 1, "반복침수여부": false, "침수이력점수": 1, "기본위험등급": "주의" }, "geometry": { "type": "Polygon", "coordinates": [ [ [ 126.919294187786917, 37.623625861934947 ], [ 126.919423669909364, 37.623618564054325 ], [ 126.919415268671827, 37.623532694863286 ], [ 126.919413360032692, 37.623517196687807 ], [ 126.919284557439951, 37.62352476532471 ], [ 126.919273358635095, 37.623407900477204 ], [ 126.919182393932886, 37.623412071646371 ], [ 126.919143503534926, 37.623445560942699 ], [ 126.919153249982699, 37.623533647502732 ], [ 126.919163912511465, 37.623633339315759 ], [ 126.919294187786917, 37.623625861934947 ] ] ] } },
{ "type": "Feature", "properties": { "ADM_CD": "1138010400", "SGG_CD": "11380", "GU_NM": "은평구", "F_YR": 2025, "F_ZONE_NM": "서울특별시 은평구 갈현동 411-21 1층 우측상가", "F_SHIM": 0.1, "F_AREA": 152.16127644, "F_AVR_HGT": 34.045850372314455, "반복침수연도수": 1, "반복침수여부": false, "침수이력점수": 1, "기본위험등급": "주의" }, "geometry": { "type": "Polygon", "coordinates": [ [ [ 126.918110512670836, 37.623576017937694 ], [ 126.918100678121391, 37.623456360908634 ], [ 126.917971877822367, 37.623461855861578 ], [ 126.917981032109708, 37.623581872811343 ], [ 126.918110512670836, 37.623576017937694 ] ] ] } },
{ "type": "Feature", "properties": { "ADM_CD": "1138010400", "SGG_CD": "11380", "GU_NM": "은평구", "F_YR": 2025, "F_ZONE_NM": "서울특별시 은평구 갈현동 394-11 지하 1층", "F_SHIM": 0.1, "F_AREA": 155.24877702000001, "F_AVR_HGT": 30.92172203063965, "반복침수연도수": 1, "반복침수여부": false, "침수이력점수": 1, "기본위험등급": "주의" }, "geometry": { "type": "Polygon", "coordinates": [ [ [ 126.919168558754365, 37.621988514176785 ], [ 126.919194969452334, 37.621869423081677 ], [ 126.919064947360766, 37.621855547313402 ], [ 126.919038423485901, 37.621974368006569 ], [ 126.919168558754365, 37.621988514176785 ] ] ] } },
{ "type": "Feature", "properties": { "ADM_CD": "1138010400", "SGG_CD": "11380", "GU_NM": "은평구", "F_YR": 2025, "F_ZONE_NM": "서울특별시 은평구 갈현동 449-26 지층1호", "F_SHIM": 0.1, "F_AREA": 170.42229542000001, "F_AVR_HGT": 32.43699417114258, "반복침수연도수": 1, "반복침수여부": false, "침수이력점수": 1, "기본위험등급": "주의" }, "geometry": { "type": "Polygon", "coordinates": [ [ [ 126.915434133454141, 37.620348588460594 ], [ 126.915365057044198, 37.620234203691354 ], [ 126.915330409292835, 37.620222916141316 ], [ 126.915246770857749, 37.620261687262882 ], [ 126.915326705180235, 37.620389865025203 ], [ 126.915434133454141, 37.620348588460594 ] ] ] } },
{ "type": "Feature", "properties": { "ADM_CD": "1138010400", "SGG_CD": "11380", "GU_NM": "은평구", "F_YR": 2025, "F_ZONE_NM": "서울특별시 은평구 갈현동 402-32 지층 우", "F_SHIM": 0.1, "F_AREA": 123.6980433, "F_AVR_HGT": 26.70613250732422, "반복침수연도수": 1, "반복침수여부": false, "침수이력점수": 1, "기본위험등급": "주의" }, "geometry": { "type": "Polygon", "coordinates": [ [ [ 126.918817154385692, 37.620278028439806 ], [ 126.918831381149687, 37.620216681670911 ], [ 126.918837300444807, 37.620190287103981 ], [ 126.918698681292028, 37.620168746575807 ], [ 126.91867853467609, 37.620256848279816 ], [ 126.918817154385692, 37.620278028439806 ] ] ] } },
{ "type": "Feature", "properties": { "ADM_CD": "1138010400", "SGG_CD": "11380", "GU_NM": "은평구", "F_YR": 2025, "F_ZONE_NM": "서울특별시 은평구 갈현동 410-6 1층", "F_SHIM": 0.1, "F_AREA": 162.0039574, "F_AVR_HGT": 34.045850372314455, "반복침수연도수": 1, "반복침수여부": false, "침수이력점수": 1, "기본위험등급": "주의" }, "geometry": { "type": "Polygon", "coordinates": [ [ [ 126.917855430083236, 37.623361314143779 ], [ 126.917960781348313, 37.623356613597593 ], [ 126.917952767131737, 37.623230110396321 ], [ 126.917819209258766, 37.623235962205669 ], [ 126.917826797419991, 37.623338138666476 ], [ 126.917855430083236, 37.623361314143779 ] ] ] } },
{ "type": "Feature", "properties": { "ADM_CD": "1138010400", "SGG_CD": "11380", "GU_NM": "은평구", "F_YR": 2025, "F_ZONE_NM": "서울특별시 은평구 갈현동 410-3", "F_SHIM": 0.1, "F_AREA": 165.7295803, "F_AVR_HGT": 34.045850372314455, "반복침수연도수": 1, "반복침수여부": false, "침수이력점수": 1, "기본위험등급": "주의" }, "geometry": { "type": "Polygon", "coordinates": [ [ [ 126.918220647571957, 37.623345174684488 ], [ 126.918353412884386, 37.62333914166657 ], [ 126.91834834154723, 37.623214082132712 ], [ 126.918343583697691, 37.623214349073123 ], [ 126.918211158632417, 37.623220202124557 ], [ 126.918220647571957, 37.623345174684488 ] ] ] } },
{ "type": "Feature", "properties": { "ADM_CD": "1138010400", "SGG_CD": "11380", "GU_NM": "은평구", "F_YR": 2025, "F_ZONE_NM": "서울특별시 은평구 갈현동 409-1 1층", "F_SHIM": 0.1, "F_AREA": 203.3420714, "F_AVR_HGT": 34.739019012451173, "반복침수연도수": 1, "반복침수여부": false, "침수이력점수": 1, "기본위험등급": "주의" }, "geometry": { "type": "Polygon", "coordinates": [ [ [ 126.9188332710754, 37.623317224683042 ], [ 126.918974531425093, 37.623311647408144 ], [ 126.919012970819665, 37.623276265794388 ], [ 126.919003776271609, 37.623191206896209 ], [ 126.91882535887909, 37.623199551210526 ], [ 126.9188332710754, 37.623317224683042 ] ] ] } },
{ "type": "Feature", "properties": { "ADM_CD": "1138010400", "SGG_CD": "11380", "GU_NM": "은평구", "F_YR": 2025, "F_ZONE_NM": "서울특별시 은평구 갈현동 434-4 지하1", "F_SHIM": 0.1, "F_AREA": 340.74843613000002, "F_AVR_HGT": 34.400392150878908, "반복침수연도수": 1, "반복침수여부": false, "침수이력점수": 1, "기본위험등급": "주의" }, "geometry": { "type": "Polygon", "coordinates": [ [ [ 126.91649793409195, 37.621774349443633 ], [ 126.916647707018143, 37.621751302076646 ], [ 126.9165985746655, 37.621527463353395 ], [ 126.916449371820661, 37.621547627934781 ], [ 126.916474383238949, 37.621666214901751 ], [ 126.91649793409195, 37.621774349443633 ] ] ] } },
{ "type": "Feature", "properties": { "ADM_CD": "1138010400", "SGG_CD": "11380", "GU_NM": "은평구", "F_YR": 2025, "F_ZONE_NM": "서울특별시 은평구 갈현동 402-43 지하", "F_SHIM": 0.1, "F_AREA": 143.31044214, "F_AVR_HGT": 27.039758300781251, "반복침수연도수": 1, "반복침수여부": false, "침수이력점수": 1, "기본위험등급": "주의" }, "geometry": { "type": "Polygon", "coordinates": [ [ [ 126.918040700129353, 37.62016269688332 ], [ 126.918050779980121, 37.620163785189312 ], [ 126.918068322398767, 37.620075411455886 ], [ 126.917907730481446, 37.62005277328214 ], [ 126.917891319370128, 37.620142228969677 ], [ 126.918040700129353, 37.62016269688332 ] ] ] } },
{ "type": "Feature", "properties": { "ADM_CD": "1138010400", "SGG_CD": "11380", "GU_NM": "은평구", "F_YR": 2025, "F_ZONE_NM": "서울특별시 은평구 갈현동 402-29 지하1층", "F_SHIM": 0.1, "F_AREA": 97.28721318, "F_AVR_HGT": 26.70613250732422, "반복침수연도수": 1, "반복침수여부": false, "침수이력점수": 1, "기본위험등급": "주의" }, "geometry": { "type": "Polygon", "coordinates": [ [ [ 126.919328258290136, 37.620150626555549 ], [ 126.919334292360588, 37.620122700377223 ], [ 126.919310667779726, 37.620078265606487 ], [ 126.919223954043716, 37.620031714597289 ], [ 126.919202543735253, 37.620136483642355 ], [ 126.919328258290136, 37.620150626555549 ] ] ] } },
{ "type": "Feature", "properties": { "ADM_CD": "1138010400", "SGG_CD": "11380", "GU_NM": "은평구", "F_YR": 2025, "F_ZONE_NM": "서울특별시 은평구 갈현동 448-16 지층 1호", "F_SHIM": 0.1, "F_AREA": 169.32029377000001, "F_AVR_HGT": 32.43699417114258, "반복침수연도수": 1, "반복침수여부": false, "침수이력점수": 1, "기본위험등급": "주의" }, "geometry": { "type": "Polygon", "coordinates": [ [ [ 126.914286254097945, 37.620052674576897 ], [ 126.914369873350026, 37.620127607797222 ], [ 126.914497525615431, 37.620033369392722 ], [ 126.914412318563123, 37.619960146951634 ], [ 126.914286254097945, 37.620052674576897 ] ] ] } },
{ "type": "Feature", "properties": { "ADM_CD": "1138010400", "SGG_CD": "11380", "GU_NM": "은평구", "F_YR": 2025, "F_ZONE_NM": "서울특별시 은평구 갈현동 431-2 지층", "F_SHIM": 0.1, "F_AREA": 213.86502466, "F_AVR_HGT": 27.039758300781251, "반복침수연도수": 1, "반복침수여부": false, "침수이력점수": 1, "기본위험등급": "주의" }, "geometry": { "type": "Polygon", "coordinates": [ [ [ 126.917627790608492, 37.620096452334813 ], [ 126.917805269602226, 37.620110363363828 ], [ 126.917823968329813, 37.620001177847534 ], [ 126.917627575414826, 37.619985541540188 ], [ 126.917607631039175, 37.620094185551793 ], [ 126.917627790608492, 37.620096452334813 ] ] ] } },
{ "type": "Feature", "properties": { "ADM_CD": "1138010400", "SGG_CD": "11380", "GU_NM": "은평구", "F_YR": 2025, "F_ZONE_NM": "서울특별시 은평구 갈현동 422-22 1층", "F_SHIM": 0.1, "F_AREA": 156.14719182, "F_AVR_HGT": 43.590840911865243, "반복침수연도수": 1, "반복침수여부": false, "침수이력점수": 1, "기본위험등급": "주의" }, "geometry": { "type": "Polygon", "coordinates": [ [ [ 126.916181409730072, 37.624683113580261 ], [ 126.916341581910544, 37.624784048888266 ], [ 126.916374339305221, 37.624766323236656 ], [ 126.916365185506891, 37.624648018048788 ], [ 126.916224487281028, 37.624654944072788 ], [ 126.916181409730072, 37.624683113580261 ] ] ] } },
{ "type": "Feature", "properties": { "ADM_CD": "1138010400", "SGG_CD": "11380", "GU_NM": "은평구", "F_YR": 2025, "F_ZONE_NM": "서울특별시 은평구 갈현동 448-15 B03호", "F_SHIM": 0.1, "F_AREA": 162.6132789, "F_AVR_HGT": 36.443894958496095, "반복침수연도수": 1, "반복침수여부": false, "침수이력점수": 1, "기본위험등급": "주의" }, "geometry": { "type": "Polygon", "coordinates": [ [ [ 126.914204329533604, 37.619981616764385 ], [ 126.914286254097945, 37.620052674576897 ], [ 126.914412318563123, 37.619960146951634 ], [ 126.914327675817901, 37.619888816923208 ], [ 126.914204329533604, 37.619981616764385 ] ] ] } },
{ "type": "Feature", "properties": { "ADM_CD": "1138010400", "SGG_CD": "11380", "GU_NM": "은평구", "F_YR": 2025, "F_ZONE_NM": "서울특별시 은평구 갈현동 400-1 1층", "F_SHIM": 0.1, "F_AREA": 183.48303616000001, "F_AVR_HGT": 26.70613250732422, "반복침수연도수": 1, "반복침수여부": false, "침수이력점수": 1, "기본위험등급": "주의" }, "geometry": { "type": "Polygon", "coordinates": [ [ [ 126.919212048020682, 37.619940437015018 ], [ 126.919333741962163, 37.620005302295169 ], [ 126.919389596804976, 37.619993808636515 ], [ 126.919426485758649, 37.619924548937917 ], [ 126.919284186971666, 37.619850389301121 ], [ 126.919212048020682, 37.619940437015018 ] ] ] } },
{ "type": "Feature", "properties": { "ADM_CD": "1138010400", "SGG_CD": "11380", "GU_NM": "은평구", "F_YR": 2025, "F_ZONE_NM": "서울특별시 은평구 갈현동 401-8 지층", "F_SHIM": 0.1, "F_AREA": 150.81635014, "F_AVR_HGT": 26.70613250732422, "반복침수연도수": 1, "반복침수여부": false, "침수이력점수": 1, "기본위험등급": "주의" }, "geometry": { "type": "Polygon", "coordinates": [ [ [ 126.918538824657517, 37.619993754053837 ], [ 126.918564614843547, 37.619923675938189 ], [ 126.918572568063681, 37.619901787713289 ], [ 126.918425359159357, 37.619863933086286 ], [ 126.918398391930438, 37.619973743563257 ], [ 126.918538824657517, 37.619993754053837 ] ] ] } },
{ "type": "Feature", "properties": { "ADM_CD": "1138010400", "SGG_CD": "11380", "GU_NM": "은평구", "F_YR": 2025, "F_ZONE_NM": "서울특별시 은평구 갈현동 395-29 지층", "F_SHIM": 0.1, "F_AREA": 150.60939263, "F_AVR_HGT": 28.100108718872072, "반복침수연도수": 1, "반복침수여부": false, "침수이력점수": 1, "기본위험등급": "주의" }, "geometry": { "type": "Polygon", "coordinates": [ [ [ 126.919724952436439, 37.619924485894138 ], [ 126.919744017513537, 37.619891883628682 ], [ 126.919604313793684, 37.619826735976339 ], [ 126.919554376163902, 37.619916799308797 ], [ 126.91968944156433, 37.619976808216819 ], [ 126.919724952436439, 37.619924485894138 ] ] ] } },
{ "type": "Feature", "properties": { "ADM_CD": "1138010400", "SGG_CD": "11380", "GU_NM": "은평구", "F_YR": 2025, "F_ZONE_NM": "서울특별시 은평구 갈현동 401-9 지층", "F_SHIM": 0.1, "F_AREA": 256.67146263000001, "F_AVR_HGT": 27.039758300781251, "반복침수연도수": 1, "반복침수여부": false, "침수이력점수": 1, "기본위험등급": "주의" }, "geometry": { "type": "Polygon", "coordinates": [ [ [ 126.918398391930438, 37.619973743563257 ], [ 126.918425359159357, 37.619863933086286 ], [ 126.918428848195759, 37.619782216650805 ], [ 126.918315392363496, 37.619745827214849 ], [ 126.918270077060896, 37.619955633512717 ], [ 126.918292501109732, 37.61995871266177 ], [ 126.918398391930438, 37.619973743563257 ] ] ] } },
{ "type": "Feature", "properties": { "ADM_CD": "1138010400", "SGG_CD": "11380", "GU_NM": "은평구", "F_YR": 2025, "F_ZONE_NM": "서울특별시 은평구 갈현동 425-11 지하 1호", "F_SHIM": 0.1, "F_AREA": 178.12421244000001, "F_AVR_HGT": 34.045850372314455, "반복침수연도수": 1, "반복침수여부": false, "침수이력점수": 1, "기본위험등급": "주의" }, "geometry": { "type": "Polygon", "coordinates": [ [ [ 126.917577750113722, 37.623096679451841 ], [ 126.917567465610418, 37.622975039893902 ], [ 126.917558516309398, 37.622975574114591 ], [ 126.917418952465809, 37.62298394394081 ], [ 126.917427312274611, 37.623104500964367 ], [ 126.917577750113722, 37.623096679451841 ] ] ] } },
{ "type": "Feature", "properties": { "ADM_CD": "1138010400", "SGG_CD": "11380", "GU_NM": "은평구", "F_YR": 2025, "F_ZONE_NM": "서울특별시 은평구 갈현동 410-17 A동 지층", "F_SHIM": 0.1, "F_AREA": 157.92377563, "F_AVR_HGT": 34.045850372314455, "반복침수연도수": 1, "반복침수여부": false, "침수이력점수": 1, "기본위험등급": "주의" }, "geometry": { "type": "Polygon", "coordinates": [ [ [ 126.918203288953379, 37.623065318182846 ], [ 126.918195603420102, 37.622948455705227 ], [ 126.918061254759138, 37.622952865663315 ], [ 126.918066783733153, 37.623073420640637 ], [ 126.918203288953379, 37.623065318182846 ] ] ] } },
{ "type": "Feature", "properties": { "ADM_CD": "1138010400", "SGG_CD": "11380", "GU_NM": "은평구", "F_YR": 2025, "F_ZONE_NM": "서울특별시 은평구 갈현동 410-16 지층 좌측", "F_SHIM": 0.1, "F_AREA": 153.03696316, "F_AVR_HGT": 34.045850372314455, "반복침수연도수": 1, "반복침수여부": false, "침수이력점수": 1, "기본위험등급": "주의" }, "geometry": { "type": "Polygon", "coordinates": [ [ [ 126.918336734120516, 37.623058654977434 ], [ 126.918330406067298, 37.622943235032594 ], [ 126.918195603420102, 37.622948455705227 ], [ 126.918203288953379, 37.623065318182846 ], [ 126.918336734120516, 37.623058654977434 ] ] ] } },
{ "type": "Feature", "properties": { "ADM_CD": "1138010400", "SGG_CD": "11380", "GU_NM": "은평구", "F_YR": 2025, "F_ZONE_NM": "서울특별시 은평구 갈현동 450-3 지층 2호", "F_SHIM": 0.1, "F_AREA": 247.97473279, "F_AVR_HGT": 32.43699417114258, "반복침수연도수": 1, "반복침수여부": false, "침수이력점수": 1, "기본위험등급": "주의" }, "geometry": { "type": "Polygon", "coordinates": [ [ [ 126.915190553565196, 37.619900172971519 ], [ 126.915091730652946, 37.619748916185124 ], [ 126.915085611169104, 37.619751434447373 ], [ 126.914952800690784, 37.619801701883198 ], [ 126.915062727398464, 37.619949903587802 ], [ 126.915190553565196, 37.619900172971519 ] ] ] } },
{ "type": "Feature", "properties": { "ADM_CD": "1138010400", "SGG_CD": "11380", "GU_NM": "은평구", "F_YR": 2025, "F_ZONE_NM": "서울특별시 은평구 갈현동 401-16", "F_SHIM": 0.1, "F_AREA": 197.94629852, "F_AVR_HGT": 27.039758300781251, "반복침수연도수": 1, "반복침수여부": false, "침수이력점수": 1, "기본위험등급": "주의" }, "geometry": { "type": "Polygon", "coordinates": [ [ [ 126.918119111476443, 37.619934624180871 ], [ 126.918142384322422, 37.619826766283808 ], [ 126.917953593882984, 37.619799513246996 ], [ 126.917940324633761, 37.619875123106624 ], [ 126.917968939371079, 37.619913164727556 ], [ 126.918119111476443, 37.619934624180871 ] ] ] } },
{ "type": "Feature", "properties": { "ADM_CD": "1138010400", "SGG_CD": "11380", "GU_NM": "은평구", "F_YR": 2025, "F_ZONE_NM": "서울특별시 은평구 갈현동 400-11 지층", "F_SHIM": 0.1, "F_AREA": 170.07006937, "F_AVR_HGT": 26.70613250732422, "반복침수연도수": 1, "반복침수여부": false, "침수이력점수": 1, "기본위험등급": "주의" }, "geometry": { "type": "Polygon", "coordinates": [ [ [ 126.919426485758649, 37.619924548937917 ], [ 126.9194819854511, 37.61982385796167 ], [ 126.919357120421168, 37.619758720330665 ], [ 126.919290993681045, 37.619840843655446 ], [ 126.919284186971666, 37.619850389301121 ], [ 126.919426485758649, 37.619924548937917 ] ] ] } },
{ "type": "Feature", "properties": { "ADM_CD": "1138010400", "SGG_CD": "11380", "GU_NM": "은평구", "F_YR": 2025, "F_ZONE_NM": "서울특별시 은평구 갈현동 401-7 지층", "F_SHIM": 0.1, "F_AREA": 174.31603003000001, "F_AVR_HGT": 26.70613250732422, "반복침수연도수": 1, "반복침수여부": false, "침수이력점수": 1, "기본위험등급": "주의" }, "geometry": { "type": "Polygon", "coordinates": [ [ [ 126.918572568063681, 37.619901787713289 ], [ 126.918604946646141, 37.619814775793081 ], [ 126.918663710387932, 37.619733728859387 ], [ 126.918647522223452, 37.619725248279607 ], [ 126.918577084175837, 37.619813044351211 ], [ 126.918444273833742, 37.619763397027405 ], [ 126.918428848195759, 37.619782216650805 ], [ 126.918425359159357, 37.619863933086286 ], [ 126.918572568063681, 37.619901787713289 ] ] ] } },
{ "type": "Feature", "properties": { "ADM_CD": "1138010400", "SGG_CD": "11380", "GU_NM": "은평구", "F_YR": 2025, "F_ZONE_NM": "서울특별시 은평구 갈현동 401-6 1층", "F_SHIM": 0.1, "F_AREA": 84.66699542000001, "F_AVR_HGT": 26.70613250732422, "반복침수연도수": 1, "반복침수여부": false, "침수이력점수": 1, "기본위험등급": "주의" }, "geometry": { "type": "Polygon", "coordinates": [ [ [ 126.91867977400382, 37.61985447146666 ], [ 126.91874261250986, 37.619776040196761 ], [ 126.918666767069681, 37.619735172573613 ], [ 126.918663710387932, 37.619733728859387 ], [ 126.918604946646141, 37.619814775793081 ], [ 126.918666642097875, 37.61984779499516 ], [ 126.91867977400382, 37.61985447146666 ] ] ] } },
{ "type": "Feature", "properties": { "ADM_CD": "1138010400", "SGG_CD": "11380", "GU_NM": "은평구", "F_YR": 2025, "F_ZONE_NM": "서울특별시 은평구 갈현동 423-1 지하", "F_SHIM": 0.1, "F_AREA": 142.8322495, "F_AVR_HGT": 38.012509918212892, "반복침수연도수": 1, "반복침수여부": false, "침수이력점수": 1, "기본위험등급": "주의" }, "geometry": { "type": "Polygon", "coordinates": [ [ [ 126.917700876475109, 37.624512205689449 ], [ 126.917710482144628, 37.624633484330211 ], [ 126.917765889410902, 37.62462036937044 ], [ 126.917800105458667, 37.624614717480569 ], [ 126.917832204789519, 37.624577349607208 ], [ 126.917826294237415, 37.624494275120284 ], [ 126.917700543017432, 37.624506529282726 ], [ 126.917700876475109, 37.624512205689449 ] ] ] } },
{ "type": "Feature", "properties": { "ADM_CD": "1138010400", "SGG_CD": "11380", "GU_NM": "은평구", "F_YR": 2025, "F_ZONE_NM": "서울특별시 은평구 갈현동 410-20", "F_SHIM": 0.1, "F_AREA": 150.30071009, "F_AVR_HGT": 34.045850372314455, "반복침수연도수": 1, "반복침수여부": false, "침수이력점수": 1, "기본위험등급": "주의" }, "geometry": { "type": "Polygon", "coordinates": [ [ [ 126.917935401070082, 37.622957822073538 ], [ 126.917925787074012, 37.622843841345201 ], [ 126.917828480629197, 37.622847105999249 ], [ 126.91779333616094, 37.622873299575545 ], [ 126.917799687020391, 37.622967636644212 ], [ 126.917935401070082, 37.622957822073538 ] ] ] } },
{ "type": "Feature", "properties": { "ADM_CD": "1138010400", "SGG_CD": "11380", "GU_NM": "은평구", "F_YR": 2025, "F_ZONE_NM": "서울특별시 은평구 갈현동 434-28 b02", "F_SHIM": 0.1, "F_AREA": 166.63780085, "F_AVR_HGT": 39.715577697753908, "반복침수연도수": 1, "반복침수여부": false, "침수이력점수": 1, "기본위험등급": "주의" }, "geometry": { "type": "Polygon", "coordinates": [ [ [ 126.916106849304114, 37.621436740198824 ], [ 126.916234195007434, 37.621412595944577 ], [ 126.916204431776904, 37.621289500587352 ], [ 126.916071654370356, 37.621309135978088 ], [ 126.916105947352065, 37.621433045528796 ], [ 126.916106849304114, 37.621436740198824 ] ] ] } },
{ "type": "Feature", "properties": { "ADM_CD": "1138010400", "SGG_CD": "11380", "GU_NM": "은평구", "F_YR": 2025, "F_ZONE_NM": "서울특별시 은평구 갈현동 429-28 지층101호", "F_SHIM": 0.1, "F_AREA": 144.9126571, "F_AVR_HGT": 34.400392150878908, "반복침수연도수": 1, "반복침수여부": false, "침수이력점수": 1, "기본위험등급": "주의" }, "geometry": { "type": "Polygon", "coordinates": [ [ [ 126.917165034915271, 37.621340646025907 ], [ 126.917320548385263, 37.6213488659061 ], [ 126.917326202149013, 37.621257150192896 ], [ 126.917326545825787, 37.62125372671467 ], [ 126.917168651704301, 37.621247397198388 ], [ 126.917165034915271, 37.621340646025907 ] ] ] } },
{ "type": "Feature", "properties": { "ADM_CD": "1138010400", "SGG_CD": "11380", "GU_NM": "은평구", "F_YR": 2025, "F_ZONE_NM": "서울특별시 은평구 갈현동 401-3 지하", "F_SHIM": 0.1, "F_AREA": 255.3357027, "F_AVR_HGT": 27.039758300781251, "반복침수연도수": 1, "반복침수여부": false, "침수이력점수": 1, "기본위험등급": "주의" }, "geometry": { "type": "Polygon", "coordinates": [ [ [ 126.91814550411317, 37.619812262708898 ], [ 126.918169439217223, 37.61969959403848 ], [ 126.918171486619414, 37.619691937153782 ], [ 126.917976461542125, 37.619669274747984 ], [ 126.917953593882984, 37.619799513246996 ], [ 126.918142384322422, 37.619826766283808 ], [ 126.918144615950609, 37.619816433619121 ], [ 126.91814550411317, 37.619812262708898 ] ] ] } },
{ "type": "Feature", "properties": { "ADM_CD": "1138010400", "SGG_CD": "11380", "GU_NM": "은평구", "F_YR": 2025, "F_ZONE_NM": "서울특별시 은평구 갈현동 450-6 지하1호", "F_SHIM": 0.1, "F_AREA": 193.66962902, "F_AVR_HGT": 30.256177520751955, "반복침수연도수": 1, "반복침수여부": false, "침수이력점수": 1, "기본위험등급": "주의" }, "geometry": { "type": "Polygon", "coordinates": [ [ [ 126.915587174581461, 37.619747295841371 ], [ 126.915512554408068, 37.61962759132745 ], [ 126.915376674723618, 37.619687767785535 ], [ 126.915453683478333, 37.6197987346196 ], [ 126.915587174581461, 37.619747295841371 ] ] ] } },
{ "type": "Feature", "properties": { "ADM_CD": "1138010400", "SGG_CD": "11380", "GU_NM": "은평구", "F_YR": 2025, "F_ZONE_NM": "서울특별시 은평구 갈현동 431-5 지하", "F_SHIM": 0.1, "F_AREA": 768.80789288000005, "F_AVR_HGT": 27.039758300781251, "반복침수연도수": 1, "반복침수여부": false, "침수이력점수": 1, "기본위험등급": "주의" }, "geometry": { "type": "Polygon", "coordinates": [ [ [ 126.917867845414335, 37.61976190865542 ], [ 126.917914800766582, 37.619504531917627 ], [ 126.917868847131516, 37.619474406616767 ], [ 126.917489779770619, 37.619635502844972 ], [ 126.917566104398588, 37.619753225166576 ], [ 126.917867845414335, 37.61976190865542 ] ] ] } },
{ "type": "Feature", "properties": { "ADM_CD": "1138010400", "SGG_CD": "11380", "GU_NM": "은평구", "F_YR": 2025, "F_ZONE_NM": "서울특별시 은평구 갈현동 400-2 1층 우측가게", "F_SHIM": 0.1, "F_AREA": 430.98496817, "F_AVR_HGT": 25.794210052490239, "반복침수연도수": 1, "반복침수여부": false, "침수이력점수": 1, "기본위험등급": "주의" }, "geometry": { "type": "Polygon", "coordinates": [ [ [ 126.919254020153133, 37.61967837117772 ], [ 126.919343394003619, 37.619571757402717 ], [ 126.91914438372379, 37.619465212902121 ], [ 126.919017015674285, 37.61961594799731 ], [ 126.919111990616258, 37.619668721693387 ], [ 126.919215117433808, 37.619724834624662 ], [ 126.919254020153133, 37.61967837117772 ] ] ] } },
{ "type": "Feature", "properties": { "ADM_CD": "1138010400", "SGG_CD": "11380", "GU_NM": "은평구", "F_YR": 2025, "F_ZONE_NM": "서울특별시 은평구 갈현동 400-18 1층", "F_SHIM": 0.1, "F_AREA": 242.80016255000001, "F_AVR_HGT": 25.794210052490239, "반복침수연도수": 1, "반복침수여부": false, "침수이력점수": 1, "기본위험등급": "주의" }, "geometry": { "type": "Polygon", "coordinates": [ [ [ 126.918666862447736, 37.61964921913998 ], [ 126.918778480032486, 37.619709032432148 ], [ 126.918905510010475, 37.61955730628231 ], [ 126.91886622916094, 37.619535925548149 ], [ 126.918791628261928, 37.619496500443503 ], [ 126.918666862447736, 37.61964921913998 ] ] ] } },
{ "type": "Feature", "properties": { "ADM_CD": "1138010400", "SGG_CD": "11380", "GU_NM": "은평구", "F_YR": 2025, "F_ZONE_NM": "서울특별시 은평구 갈현동 400-3 지층", "F_SHIM": 0.1, "F_AREA": 326.99367517000002, "F_AVR_HGT": 25.794210052490239, "반복침수연도수": 1, "반복침수여부": false, "침수이력점수": 1, "기본위험등급": "주의" }, "geometry": { "type": "Polygon", "coordinates": [ [ [ 126.918905510010475, 37.61955730628231 ], [ 126.919017015674285, 37.61961594799731 ], [ 126.91914438372379, 37.619465212902121 ], [ 126.918991221314641, 37.619382846403859 ], [ 126.91886622916094, 37.619535925548149 ], [ 126.918905510010475, 37.61955730628231 ] ] ] } },
{ "type": "Feature", "properties": { "ADM_CD": "1138010400", "SGG_CD": "11380", "GU_NM": "은평구", "F_YR": 2025, "F_ZONE_NM": "서울특별시 은평구 갈현동 399-19 1층", "F_SHIM": 0.1, "F_AREA": 142.96527587, "F_AVR_HGT": 26.256545639038087, "반복침수연도수": 1, "반복침수여부": false, "침수이력점수": 1, "기본위험등급": "주의" }, "geometry": { "type": "Polygon", "coordinates": [ [ [ 126.919655820454082, 37.619545215437704 ], [ 126.919720144487826, 37.619453720461102 ], [ 126.919616343286961, 37.619392832305756 ], [ 126.91954046976528, 37.61948062518556 ], [ 126.919537066739991, 37.619485127722136 ], [ 126.919655820454082, 37.619545215437704 ] ] ] } },
{ "type": "Feature", "properties": { "ADM_CD": "1138010400", "SGG_CD": "11380", "GU_NM": "은평구", "F_YR": 2025, "F_ZONE_NM": "서울특별시 은평구 갈현동 12-15 지층 나호", "F_SHIM": 0.1, "F_AREA": 161.38039268, "F_AVR_HGT": 58.581349945068361, "반복침수연도수": 1, "반복침수여부": false, "침수이력점수": 1, "기본위험등급": "주의" }, "geometry": { "type": "Polygon", "coordinates": [ [ [ 126.91697351013319, 37.627525642104054 ], [ 126.917048828968191, 37.627437400114481 ], [ 126.916922372920652, 37.627367393561535 ], [ 126.916846374932021, 37.627455094396716 ], [ 126.91697351013319, 37.627525642104054 ] ] ] } },
{ "type": "Feature", "properties": { "ADM_CD": "1138010500", "SGG_CD": "11380", "GU_NM": "은평구", "F_YR": 2025, "F_ZONE_NM": "서울특별시 은평구 구산동 213-1 1층", "F_SHIM": 0.1, "F_AREA": 189.80855282, "F_AVR_HGT": 27.380834197998048, "반복침수연도수": 1, "반복침수여부": false, "침수이력점수": 1, "기본위험등급": "주의" }, "geometry": { "type": "Polygon", "coordinates": [ [ [ 126.911952106169792, 37.612960209248477 ], [ 126.912043206548717, 37.612927032150409 ], [ 126.91207134676867, 37.612883716291385 ], [ 126.912056978121669, 37.612776398550757 ], [ 126.911933742700384, 37.6127842337023 ], [ 126.911952106169792, 37.612960209248477 ] ] ] } },
{ "type": "Feature", "properties": { "ADM_CD": "1138010300", "SGG_CD": "11380", "GU_NM": "은평구", "F_YR": 2025, "F_ZONE_NM": "서울특별시 은평구 불광동 365-5 지층 1호", "F_SHIM": 0.1, "F_AREA": 189.63936552000001, "F_AVR_HGT": 32.181630706787111, "반복침수연도수": 1, "반복침수여부": false, "침수이력점수": 1, "기본위험등급": "주의" }, "geometry": { "type": "Polygon", "coordinates": [ [ [ 126.924482885346279, 37.621668741453867 ], [ 126.924547083392682, 37.621585622907617 ], [ 126.924588033349025, 37.62152879778305 ], [ 126.924473906535781, 37.62147853874896 ], [ 126.924390164204354, 37.621621109153338 ], [ 126.924482885346279, 37.621668741453867 ] ] ] } },
{ "type": "Feature", "properties": { "ADM_CD": "1138010400", "SGG_CD": "11380", "GU_NM": "은평구", "F_YR": 2025, "F_ZONE_NM": "서울특별시 은평구 갈현동 390-4", "F_SHIM": 0.1, "F_AREA": 217.40390821, "F_AVR_HGT": 49.93137893676758, "반복침수연도수": 1, "반복침수여부": false, "침수이력점수": 1, "기본위험등급": "주의" }, "geometry": { "type": "Polygon", "coordinates": [ [ [ 126.919569812348954, 37.62607978069547 ], [ 126.919594637662243, 37.625960958787203 ], [ 126.919427676011807, 37.6259501211022 ], [ 126.919381424624163, 37.625980542011661 ], [ 126.919362096861676, 37.626044407976323 ], [ 126.919569812348954, 37.62607978069547 ] ] ] } },
{ "type": "Feature", "properties": { "ADM_CD": "1138010300", "SGG_CD": "11380", "GU_NM": "은평구", "F_YR": 2025, "F_ZONE_NM": "서울특별시 은평구 불광동 276-32 지층", "F_SHIM": 0.1, "F_AREA": 313.54156826000002, "F_AVR_HGT": 33.834283447265626, "반복침수연도수": 2, "반복침수여부": true, "침수이력점수": 1, "기본위험등급": "주의" }, "geometry": { "type": "Polygon", "coordinates": [ [ [ 126.931464486855219, 37.612319923135288 ], [ 126.931541484465782, 37.612339339913554 ], [ 126.931638387713875, 37.612388590910477 ], [ 126.931707149380983, 37.612495127593021 ], [ 126.931816786956901, 37.612370496588007 ], [ 126.931786314490225, 37.612255513372908 ], [ 126.931735054411618, 37.612206289494168 ], [ 126.931634103784489, 37.612367325215374 ], [ 126.93147730517255, 37.612298487388607 ], [ 126.931464486855219, 37.612319923135288 ] ] ] } },
{ "type": "Feature", "properties": { "ADM_CD": "1138010400", "SGG_CD": "11380", "GU_NM": "은평구", "F_YR": 2025, "F_ZONE_NM": "서울특별시 은평구 갈현동 418-21", "F_SHIM": 0.1, "F_AREA": 201.8537139, "F_AVR_HGT": 41.372373199462892, "반복침수연도수": 1, "반복침수여부": false, "침수이력점수": 1, "기본위험등급": "주의" }, "geometry": { "type": "Polygon", "coordinates": [ [ [ 126.918586898337011, 37.625865652039671 ], [ 126.918660022987083, 37.625811914954234 ], [ 126.918687798812684, 37.625791662423751 ], [ 126.918660071090628, 37.625768577890824 ], [ 126.91855436628741, 37.625680658151374 ], [ 126.918458112767667, 37.625752398477758 ], [ 126.918586898337011, 37.625865652039671 ] ] ] } },
{ "type": "Feature", "properties": { "ADM_CD": "1138010400", "SGG_CD": "11380", "GU_NM": "은평구", "F_YR": 2025, "F_ZONE_NM": "서울특별시 은평구 갈현동 419-3", "F_SHIM": 0.1, "F_AREA": 167.41885782, "F_AVR_HGT": 40.714181518554689, "반복침수연도수": 1, "반복침수여부": false, "침수이력점수": 1, "기본위험등급": "주의" }, "geometry": { "type": "Polygon", "coordinates": [ [ [ 126.91808150131601, 37.625614463166507 ], [ 126.918168303612646, 37.625688314705016 ], [ 126.918286994628744, 37.62560929251125 ], [ 126.918292776256919, 37.625605332280742 ], [ 126.918267314699307, 37.62558188886149 ], [ 126.918202582215841, 37.62552553197537 ], [ 126.91808150131601, 37.625614463166507 ] ] ] } },
{ "type": "Feature", "properties": { "ADM_CD": "1138010800", "SGG_CD": "11380", "GU_NM": "은평구", "F_YR": 2025, "F_ZONE_NM": "서울특별시 은평구 역촌동 9-3 01호", "F_SHIM": 0.1, "F_AREA": 155.56295429, "F_AVR_HGT": 19.496980285644533, "반복침수연도수": 1, "반복침수여부": false, "침수이력점수": 1, "기본위험등급": "주의" }, "geometry": { "type": "Polygon", "coordinates": [ [ [ 126.915950543811917, 37.60739114585089 ], [ 126.915975912645081, 37.607390623651831 ], [ 126.915991145234813, 37.607241972665221 ], [ 126.915994016527293, 37.607207016644651 ], [ 126.915986656161763, 37.607206200426987 ], [ 126.915849406366434, 37.60719736135573 ], [ 126.915834571459882, 37.607196539702755 ], [ 126.915833091450139, 37.60720329599323 ], [ 126.915824174589545, 37.607275908667376 ], [ 126.915849313679601, 37.607278179372784 ], [ 126.915961306734758, 37.60728871200336 ], [ 126.915960393711018, 37.607294838018923 ], [ 126.915950543811917, 37.60739114585089 ] ] ] } },
{ "type": "Feature", "properties": { "ADM_CD": "1138010800", "SGG_CD": "11380", "GU_NM": "은평구", "F_YR": 2025, "F_ZONE_NM": "서울특별시 은평구 역촌동 11-11 지층", "F_SHIM": 0.1, "F_AREA": 110.86711501000001, "F_AVR_HGT": 20.567741012573244, "반복침수연도수": 1, "반복침수여부": false, "침수이력점수": 1, "기본위험등급": "주의" }, "geometry": { "type": "Polygon", "coordinates": [ [ [ 126.917650210308494, 37.607294969745347 ], [ 126.917578606069213, 37.607220587825985 ], [ 126.917479971701994, 37.607214300858161 ], [ 126.917560685860906, 37.607345000692469 ], [ 126.917650210308494, 37.607294969745347 ] ] ] } },
{ "type": "Feature", "properties": { "ADM_CD": "1138010800", "SGG_CD": "11380", "GU_NM": "은평구", "F_YR": 2025, "F_ZONE_NM": "서울특별시 은평구 역촌동 45-8 지층", "F_SHIM": 0.1, "F_AREA": 130.24100845000001, "F_AVR_HGT": 19.607778167724611, "반복침수연도수": 1, "반복침수여부": false, "침수이력점수": 1, "기본위험등급": "주의" }, "geometry": { "type": "Polygon", "coordinates": [ [ [ 126.914558917283472, 37.607291831562868 ], [ 126.914686890688898, 37.607291925785098 ], [ 126.91469120004291, 37.607189487304346 ], [ 126.914566171329767, 37.607189395256412 ], [ 126.914559716042959, 37.607189390500352 ], [ 126.914558917283472, 37.607291831562868 ] ] ] } },
{ "type": "Feature", "properties": { "ADM_CD": "1138010600", "SGG_CD": "11380", "GU_NM": "은평구", "F_YR": 2025, "F_ZONE_NM": "서울특별시 은평구 대조동 187-44 1층 만점애견미용", "F_SHIM": 0.1, "F_AREA": 91.47899516, "F_AVR_HGT": 32.149987792968751, "반복침수연도수": 1, "반복침수여부": false, "침수이력점수": 1, "기본위험등급": "주의" }, "geometry": { "type": "Polygon", "coordinates": [ [ [ 126.923337480389719, 37.615916220305301 ], [ 126.923438357643093, 37.615955389653692 ], [ 126.92348223985357, 37.6158000896056 ], [ 126.923474767460689, 37.615797201525915 ], [ 126.923337480389719, 37.615916220305301 ] ] ] } },
{ "type": "Feature", "properties": { "ADM_CD": "1138010600", "SGG_CD": "11380", "GU_NM": "은평구", "F_YR": 2025, "F_ZONE_NM": "서울특별시 은평구 대조동 203-2 지층1호", "F_SHIM": 0.1, "F_AREA": 153.59431249, "F_AVR_HGT": 26.821912384033205, "반복침수연도수": 1, "반복침수여부": false, "침수이력점수": 1, "기본위험등급": "주의" }, "geometry": { "type": "Polygon", "coordinates": [ [ [ 126.921189754320949, 37.615929644115148 ], [ 126.92124160097201, 37.615850573290103 ], [ 126.921088313696245, 37.615783706248486 ], [ 126.921036465084597, 37.615864488868965 ], [ 126.921189754320949, 37.615929644115148 ] ] ] } },
{ "type": "Feature", "properties": { "ADM_CD": "1138010500", "SGG_CD": "11380", "GU_NM": "은평구", "F_YR": 2025, "F_ZONE_NM": "서울특별시 은평구 구산동 20-4 지하2호", "F_SHIM": 0.1, "F_AREA": 320.09795524999998, "F_AVR_HGT": 20.297288513183595, "반복침수연도수": 1, "반복침수여부": false, "침수이력점수": 1, "기본위험등급": "주의" }, "geometry": { "type": "Polygon", "coordinates": [ [ [ 126.914857789859425, 37.609143569058524 ], [ 126.914795058276667, 37.609036576451508 ], [ 126.914798343568052, 37.609035767981993 ], [ 126.914748162446969, 37.608946714105684 ], [ 126.914599739696399, 37.608998951927362 ], [ 126.914640700597346, 37.609069592022934 ], [ 126.91466218258563, 37.609061760283844 ], [ 126.91467319077455, 37.609081292658146 ], [ 126.914724694168669, 37.609172753157836 ], [ 126.914715958647363, 37.609175900169184 ], [ 126.914729409032532, 37.609198975192037 ], [ 126.914859931852135, 37.609152039859218 ], [ 126.914855523741892, 37.609144468376222 ], [ 126.914857789859425, 37.609143569058524 ] ] ] } },
{ "type": "Feature", "properties": { "ADM_CD": "1138010500", "SGG_CD": "11380", "GU_NM": "은평구", "F_YR": 2025, "F_ZONE_NM": "서울특별시 은평구 구산동 20-2 102호", "F_SHIM": 0.1, "F_AREA": 186.84913273000001, "F_AVR_HGT": 20.297288513183595, "반복침수연도수": 1, "반복침수여부": false, "침수이력점수": 1, "기본위험등급": "주의" }, "geometry": { "type": "Polygon", "coordinates": [ [ [ 126.915004173110631, 37.60909223040035 ], [ 126.91494359484588, 37.608983797878942 ], [ 126.914798343568052, 37.609035767981993 ], [ 126.914795058276667, 37.609036576451508 ], [ 126.914857789859425, 37.609143569058524 ], [ 126.915004173110631, 37.60909223040035 ] ] ] } },
{ "type": "Feature", "properties": { "ADM_CD": "1138010500", "SGG_CD": "11380", "GU_NM": "은평구", "F_YR": 2025, "F_ZONE_NM": "서울특별시 은평구 구산동 21-7 B01호", "F_SHIM": 0.1, "F_AREA": 132.42421214000001, "F_AVR_HGT": 20.297288513183595, "반복침수연도수": 1, "반복침수여부": false, "침수이력점수": 1, "기본위험등급": "주의" }, "geometry": { "type": "Polygon", "coordinates": [ [ [ 126.915255267638059, 37.609082503398447 ], [ 126.91520677974394, 37.608997775667326 ], [ 126.915074564240001, 37.609039844844204 ], [ 126.915123727885302, 37.609127726559564 ], [ 126.915255267638059, 37.609082503398447 ] ] ] } },
{ "type": "Feature", "properties": { "ADM_CD": "1138010500", "SGG_CD": "11380", "GU_NM": "은평구", "F_YR": 2025, "F_ZONE_NM": "서울특별시 은평구 구산동 7-24 B01호", "F_SHIM": 0.1, "F_AREA": 327.49395966999998, "F_AVR_HGT": 21.374545669555665, "반복침수연도수": 1, "반복침수여부": false, "침수이력점수": 1, "기본위험등급": "주의" }, "geometry": { "type": "Polygon", "coordinates": [ [ [ 126.91403392542216, 37.61131946227853 ], [ 126.914177934268722, 37.611268843691754 ], [ 126.91412526886333, 37.611172850189028 ], [ 126.914070679708814, 37.611075593861919 ], [ 126.913925762785169, 37.611128193804745 ], [ 126.913980126014835, 37.611224819343363 ], [ 126.91403392542216, 37.61131946227853 ] ] ] } },
{ "type": "Feature", "properties": { "ADM_CD": "1138010500", "SGG_CD": "11380", "GU_NM": "은평구", "F_YR": 2025, "F_ZONE_NM": "서울특별시 은평구 구산동 7-12 B01호", "F_SHIM": 0.1, "F_AREA": 171.44713294, "F_AVR_HGT": 21.374545669555665, "반복침수연도수": 1, "반복침수여부": false, "침수이력점수": 1, "기본위험등급": "주의" }, "geometry": { "type": "Polygon", "coordinates": [ [ [ 126.914207166643337, 37.611258504036293 ], [ 126.914358540202713, 37.611205097634532 ], [ 126.914303044247205, 37.611108201138116 ], [ 126.914153482951477, 37.611161608811244 ], [ 126.914207166643337, 37.611258504036293 ] ] ] } },
{ "type": "Feature", "properties": { "ADM_CD": "1138010500", "SGG_CD": "11380", "GU_NM": "은평구", "F_YR": 2025, "F_ZONE_NM": "서울특별시 은평구 구산동 7-11 지층", "F_SHIM": 0.1, "F_AREA": 156.97092929, "F_AVR_HGT": 21.03535614013672, "반복침수연도수": 1, "반복침수여부": false, "침수이력점수": 1, "기본위험등급": "주의" }, "geometry": { "type": "Polygon", "coordinates": [ [ [ 126.914358540202713, 37.611205097634532 ], [ 126.914465387299032, 37.611165713511987 ], [ 126.91440096593243, 37.611049979965898 ], [ 126.914397236350169, 37.611043219852334 ], [ 126.914288239518314, 37.611080890460507 ], [ 126.914303044247205, 37.611108201138116 ], [ 126.914358540202713, 37.611205097634532 ] ] ] } },
{ "type": "Feature", "properties": { "ADM_CD": "1138010500", "SGG_CD": "11380", "GU_NM": "은평구", "F_YR": 2025, "F_ZONE_NM": "서울특별시 은평구 구산동 2-15 B01, 02호", "F_SHIM": 0.1, "F_AREA": 143.27902384000001, "F_AVR_HGT": 21.130361175537111, "반복침수연도수": 1, "반복침수여부": false, "침수이력점수": 1, "기본위험등급": "주의" }, "geometry": { "type": "Polygon", "coordinates": [ [ [ 126.915749684944743, 37.611096827797645 ], [ 126.915699051388714, 37.611005071082602 ], [ 126.915565695789383, 37.611050833988273 ], [ 126.915617007715966, 37.611143492234881 ], [ 126.915749684944743, 37.611096827797645 ] ] ] } },
{ "type": "Feature", "properties": { "ADM_CD": "1138010500", "SGG_CD": "11380", "GU_NM": "은평구", "F_YR": 2025, "F_ZONE_NM": "서울특별시 은평구 구산동 2-12 B01호", "F_SHIM": 0.1, "F_AREA": 147.7276576, "F_AVR_HGT": 21.130361175537111, "반복침수연도수": 1, "반복침수여부": false, "침수이력점수": 1, "기본위험등급": "주의" }, "geometry": { "type": "Polygon", "coordinates": [ [ [ 126.915927340224087, 37.611036771216234 ], [ 126.915907675731702, 37.610999996911758 ], [ 126.915876821606219, 37.610943392893219 ], [ 126.915875439320956, 37.610943878420116 ], [ 126.915845097118691, 37.610954451939037 ], [ 126.915739047156038, 37.610990954751472 ], [ 126.915790587010889, 37.611082531911677 ], [ 126.915844971135982, 37.611064281481212 ], [ 126.915927340224087, 37.611036771216234 ] ] ] } },
{ "type": "Feature", "properties": { "ADM_CD": "1138010500", "SGG_CD": "11380", "GU_NM": "은평구", "F_YR": 2025, "F_ZONE_NM": "서울특별시 은평구 구산동 11-17 지층", "F_SHIM": 0.1, "F_AREA": 167.38086992000001, "F_AVR_HGT": 25.50873146057129, "반복침수연도수": 1, "반복침수여부": false, "침수이력점수": 1, "기본위험등급": "주의" }, "geometry": { "type": "Polygon", "coordinates": [ [ [ 126.91202892937784, 37.611041988388834 ], [ 126.912106991993028, 37.610923298208547 ], [ 126.91199413086369, 37.610876992304391 ], [ 126.911915049782991, 37.610994870754354 ], [ 126.91202892937784, 37.611041988388834 ] ] ] } },
{ "type": "Feature", "properties": { "ADM_CD": "1138010500", "SGG_CD": "11380", "GU_NM": "은평구", "F_YR": 2025, "F_ZONE_NM": "서울특별시 은평구 구산동 2-19 지층1호", "F_SHIM": 0.1, "F_AREA": 148.7236483, "F_AVR_HGT": 21.130361175537111, "반복침수연도수": 1, "반복침수여부": false, "침수이력점수": 1, "기본위험등급": "주의" }, "geometry": { "type": "Polygon", "coordinates": [ [ [ 126.915648755861326, 37.610914936356977 ], [ 126.915596316050767, 37.610818312981131 ], [ 126.915463637975876, 37.610866058425501 ], [ 126.915516645589847, 37.610961240702935 ], [ 126.915648755861326, 37.610914936356977 ] ] ] } },
{ "type": "Feature", "properties": { "ADM_CD": "1138010500", "SGG_CD": "11380", "GU_NM": "은평구", "F_YR": 2025, "F_ZONE_NM": "서울특별시 은평구 구산동 2-27 B02", "F_SHIM": 0.1, "F_AREA": 144.35980739, "F_AVR_HGT": 21.130361175537111, "반복침수연도수": 2, "반복침수여부": true, "침수이력점수": 1, "기본위험등급": "주의" }, "geometry": { "type": "Polygon", "coordinates": [ [ [ 126.915822337906945, 37.610851092845813 ], [ 126.915768646927731, 37.610758973544101 ], [ 126.915653984768937, 37.610799794734604 ], [ 126.915643655257256, 37.610819969203099 ], [ 126.915687847403262, 37.610899197618501 ], [ 126.915822337906945, 37.610851092845813 ] ] ] } },
{ "type": "Feature", "properties": { "ADM_CD": "1138010800", "SGG_CD": "11380", "GU_NM": "은평구", "F_YR": 2025, "F_ZONE_NM": "서울특별시 은평구 역촌동 8-54 B01호", "F_SHIM": 0.1, "F_AREA": 256.10190383000003, "F_AVR_HGT": 20.432408905029298, "반복침수연도수": 1, "반복침수여부": false, "침수이력점수": 1, "기본위험등급": "주의" }, "geometry": { "type": "Polygon", "coordinates": [ [ [ 126.916442086781984, 37.607759552326257 ], [ 126.916321494257303, 37.607642337685505 ], [ 126.916180092975935, 37.60769791620968 ], [ 126.91618596918417, 37.607709182732471 ], [ 126.916253560772688, 37.607825548347876 ], [ 126.916442086781984, 37.607759552326257 ] ] ] } },
{ "type": "Feature", "properties": { "ADM_CD": "1138010500", "SGG_CD": "11380", "GU_NM": "은평구", "F_YR": 2025, "F_ZONE_NM": "서울특별시 은평구 구산동 21-27 B01호", "F_SHIM": 0.1, "F_AREA": 144.0326536, "F_AVR_HGT": 20.297288513183595, "반복침수연도수": 1, "반복침수여부": false, "침수이력점수": 1, "기본위험등급": "주의" }, "geometry": { "type": "Polygon", "coordinates": [ [ [ 126.91497390924782, 37.608331959806101 ], [ 126.914926442786651, 37.608246061422022 ], [ 126.914917740016776, 37.608230828443595 ], [ 126.914813733895684, 37.6082657101758 ], [ 126.914802723949236, 37.608286785061402 ], [ 126.914851660589335, 37.608374396439643 ], [ 126.91497390924782, 37.608331959806101 ] ] ] } },
{ "type": "Feature", "properties": { "ADM_CD": "1138010500", "SGG_CD": "11380", "GU_NM": "은평구", "F_YR": 2025, "F_ZONE_NM": "서울특별시 은평구 구산동 23-12 지층", "F_SHIM": 0.1, "F_AREA": 214.68257982, "F_AVR_HGT": 20.101111984252931, "반복침수연도수": 1, "반복침수여부": false, "침수이력점수": 1, "기본위험등급": "주의" }, "geometry": { "type": "Polygon", "coordinates": [ [ [ 126.913755462106849, 37.608108337325739 ], [ 126.913752644673878, 37.608096532368492 ], [ 126.913728082168333, 37.607988936867216 ], [ 126.913568596717354, 37.608011612967026 ], [ 126.913556344611933, 37.60802935317863 ], [ 126.913571781200943, 37.608096397731977 ], [ 126.913581471870756, 37.608138030313761 ], [ 126.913755462106849, 37.608108337325739 ] ] ] } },
{ "type": "Feature", "properties": { "ADM_CD": "1138010600", "SGG_CD": "11380", "GU_NM": "은평구", "F_YR": 2025, "F_ZONE_NM": "서울특별시 은평구 대조동 195-9 101호", "F_SHIM": 0.1, "F_AREA": 169.32720329, "F_AVR_HGT": 29.740010833740239, "반복침수연도수": 1, "반복침수여부": false, "침수이력점수": 1, "기본위험등급": "주의" }, "geometry": { "type": "Polygon", "coordinates": [ [ [ 126.922065896197424, 37.616739137641936 ], [ 126.922151738177504, 37.616644862738909 ], [ 126.922030390021732, 37.616577207522027 ], [ 126.921944207883371, 37.616671752402652 ], [ 126.922065896197424, 37.616739137641936 ] ] ] } },
{ "type": "Feature", "properties": { "ADM_CD": "1138010400", "SGG_CD": "11380", "GU_NM": "은평구", "F_YR": 2025, "F_ZONE_NM": "서울특별시 은평구 갈현동 507-7 101호", "F_SHIM": 0.1, "F_AREA": 142.51108557000001, "F_AVR_HGT": 29.090201950073244, "반복침수연도수": 1, "반복침수여부": false, "침수이력점수": 1, "기본위험등급": "주의" }, "geometry": { "type": "Polygon", "coordinates": [ [ [ 126.91219007341347, 37.614941106090704 ], [ 126.912301378135695, 37.614873346435168 ], [ 126.912304573697767, 37.614853076783113 ], [ 126.912244278585604, 37.614791404100352 ], [ 126.912198033999786, 37.614819479709567 ], [ 126.912118578839909, 37.614868162607038 ], [ 126.91219007341347, 37.614941106090704 ] ] ] } },
{ "type": "Feature", "properties": { "ADM_CD": "1138010800", "SGG_CD": "11380", "GU_NM": "은평구", "F_YR": 2025, "F_ZONE_NM": "서울특별시 은평구 역촌동 7-6 지층01호", "F_SHIM": 0.1, "F_AREA": 158.8105265, "F_AVR_HGT": 21.47887573242188, "반복침수연도수": 1, "반복침수여부": false, "침수이력점수": 1, "기본위험등급": "주의" }, "geometry": { "type": "Polygon", "coordinates": [ [ [ 126.917247514496623, 37.609682554973411 ], [ 126.917305997455259, 37.609744313958977 ], [ 126.917472030711096, 37.609641900606356 ], [ 126.917413434034998, 37.6095805020136 ], [ 126.917247514496623, 37.609682554973411 ] ] ] } },
{ "type": "Feature", "properties": { "ADM_CD": "1138010400", "SGG_CD": "11380", "GU_NM": "은평구", "F_YR": 2025, "F_ZONE_NM": "서울특별시 은평구 갈현동 507-14 지하 102호", "F_SHIM": 0.1, "F_AREA": 131.02955823, "F_AVR_HGT": 29.090201950073244, "반복침수연도수": 1, "반복침수여부": false, "침수이력점수": 1, "기본위험등급": "주의" }, "geometry": { "type": "Polygon", "coordinates": [ [ [ 126.911982772449406, 37.614777691276615 ], [ 126.911897023221186, 37.614691402325136 ], [ 126.911893064024767, 37.614687254806697 ], [ 126.911802045034591, 37.614745118713657 ], [ 126.911889942195742, 37.61483474299358 ], [ 126.911982772449406, 37.614777691276615 ] ] ] } },
{ "type": "Feature", "properties": { "ADM_CD": "1138010400", "SGG_CD": "11380", "GU_NM": "은평구", "F_YR": 2025, "F_ZONE_NM": "서울특별시 은평구 갈현동 327-85 101호", "F_SHIM": 0.1, "F_AREA": 251.39453636, "F_AVR_HGT": 44.773667907714845, "반복침수연도수": 1, "반복침수여부": false, "침수이력점수": 1, "기본위험등급": "주의" }, "geometry": { "type": "Polygon", "coordinates": [ [ [ 126.909734109187184, 37.616675951800282 ], [ 126.909698631008638, 37.616513026925624 ], [ 126.909691494109438, 37.616514012451098 ], [ 126.909545128505613, 37.616536242787902 ], [ 126.909579477148398, 37.616696373788336 ], [ 126.909734109187184, 37.616675951800282 ] ] ] } },
{ "type": "Feature", "properties": { "ADM_CD": "1138010400", "SGG_CD": "11380", "GU_NM": "은평구", "F_YR": 2025, "F_ZONE_NM": "서울특별시 은평구 갈현동 507-19 103호", "F_SHIM": 0.1, "F_AREA": 124.7247684, "F_AVR_HGT": 27.093101119995119, "반복침수연도수": 1, "반복침수여부": false, "침수이력점수": 1, "기본위험등급": "주의" }, "geometry": { "type": "Polygon", "coordinates": [ [ [ 126.911812180502565, 37.614604933803122 ], [ 126.91190353715308, 37.614548691908752 ], [ 126.91181903372437, 37.614462764235775 ], [ 126.911726205687813, 37.614518194063336 ], [ 126.911805958134394, 37.614599072697757 ], [ 126.911812180502565, 37.614604933803122 ] ] ] } },
{ "type": "Feature", "properties": { "ADM_CD": "1138010400", "SGG_CD": "11380", "GU_NM": "은평구", "F_YR": 2025, "F_ZONE_NM": "서울특별시 은평구 갈현동 509-9 1층", "F_SHIM": 0.1, "F_AREA": 155.72552657, "F_AVR_HGT": 29.090201950073244, "반복침수연도수": 1, "반복침수여부": false, "침수이력점수": 1, "기본위험등급": "주의" }, "geometry": { "type": "Polygon", "coordinates": [ [ [ 126.911774002720733, 37.61498899289144 ], [ 126.911886670175534, 37.614918621819818 ], [ 126.911801488831799, 37.614830981761116 ], [ 126.911688481317157, 37.614901622787862 ], [ 126.911774002720733, 37.61498899289144 ] ] ] } },
{ "type": "Feature", "properties": { "ADM_CD": "1138010400", "SGG_CD": "11380", "GU_NM": "은평구", "F_YR": 2025, "F_ZONE_NM": "서울특별시 은평구 갈현동 491-12 지하", "F_SHIM": 0.1, "F_AREA": 114.9439817, "F_AVR_HGT": 24.374112701416017, "반복침수연도수": 1, "반복침수여부": false, "침수이력점수": 1, "기본위험등급": "주의" }, "geometry": { "type": "Polygon", "coordinates": [ [ [ 126.913755328516729, 37.614294204984475 ], [ 126.913751373049948, 37.614286813999584 ], [ 126.913699828408298, 37.614199560703845 ], [ 126.913599999511121, 37.614238318652355 ], [ 126.913652214620839, 37.614333230827746 ], [ 126.913755328516729, 37.614294204984475 ] ] ] } },
{ "type": "Feature", "properties": { "ADM_CD": "1138010400", "SGG_CD": "11380", "GU_NM": "은평구", "F_YR": 2025, "F_ZONE_NM": "서울특별시 은평구 갈현동 491-16 지층 1호", "F_SHIM": 0.1, "F_AREA": 137.54825027000001, "F_AVR_HGT": 24.374112701416017, "반복침수연도수": 1, "반복침수여부": false, "침수이력점수": 1, "기본위험등급": "주의" }, "geometry": { "type": "Polygon", "coordinates": [ [ [ 126.913683213123349, 37.614170536753548 ], [ 126.9137077884793, 37.614172537199785 ], [ 126.913794926160463, 37.614138725121585 ], [ 126.913733551370143, 37.614031462754419 ], [ 126.913663073233053, 37.614056727872466 ], [ 126.913625680860733, 37.614070485038162 ], [ 126.913680385937496, 37.614166840627576 ], [ 126.913683213123349, 37.614170536753548 ] ] ] } },
{ "type": "Feature", "properties": { "ADM_CD": "1138010400", "SGG_CD": "11380", "GU_NM": "은평구", "F_YR": 2025, "F_ZONE_NM": "서울특별시 은평구 갈현동 455-20 1층", "F_SHIM": 0.1, "F_AREA": 409.57790871999998, "F_AVR_HGT": 25.010064697265623, "반복침수연도수": 1, "반복침수여부": false, "침수이력점수": 1, "기본위험등급": "주의" }, "geometry": { "type": "Polygon", "coordinates": [ [ [ 126.919174864807431, 37.618838422266634 ], [ 126.919286713333449, 37.618790658208333 ], [ 126.919302845143591, 37.618747332298945 ], [ 126.919194512430195, 37.618585620918175 ], [ 126.919053653212288, 37.618646338737484 ], [ 126.919009004500353, 37.618665408309916 ], [ 126.919103662190878, 37.618799270020084 ], [ 126.919135052113518, 37.618786047528467 ], [ 126.919174864807431, 37.618838422266634 ] ] ] } },
{ "type": "Feature", "properties": { "ADM_CD": "1138010400", "SGG_CD": "11380", "GU_NM": "은평구", "F_YR": 2025, "F_ZONE_NM": "서울특별시 은평구 갈현동 498-2 1층", "F_SHIM": 0.1, "F_AREA": 218.79695353, "F_AVR_HGT": 27.093101119995119, "반복침수연도수": 1, "반복침수여부": false, "침수이력점수": 1, "기본위험등급": "주의" }, "geometry": { "type": "Polygon", "coordinates": [ [ [ 126.912318499830448, 37.614098786140637 ], [ 126.912234082605167, 37.613940780349175 ], [ 126.912116922000195, 37.613981506089083 ], [ 126.912113749291763, 37.613982674960759 ], [ 126.912201111746668, 37.614140142477588 ], [ 126.912318499830448, 37.614098786140637 ] ] ] } },
{ "type": "Feature", "properties": { "ADM_CD": "1138010400", "SGG_CD": "11380", "GU_NM": "은평구", "F_YR": 2025, "F_ZONE_NM": "서울특별시 은평구 갈현동 490-10 B01호", "F_SHIM": 0.1, "F_AREA": 251.0452276, "F_AVR_HGT": 25.4853931427002, "반복침수연도수": 1, "반복침수여부": false, "침수이력점수": 1, "기본위험등급": "주의" }, "geometry": { "type": "Polygon", "coordinates": [ [ [ 126.913236111050452, 37.614125154094523 ], [ 126.913424426875011, 37.614061054876856 ], [ 126.913359323792619, 37.613946401487183 ], [ 126.913171686168837, 37.614011852581413 ], [ 126.913217687832656, 37.614092704998463 ], [ 126.913236111050452, 37.614125154094523 ] ] ] } },
{ "type": "Feature", "properties": { "ADM_CD": "1138010400", "SGG_CD": "11380", "GU_NM": "은평구", "F_YR": 2025, "F_ZONE_NM": "서울특별시 은평구 갈현동 471-17 정원쉐르빌(가동)", "F_SHIM": 0.1, "F_AREA": 260.59250415000002, "F_AVR_HGT": 22.574891662597658, "반복침수연도수": 1, "반복침수여부": false, "침수이력점수": 1, "기본위험등급": "주의" }, "geometry": { "type": "Polygon", "coordinates": [ [ [ 126.915460319570613, 37.614040834391758 ], [ 126.915626428840852, 37.613981319475606 ], [ 126.915646525238557, 37.613938537504943 ], [ 126.915608885440093, 37.61387237810829 ], [ 126.915599503349597, 37.613856243718857 ], [ 126.915398824903406, 37.613927482168933 ], [ 126.915460319570613, 37.614040834391758 ] ] ] } },
{ "type": "Feature", "properties": { "ADM_CD": "1138010400", "SGG_CD": "11380", "GU_NM": "은평구", "F_YR": 2025, "F_ZONE_NM": "서울특별시 은평구 갈현동 453-25", "F_SHIM": 0.1, "F_AREA": 221.68506973000001, "F_AVR_HGT": 25.69120559692383, "반복침수연도수": 1, "반복침수여부": false, "침수이력점수": 1, "기본위험등급": "주의" }, "geometry": { "type": "Polygon", "coordinates": [ [ [ 126.918119321220743, 37.618631356543055 ], [ 126.918061199650865, 37.618543469878368 ], [ 126.917927027749471, 37.618599415886713 ], [ 126.917861640642528, 37.618627480135814 ], [ 126.9179208934125, 37.618716538973104 ], [ 126.918119321220743, 37.618631356543055 ] ] ] } },
{ "type": "Feature", "properties": { "ADM_CD": "1138010400", "SGG_CD": "11380", "GU_NM": "은평구", "F_YR": 2025, "F_ZONE_NM": "서울특별시 은평구 갈현동 482-18 B01호", "F_SHIM": 0.1, "F_AREA": 210.94243227000001, "F_AVR_HGT": 24.76532325744629, "반복침수연도수": 1, "반복침수여부": false, "침수이력점수": 1, "기본위험등급": "주의" }, "geometry": { "type": "Polygon", "coordinates": [ [ [ 126.917535596245344, 37.617572020392899 ], [ 126.917709546124456, 37.617495560721636 ], [ 126.917655835709482, 37.617414434326832 ], [ 126.917646110708077, 37.617400282022686 ], [ 126.917471822404494, 37.61747566018424 ], [ 126.917535596245344, 37.617572020392899 ] ] ] } },
{ "type": "Feature", "properties": { "ADM_CD": "1138010400", "SGG_CD": "11380", "GU_NM": "은평구", "F_YR": 2025, "F_ZONE_NM": "서울특별시 은평구 갈현동 456-5 1층 1호", "F_SHIM": 0.1, "F_AREA": 288.98505682000001, "F_AVR_HGT": 25.518722152709959, "반복침수연도수": 1, "반복침수여부": false, "침수이력점수": 1, "기본위험등급": "주의" }, "geometry": { "type": "Polygon", "coordinates": [ [ [ 126.919784420456963, 37.618578192437951 ], [ 126.919733535349366, 37.61850013229197 ], [ 126.919681628470073, 37.618424323865227 ], [ 126.91967767150706, 37.618417563768901 ], [ 126.91957692927059, 37.618460560717992 ], [ 126.919598300104269, 37.618494092021685 ], [ 126.919543679700666, 37.618517119187622 ], [ 126.919633250092559, 37.61864277802249 ], [ 126.919784420456963, 37.618578192437951 ] ] ] } },
{ "type": "Feature", "properties": { "ADM_CD": "1138010400", "SGG_CD": "11380", "GU_NM": "은평구", "F_YR": 2025, "F_ZONE_NM": "서울특별시 은평구 갈현동 489-12 102호", "F_SHIM": 0.1, "F_AREA": 242.17733784000001, "F_AVR_HGT": 23.018931961059572, "반복침수연도수": 1, "반복침수여부": false, "침수이력점수": 1, "기본위험등급": "주의" }, "geometry": { "type": "Polygon", "coordinates": [ [ [ 126.913536568684378, 37.613665247502411 ], [ 126.913445691835676, 37.613508679318507 ], [ 126.913357086178053, 37.61353924651457 ], [ 126.913315727132016, 37.613555343170667 ], [ 126.913405810940887, 37.613711910861205 ], [ 126.913536568684378, 37.613665247502411 ] ] ] } },
{ "type": "Feature", "properties": { "ADM_CD": "1138010400", "SGG_CD": "11380", "GU_NM": "은평구", "F_YR": 2025, "F_ZONE_NM": "서울특별시 은평구 갈현동 482-16 B01호", "F_SHIM": 0.1, "F_AREA": 212.44144782000001, "F_AVR_HGT": 24.76532325744629, "반복침수연도수": 1, "반복침수여부": false, "침수이력점수": 1, "기본위험등급": "주의" }, "geometry": { "type": "Polygon", "coordinates": [ [ [ 126.917646110708077, 37.617400282022686 ], [ 126.917585841432569, 37.617309870834475 ], [ 126.917582336465657, 37.617304282262822 ], [ 126.917406689839268, 37.617379028677085 ], [ 126.917471822404494, 37.61747566018424 ], [ 126.917646110708077, 37.617400282022686 ] ] ] } },
{ "type": "Feature", "properties": { "ADM_CD": "1138010400", "SGG_CD": "11380", "GU_NM": "은평구", "F_YR": 2025, "F_ZONE_NM": "서울특별시 은평구 갈현동 461-22", "F_SHIM": 0.1, "F_AREA": 165.06073448000001, "F_AVR_HGT": 22.952384567260744, "반복침수연도수": 2, "반복침수여부": true, "침수이력점수": 1, "기본위험등급": "주의" }, "geometry": { "type": "Polygon", "coordinates": [ [ [ 126.918030513445842, 37.616205043532545 ], [ 126.918133291577291, 37.616162680010888 ], [ 126.918114520603126, 37.616135006640768 ], [ 126.918058547656941, 37.616051896654241 ], [ 126.917938090241833, 37.616103347496349 ], [ 126.918003786792852, 37.6162016909934 ], [ 126.918022823661261, 37.616194136226611 ], [ 126.918030513445842, 37.616205043532545 ] ] ] } },
{ "type": "Feature", "properties": { "ADM_CD": "1138010400", "SGG_CD": "11380", "GU_NM": "은평구", "F_YR": 2025, "F_ZONE_NM": "서울특별시 은평구 갈현동 110-22 1층", "F_SHIM": 0.1, "F_AREA": 268.52926298, "F_AVR_HGT": 27.14951858520508, "반복침수연도수": 1, "반복침수여부": false, "침수이력점수": 1, "기본위험등급": "주의" }, "geometry": { "type": "Polygon", "coordinates": [ [ [ 126.916318503880632, 37.618503932902598 ], [ 126.916355488504507, 37.618551261062116 ], [ 126.916373482686609, 37.618564788750213 ], [ 126.916404972806589, 37.618563369898013 ], [ 126.916456749990544, 37.618551334095201 ], [ 126.916477375006494, 37.618542339157436 ], [ 126.916492812677618, 37.618513158520983 ], [ 126.916475400238838, 37.618386648344547 ], [ 126.916474041232476, 37.618386467169117 ], [ 126.916301633296342, 37.61839913671632 ], [ 126.916302866078965, 37.618410670154049 ], [ 126.916305320026439, 37.618443918098002 ], [ 126.916307558339341, 37.618467615495192 ], [ 126.916318503880632, 37.618503932902598 ] ] ] } },
{ "type": "Feature", "properties": { "ADM_CD": "1138010400", "SGG_CD": "11380", "GU_NM": "은평구", "F_YR": 2025, "F_ZONE_NM": "서울특별시 은평구 갈현동 517-19 지하 우측", "F_SHIM": 0.1, "F_AREA": 176.99565522, "F_AVR_HGT": 39.402410125732423, "반복침수연도수": 1, "반복침수여부": false, "침수이력점수": 1, "기본위험등급": "주의" }, "geometry": { "type": "Polygon", "coordinates": [ [ [ 126.912449379058671, 37.618509455183549 ], [ 126.912467200746789, 37.618496062047434 ], [ 126.912381471040263, 37.618417846297874 ], [ 126.912459858368095, 37.618365306253487 ], [ 126.912392086686253, 37.618301916176542 ], [ 126.912358708709263, 37.618271798222416 ], [ 126.912266094789459, 37.618333985949945 ], [ 126.912263033227219, 37.618336776673196 ], [ 126.912449379058671, 37.618509455183549 ] ] ] } },
{ "type": "Feature", "properties": { "ADM_CD": "1138010400", "SGG_CD": "11380", "GU_NM": "은평구", "F_YR": 2025, "F_ZONE_NM": "서울특별시 은평구 갈현동 517-48 선일빌라 지층", "F_SHIM": 0.1, "F_AREA": 101.13986334000001, "F_AVR_HGT": 39.402410125732423, "반복침수연도수": 1, "반복침수여부": false, "침수이력점수": 1, "기본위험등급": "주의" }, "geometry": { "type": "Polygon", "coordinates": [ [ [ 126.912467200746789, 37.618496062047434 ], [ 126.912540641454413, 37.618440869335352 ], [ 126.912459858368095, 37.618365306253487 ], [ 126.912381471040263, 37.618417846297874 ], [ 126.912467200746789, 37.618496062047434 ] ] ] } },
{ "type": "Feature", "properties": { "ADM_CD": "1138010400", "SGG_CD": "11380", "GU_NM": "은평구", "F_YR": 2025, "F_ZONE_NM": "서울특별시 은평구 갈현동 469-3 B01호", "F_SHIM": 0.1, "F_AREA": 241.95925581, "F_AVR_HGT": 21.833762741088869, "반복침수연도수": 1, "반복침수여부": false, "침수이력점수": 1, "기본위험등급": "주의" }, "geometry": { "type": "Polygon", "coordinates": [ [ [ 126.915123665288178, 37.61309826139 ], [ 126.915034254308779, 37.61294502911592 ], [ 126.914902026073364, 37.612991963356073 ], [ 126.914914232600381, 37.613013956253013 ], [ 126.914989057444487, 37.613146004867211 ], [ 126.915123665288178, 37.61309826139 ] ] ] } },
{ "type": "Feature", "properties": { "ADM_CD": "1138010400", "SGG_CD": "11380", "GU_NM": "은평구", "F_YR": 2025, "F_ZONE_NM": "서울특별시 은평구 갈현동 518-13 지층 나호", "F_SHIM": 0.1, "F_AREA": 129.14973233000001, "F_AVR_HGT": 45.971772766113283, "반복침수연도수": 1, "반복침수여부": false, "침수이력점수": 1, "기본위험등급": "주의" }, "geometry": { "type": "Polygon", "coordinates": [ [ [ 126.91127714479282, 37.618248721903157 ], [ 126.911218087959924, 37.618191824873165 ], [ 126.911200326132857, 37.618174332263315 ], [ 126.911095242138913, 37.618244618350381 ], [ 126.911172287628276, 37.618318737937308 ], [ 126.91127714479282, 37.618248721903157 ] ] ] } },
{ "type": "Feature", "properties": { "ADM_CD": "1138010400", "SGG_CD": "11380", "GU_NM": "은평구", "F_YR": 2025, "F_ZONE_NM": "서울특별시 은평구 갈현동 512-13 B01호", "F_SHIM": 0.1, "F_AREA": 152.28556795, "F_AVR_HGT": 28.829942321777345, "반복침수연도수": 1, "반복침수여부": false, "침수이력점수": 1, "기본위험등급": "주의" }, "geometry": { "type": "Polygon", "coordinates": [ [ [ 126.91349115497961, 37.617121105379148 ], [ 126.913515524732162, 37.617106167279047 ], [ 126.913614589893598, 37.617045965519168 ], [ 126.913604294923616, 37.617035596574873 ], [ 126.913580605866457, 37.61704963422028 ], [ 126.91349768212342, 37.616964790137082 ], [ 126.91339861633783, 37.617025532387487 ], [ 126.913476674603743, 37.617106138301502 ], [ 126.91349115497961, 37.617121105379148 ] ] ] } },
{ "type": "Feature", "properties": { "ADM_CD": "1138010400", "SGG_CD": "11380", "GU_NM": "은평구", "F_YR": 2025, "F_ZONE_NM": "서울특별시 은평구 갈현동 481-6 지층", "F_SHIM": 0.1, "F_AREA": 192.50067564, "F_AVR_HGT": 23.705510711669923, "반복침수연도수": 1, "반복침수여부": false, "침수이력점수": 1, "기본위험등급": "주의" }, "geometry": { "type": "Polygon", "coordinates": [ [ [ 126.918163791324503, 37.617047554567002 ], [ 126.918101374694118, 37.616952637217182 ], [ 126.917940570935045, 37.617024061294238 ], [ 126.917997108285505, 37.617109424173918 ], [ 126.918003214858743, 37.617118168006314 ], [ 126.918023159396313, 37.617109442608502 ], [ 126.918163791324503, 37.617047554567002 ] ] ] } },
{ "type": "Feature", "properties": { "ADM_CD": "1138010400", "SGG_CD": "11380", "GU_NM": "은평구", "F_YR": 2025, "F_ZONE_NM": "서울특별시 은평구 갈현동 136-11 가동 B02호", "F_SHIM": 0.1, "F_AREA": 155.34243902, "F_AVR_HGT": 27.522399520874025, "반복침수연도수": 1, "반복침수여부": false, "침수이력점수": 1, "기본위험등급": "주의" }, "geometry": { "type": "Polygon", "coordinates": [ [ [ 126.916227025442794, 37.617078876273546 ], [ 126.916224538435486, 37.617074639867816 ], [ 126.916171603273099, 37.616990774372304 ], [ 126.916074418609909, 37.61701299430473 ], [ 126.916001116299384, 37.61702996973986 ], [ 126.916065735631548, 37.617108041458152 ], [ 126.916227025442794, 37.617078876273546 ] ] ] } },
{ "type": "Feature", "properties": { "ADM_CD": "1138010400", "SGG_CD": "11380", "GU_NM": "은평구", "F_YR": 2025, "F_ZONE_NM": "서울특별시 은평구 갈현동 513-16 지층 2호", "F_SHIM": 0.1, "F_AREA": 167.4899949, "F_AVR_HGT": 30.606891250610357, "반복침수연도수": 1, "반복침수여부": false, "침수이력점수": 1, "기본위험등급": "주의" }, "geometry": { "type": "Polygon", "coordinates": [ [ [ 126.913262075152986, 37.616977137799189 ], [ 126.913181642731203, 37.616893106238678 ], [ 126.913050956083566, 37.616970402564775 ], [ 126.913134787475613, 37.617053535778432 ], [ 126.913262075152986, 37.616977137799189 ] ] ] } },
{ "type": "Feature", "properties": { "ADM_CD": "1138010400", "SGG_CD": "11380", "GU_NM": "은평구", "F_YR": 2025, "F_ZONE_NM": "서울특별시 은평구 갈현동 512-19 B02호", "F_SHIM": 0.1, "F_AREA": 190.21367234, "F_AVR_HGT": 28.829942321777345, "반복침수연도수": 1, "반복침수여부": false, "침수이력점수": 1, "기본위험등급": "주의" }, "geometry": { "type": "Polygon", "coordinates": [ [ [ 126.91339861633783, 37.617025532387487 ], [ 126.91349768212342, 37.616964790137082 ], [ 126.913580605866457, 37.61704963422028 ], [ 126.913604294923616, 37.617035596574873 ], [ 126.913682278656538, 37.616987181894807 ], [ 126.913579556876144, 37.616882411462058 ], [ 126.913479469646802, 37.616945045079113 ], [ 126.913483315679258, 37.616949282556526 ], [ 126.913383682830542, 37.617010655057889 ], [ 126.91339861633783, 37.617025532387487 ] ] ] } },
{ "type": "Feature", "properties": { "ADM_CD": "1138010700", "SGG_CD": "11380", "GU_NM": "은평구", "F_YR": 2025, "F_ZONE_NM": "서울특별시 은평구 응암동 98-5 지층 나호", "F_SHIM": 0.1, "F_AREA": 168.86024515, "F_AVR_HGT": 25.362092590332036, "반복침수연도수": 1, "반복침수여부": false, "침수이력점수": 1, "기본위험등급": "주의" }, "geometry": { "type": "Polygon", "coordinates": [ [ [ 126.924962086207358, 37.60060816159482 ], [ 126.924993098364808, 37.600513037893663 ], [ 126.925132806169302, 37.600543491521201 ], [ 126.925139279856708, 37.600524935459276 ], [ 126.924985643499355, 37.600494472808585 ], [ 126.924876048942366, 37.600472688002142 ], [ 126.924851863170929, 37.6005365519949 ], [ 126.924837208901366, 37.600581591628703 ], [ 126.924962086207358, 37.60060816159482 ] ] ] } },
{ "type": "Feature", "properties": { "ADM_CD": "1138010600", "SGG_CD": "11380", "GU_NM": "은평구", "F_YR": 2025, "F_ZONE_NM": "서울특별시 은평구 대조동 33-17 지하1층", "F_SHIM": 0.1, "F_AREA": 89.8881844, "F_AVR_HGT": 23.908824539184572, "반복침수연도수": 1, "반복침수여부": false, "침수이력점수": 1, "기본위험등급": "주의" }, "geometry": { "type": "Polygon", "coordinates": [ [ [ 126.925109862250352, 37.609358328034212 ], [ 126.925175720819126, 37.609301608805652 ], [ 126.925164065892986, 37.609291600368749 ], [ 126.925097523690411, 37.609241642911734 ], [ 126.925090394141051, 37.609236322502703 ], [ 126.925038457949057, 37.609300709051844 ], [ 126.92502870436816, 37.609314127358545 ], [ 126.925109862250352, 37.609358328034212 ] ] ] } },
{ "type": "Feature", "properties": { "ADM_CD": "1138010600", "SGG_CD": "11380", "GU_NM": "은평구", "F_YR": 2025, "F_ZONE_NM": "서울특별시 은평구 대조동 15-222   지하1층 한우의진수", "F_SHIM": 0.1, "F_AREA": 69.05609862, "F_AVR_HGT": 25.526143646240239, "반복침수연도수": 1, "반복침수여부": false, "침수이력점수": 1, "기본위험등급": "주의" }, "geometry": { "type": "Polygon", "coordinates": [ [ [ 126.927708084563335, 37.609101381800158 ], [ 126.927728926070571, 37.609098511691066 ], [ 126.927741137618369, 37.609095672223077 ], [ 126.927706132184724, 37.609014165543009 ], [ 126.927686532302374, 37.609021271039246 ], [ 126.927623092832022, 37.609038953646852 ], [ 126.927658197484931, 37.60911166683119 ], [ 126.927708084563335, 37.609101381800158 ] ] ] } },
{ "type": "Feature", "properties": { "ADM_CD": "1138010600", "SGG_CD": "11380", "GU_NM": "은평구", "F_YR": 2025, "F_ZONE_NM": "서울특별시 은평구 대조동 14-344 지층", "F_SHIM": 0.1, "F_AREA": 99.13283492, "F_AVR_HGT": 25.526143646240239, "반복침수연도수": 1, "반복침수여부": false, "침수이력점수": 1, "기본위험등급": "주의" }, "geometry": { "type": "Polygon", "coordinates": [ [ [ 126.927744546610285, 37.609107080783275 ], [ 126.927842011663074, 37.609073697224744 ], [ 126.92779662047495, 37.608981029932643 ], [ 126.927788157119835, 37.608984394317552 ], [ 126.927706132184724, 37.609014165543009 ], [ 126.927741137618369, 37.609095672223077 ], [ 126.927728926070571, 37.609098511691066 ], [ 126.927744546610285, 37.609107080783275 ] ] ] } },
{ "type": "Feature", "properties": { "ADM_CD": "1138010600", "SGG_CD": "11380", "GU_NM": "은평구", "F_YR": 2025, "F_ZONE_NM": "서울특별시 은평구 대조동 31-4 B01호", "F_SHIM": 0.1, "F_AREA": 311.31081382000002, "F_AVR_HGT": 25.717261886596681, "반복침수연도수": 1, "반복침수여부": false, "침수이력점수": 1, "기본위험등급": "주의" }, "geometry": { "type": "Polygon", "coordinates": [ [ [ 126.926091929893516, 37.610214081451815 ], [ 126.926169700626659, 37.610137187301554 ], [ 126.926159541388728, 37.610103754397414 ], [ 126.926025760558076, 37.610017895448365 ], [ 126.925899024472827, 37.610133410252281 ], [ 126.926024307940352, 37.610222507441748 ], [ 126.926091929893516, 37.610214081451815 ] ] ] } },
{ "type": "Feature", "properties": { "ADM_CD": "1138010600", "SGG_CD": "11380", "GU_NM": "은평구", "F_YR": 2025, "F_ZONE_NM": "서울특별시 은평구 대조동 172-64 지층우측", "F_SHIM": 0.1, "F_AREA": 172.20738607000001, "F_AVR_HGT": 28.554816818237303, "반복침수연도수": 1, "반복침수여부": false, "침수이력점수": 1, "기본위험등급": "주의" }, "geometry": { "type": "Polygon", "coordinates": [ [ [ 126.920890011361422, 37.609783036365393 ], [ 126.920892618259529, 37.609781146084956 ], [ 126.920998727806449, 37.609685444178957 ], [ 126.920925763167347, 37.609607099070345 ], [ 126.920897205376718, 37.60962347743159 ], [ 126.920799859421038, 37.609679361852947 ], [ 126.92082915728119, 37.60971181722644 ], [ 126.920890011361422, 37.609783036365393 ] ] ] } },
{ "type": "Feature", "properties": { "ADM_CD": "1138010600", "SGG_CD": "11380", "GU_NM": "은평구", "F_YR": 2025, "F_ZONE_NM": "서울특별시 은평구 대조동 84-95 지층 좌측(B101호)", "F_SHIM": 0.1, "F_AREA": 172.11467155, "F_AVR_HGT": 31.973338699340822, "반복침수연도수": 1, "반복침수여부": false, "침수이력점수": 1, "기본위험등급": "주의" }, "geometry": { "type": "Polygon", "coordinates": [ [ [ 126.926114476167839, 37.612920463738241 ], [ 126.926188393366459, 37.61279289596807 ], [ 126.92617385697838, 37.61278685011451 ], [ 126.926182219593088, 37.612771574812051 ], [ 126.926117235042767, 37.612745585052245 ], [ 126.926012257733674, 37.612843814983002 ], [ 126.925991761235608, 37.612862812570604 ], [ 126.926114476167839, 37.612920463738241 ] ] ] } },
{ "type": "Feature", "properties": { "ADM_CD": "1138010600", "SGG_CD": "11380", "GU_NM": "은평구", "F_YR": 2025, "F_ZONE_NM": "서울특별시 은평구 대조동 171-22 지하 102호", "F_SHIM": 0.1, "F_AREA": 142.23122437000001, "F_AVR_HGT": 26.160499191284181, "반복침수연도수": 1, "반복침수여부": false, "침수이력점수": 1, "기본위험등급": "주의" }, "geometry": { "type": "Polygon", "coordinates": [ [ [ 126.921256104000392, 37.611630297954491 ], [ 126.921250677459412, 37.611515779533697 ], [ 126.921121672922069, 37.611519926335042 ], [ 126.921124316903814, 37.611588853209931 ], [ 126.92112551938375, 37.611629127895341 ], [ 126.921256104000392, 37.611630297954491 ] ] ] } },
{ "type": "Feature", "properties": { "ADM_CD": "1138010600", "SGG_CD": "11380", "GU_NM": "은평구", "F_YR": 2025, "F_ZONE_NM": "서울특별시 은평구 대조동 79-3 지층", "F_SHIM": 0.1, "F_AREA": 380.73041433999998, "F_AVR_HGT": 25.053491210937501, "반복침수연도수": 1, "반복침수여부": false, "침수이력점수": 1, "기본위험등급": "주의" }, "geometry": { "type": "Polygon", "coordinates": [ [ [ 126.926871065631744, 37.610615063136478 ], [ 126.926866990131217, 37.610613348693711 ], [ 126.926972028373143, 37.610449796839077 ], [ 126.926801533452263, 37.610381664914534 ], [ 126.926709423146676, 37.610528196263452 ], [ 126.926716213347845, 37.610533336162213 ], [ 126.926699425052419, 37.610559724279497 ], [ 126.926731005194213, 37.610577944122966 ], [ 126.926849405746879, 37.610643069960098 ], [ 126.926871065631744, 37.610615063136478 ] ] ] } },
{ "type": "Feature", "properties": { "ADM_CD": "1138010600", "SGG_CD": "11380", "GU_NM": "은평구", "F_YR": 2025, "F_ZONE_NM": "서울특별시 은평구 대조동 171-65 101호", "F_SHIM": 0.1, "F_AREA": 163.24552811000001, "F_AVR_HGT": 26.874093627929689, "반복침수연도수": 1, "반복침수여부": false, "침수이력점수": 1, "기본위험등급": "주의" }, "geometry": { "type": "Polygon", "coordinates": [ [ [ 126.921536107025062, 37.611284511202101 ], [ 126.921536798047924, 37.611273789991749 ], [ 126.921541368500471, 37.611183388614499 ], [ 126.921526814683631, 37.611183685084598 ], [ 126.921507674008026, 37.611183942404061 ], [ 126.921383090646813, 37.611184758857725 ], [ 126.921374936162721, 37.611184753320465 ], [ 126.921373651666471, 37.611220791704653 ], [ 126.921371883686405, 37.611285210674417 ], [ 126.921507566002958, 37.611284762150397 ], [ 126.921536107025062, 37.611284511202101 ] ] ] } },
{ "type": "Feature", "properties": { "ADM_CD": "1138010700", "SGG_CD": "11380", "GU_NM": "은평구", "F_YR": 2025, "F_ZONE_NM": "서울특별시 은평구 응암동 583-11 B01호", "F_SHIM": 0.1, "F_AREA": 128.0474563, "F_AVR_HGT": 14.942345237731931, "반복침수연도수": 1, "반복침수여부": false, "침수이력점수": 1, "기본위험등급": "주의" }, "geometry": { "type": "Polygon", "coordinates": [ [ [ 126.916521867050861, 37.592284864634799 ], [ 126.916522665077778, 37.592280089992705 ], [ 126.916528775995857, 37.59218350887577 ], [ 126.916383365702231, 37.592205928696607 ], [ 126.916407712642851, 37.592302802066044 ], [ 126.916521867050861, 37.592284864634799 ] ] ] } },
{ "type": "Feature", "properties": { "ADM_CD": "1138010700", "SGG_CD": "11380", "GU_NM": "은평구", "F_YR": 2025, "F_ZONE_NM": "서울특별시 은평구 응암동 583-19", "F_SHIM": 0.1, "F_AREA": 102.40572659, "F_AVR_HGT": 14.650294876098632, "반복침수연도수": 2, "반복침수여부": true, "침수이력점수": 1, "기본위험등급": "주의" }, "geometry": { "type": "Polygon", "coordinates": [ [ [ 126.916109420975985, 37.592246275091043 ], [ 126.916088459020926, 37.592160125822545 ], [ 126.916084626266482, 37.592145256807427 ], [ 126.915998209911081, 37.592165736672058 ], [ 126.915965243489879, 37.592081741044993 ], [ 126.915942481100657, 37.592084877990068 ], [ 126.915984958124525, 37.592169331007547 ], [ 126.916039206011703, 37.592258117257721 ], [ 126.916048379130018, 37.592256682325292 ], [ 126.916109420975985, 37.592246275091043 ] ] ] } },
{ "type": "Feature", "properties": { "ADM_CD": "1138010700", "SGG_CD": "11380", "GU_NM": "은평구", "F_YR": 2025, "F_ZONE_NM": "서울특별시 은평구 응암동 583-58", "F_SHIM": 0.1, "F_AREA": 193.82252491, "F_AVR_HGT": 14.650294876098632, "반복침수연도수": 1, "반복침수여부": false, "침수이력점수": 1, "기본위험등급": "주의" }, "geometry": { "type": "Polygon", "coordinates": [ [ [ 126.915839132407939, 37.592257701907464 ], [ 126.915866538751544, 37.592253216875854 ], [ 126.915987262704249, 37.592233302562889 ], [ 126.9159085073033, 37.592089628571841 ], [ 126.915866719133263, 37.592095815048644 ], [ 126.915804999663166, 37.592104780090743 ], [ 126.915839132407939, 37.592257701907464 ] ] ] } },
{ "type": "Feature", "properties": { "ADM_CD": "1138010700", "SGG_CD": "11380", "GU_NM": "은평구", "F_YR": 2025, "F_ZONE_NM": "서울특별시 은평구 응암동 578-45 B01", "F_SHIM": 0.1, "F_AREA": 219.20964118000001, "F_AVR_HGT": 14.942345237731931, "반복침수연도수": 1, "반복침수여부": false, "침수이력점수": 1, "기본위험등급": "주의" }, "geometry": { "type": "Polygon", "coordinates": [ [ [ 126.917071111527974, 37.592207053415024 ], [ 126.917046785447894, 37.592090989229227 ], [ 126.91695154682391, 37.592103354619496 ], [ 126.916859591264753, 37.592116172779697 ], [ 126.916884935807971, 37.592232508028964 ], [ 126.917071111527974, 37.592207053415024 ] ] ] } },
{ "type": "Feature", "properties": { "ADM_CD": "1138010700", "SGG_CD": "11380", "GU_NM": "은평구", "F_YR": 2025, "F_ZONE_NM": "서울특별시 은평구 응암동 583-4 지하2호", "F_SHIM": 0.1, "F_AREA": 157.61402965, "F_AVR_HGT": 14.942345237731931, "반복침수연도수": 1, "반복침수여부": false, "침수이력점수": 1, "기본위험등급": "주의" }, "geometry": { "type": "Polygon", "coordinates": [ [ [ 126.916383365702231, 37.592205928696607 ], [ 126.916528775995857, 37.59218350887577 ], [ 126.916633417106382, 37.592167276356278 ], [ 126.91662756159414, 37.59213880104101 ], [ 126.916497325182263, 37.592160150732994 ], [ 126.916483470524753, 37.592096531260239 ], [ 126.916352557756156, 37.5921152674509 ], [ 126.916353231989731, 37.59211977285895 ], [ 126.916373965832761, 37.592207633786799 ], [ 126.916383365702231, 37.592205928696607 ] ] ] } },
{ "type": "Feature", "properties": { "ADM_CD": "1138010700", "SGG_CD": "11380", "GU_NM": "은평구", "F_YR": 2025, "F_ZONE_NM": "서울특별시 은평구 응암동 578-46 지하2호", "F_SHIM": 0.1, "F_AREA": 172.43431917000001, "F_AVR_HGT": 14.942345237731931, "반복침수연도수": 1, "반복침수여부": false, "침수이력점수": 1, "기본위험등급": "주의" }, "geometry": { "type": "Polygon", "coordinates": [ [ [ 126.917228183179745, 37.59218545196056 ], [ 126.917199655950441, 37.592079565928572 ], [ 126.917076905969211, 37.592089298910111 ], [ 126.917046785447894, 37.592090989229227 ], [ 126.917071111527974, 37.592207053415024 ], [ 126.917228183179745, 37.59218545196056 ] ] ] } },
{ "type": "Feature", "properties": { "ADM_CD": "1138010700", "SGG_CD": "11380", "GU_NM": "은평구", "F_YR": 2025, "F_ZONE_NM": "서울특별시 은평구 응암동 583-17 1층", "F_SHIM": 0.1, "F_AREA": 105.13422744, "F_AVR_HGT": 14.650294876098632, "반복침수연도수": 1, "반복침수여부": false, "침수이력점수": 1, "기본위험등급": "주의" }, "geometry": { "type": "Polygon", "coordinates": [ [ [ 126.916088459020926, 37.592160125822545 ], [ 126.916196948294754, 37.59214533804986 ], [ 126.916175091453297, 37.592049547616092 ], [ 126.916065468388766, 37.592065776123135 ], [ 126.916084626266482, 37.592145256807427 ], [ 126.916088459020926, 37.592160125822545 ] ] ] } },
{ "type": "Feature", "properties": { "ADM_CD": "1138010700", "SGG_CD": "11380", "GU_NM": "은평구", "F_YR": 2025, "F_ZONE_NM": "서울특별시 은평구 응암동 583-5 지층", "F_SHIM": 0.1, "F_AREA": 97.11672736, "F_AVR_HGT": 14.942345237731931, "반복침수연도수": 1, "반복침수여부": false, "침수이력점수": 1, "기본위험등급": "주의" }, "geometry": { "type": "Polygon", "coordinates": [ [ [ 126.916483470524753, 37.592096531260239 ], [ 126.916497325182263, 37.592160150732994 ], [ 126.91662756159414, 37.59213880104101 ], [ 126.916611452203071, 37.592066440413426 ], [ 126.916480765564486, 37.59208553730285 ], [ 126.916483470524753, 37.592096531260239 ] ] ] } },
{ "type": "Feature", "properties": { "ADM_CD": "1138010700", "SGG_CD": "11380", "GU_NM": "은평구", "F_YR": 2025, "F_ZONE_NM": "서울특별시 은평구 응암동 583-7 101호", "F_SHIM": 0.1, "F_AREA": 119.12501091, "F_AVR_HGT": 14.942345237731931, "반복침수연도수": 1, "반복침수여부": false, "침수이력점수": 1, "기본위험등급": "주의" }, "geometry": { "type": "Polygon", "coordinates": [ [ [ 126.916352557756156, 37.5921152674509 ], [ 126.916483470524753, 37.592096531260239 ], [ 126.916480765564486, 37.59208553730285 ], [ 126.916461607895769, 37.592005516091326 ], [ 126.916331711968354, 37.592026325255937 ], [ 126.916352557756156, 37.5921152674509 ] ] ] } },
{ "type": "Feature", "properties": { "ADM_CD": "1138010700", "SGG_CD": "11380", "GU_NM": "은평구", "F_YR": 2025, "F_ZONE_NM": "서울특별시 은평구 응암동 584-53 1층 네이티브바버샵", "F_SHIM": 0.1, "F_AREA": 185.78943249, "F_AVR_HGT": 14.337142562866211, "반복침수연도수": 1, "반복침수여부": false, "침수이력점수": 1, "기본위험등급": "주의" }, "geometry": { "type": "Polygon", "coordinates": [ [ [ 126.915674597159665, 37.592073421171968 ], [ 126.915652972949843, 37.591972855592928 ], [ 126.915468266285771, 37.592000921896705 ], [ 126.915493627808857, 37.59210058924841 ], [ 126.915674597159665, 37.592073421171968 ] ] ] } },
{ "type": "Feature", "properties": { "ADM_CD": "1138010700", "SGG_CD": "11380", "GU_NM": "은평구", "F_YR": 2025, "F_ZONE_NM": "서울특별시 은평구 응암동 589-13 지층 입구", "F_SHIM": 0.1, "F_AREA": 105.38067013, "F_AVR_HGT": 14.323570823669431, "반복침수연도수": 1, "반복침수여부": false, "침수이력점수": 1, "기본위험등급": "주의" }, "geometry": { "type": "Polygon", "coordinates": [ [ [ 126.915989025767715, 37.590692620490074 ], [ 126.915952092262287, 37.590612856591413 ], [ 126.915868388242586, 37.590639284831362 ], [ 126.915833841843238, 37.590650251770946 ], [ 126.915868294703017, 37.590720913962365 ], [ 126.915872587265085, 37.590729656626863 ], [ 126.915989025767715, 37.590692620490074 ] ] ] } },
{ "type": "Feature", "properties": { "ADM_CD": "1138010700", "SGG_CD": "11380", "GU_NM": "은평구", "F_YR": 2025, "F_ZONE_NM": "서울특별시 은평구 응암동 584-60 지층 좌", "F_SHIM": 0.1, "F_AREA": 119.53185083, "F_AVR_HGT": 14.337142562866211, "반복침수연도수": 1, "반복침수여부": false, "침수이력점수": 1, "기본위험등급": "주의" }, "geometry": { "type": "Polygon", "coordinates": [ [ [ 126.915866780774579, 37.592042026329374 ], [ 126.915895432232318, 37.592037812489636 ], [ 126.915873118045937, 37.591946256293056 ], [ 126.915866917582534, 37.591922646004292 ], [ 126.915863422708156, 37.591909398998439 ], [ 126.915772031686458, 37.591923658296487 ], [ 126.915803928451865, 37.592051531139603 ], [ 126.915866780774579, 37.592042026329374 ] ] ] } },
{ "type": "Feature", "properties": { "ADM_CD": "1138010700", "SGG_CD": "11380", "GU_NM": "은평구", "F_YR": 2025, "F_ZONE_NM": "서울특별시 은평구 응암동 584-55 지층 좌측", "F_SHIM": 0.1, "F_AREA": 115.49097763, "F_AVR_HGT": 14.337142562866211, "반복침수연도수": 1, "반복침수여부": false, "침수이력점수": 1, "기본위험등급": "주의" }, "geometry": { "type": "Polygon", "coordinates": [ [ [ 126.916018874633039, 37.592016728835638 ], [ 126.915997582400848, 37.591922506488757 ], [ 126.915994071770626, 37.591923008496465 ], [ 126.915994066306453, 37.591927783709515 ], [ 126.915873118045937, 37.591946256293056 ], [ 126.915895432232318, 37.592037812489636 ], [ 126.916019077412159, 37.592017629966854 ], [ 126.916018874633039, 37.592016728835638 ] ] ] } },
{ "type": "Feature", "properties": { "ADM_CD": "1138010700", "SGG_CD": "11380", "GU_NM": "은평구", "F_YR": 2025, "F_ZONE_NM": "서울특별시 은평구 응암동 578-56 -", "F_SHIM": 0.1, "F_AREA": 97.54916462, "F_AVR_HGT": 14.68515453338623, "반복침수연도수": 1, "반복침수여부": false, "침수이력점수": 1, "기본위험등급": "주의" }, "geometry": { "type": "Polygon", "coordinates": [ [ [ 126.916816088514935, 37.592036764851954 ], [ 126.916934544458627, 37.592019370697749 ], [ 126.91691810500555, 37.591938270325763 ], [ 126.916797837239187, 37.591955933458685 ], [ 126.916812936009052, 37.592020995363917 ], [ 126.916816088514935, 37.592036764851954 ] ] ] } },
{ "type": "Feature", "properties": { "ADM_CD": "1138010700", "SGG_CD": "11380", "GU_NM": "은평구", "F_YR": 2025, "F_ZONE_NM": "서울특별시 은평구 응암동 584-57 B02호", "F_SHIM": 0.1, "F_AREA": 158.35340805000001, "F_AVR_HGT": 14.337142562866211, "반복침수연도수": 1, "반복침수여부": false, "침수이력점수": 1, "기본위험등급": "주의" }, "geometry": { "type": "Polygon", "coordinates": [ [ [ 126.91631614858639, 37.591971894569291 ], [ 126.916294739312676, 37.591880699498027 ], [ 126.916286285475095, 37.591847176776085 ], [ 126.916159559216524, 37.591868798926498 ], [ 126.916162716105461, 37.591880604104375 ], [ 126.916192707988742, 37.591991536960769 ], [ 126.91631614858639, 37.591971894569291 ] ] ] } },
{ "type": "Feature", "properties": { "ADM_CD": "1138010700", "SGG_CD": "11380", "GU_NM": "은평구", "F_YR": 2025, "F_ZONE_NM": "서울특별시 은평구 응암동 584-1 지하 좌측", "F_SHIM": 0.1, "F_AREA": 113.30328717, "F_AVR_HGT": 14.68515453338623, "반복침수연도수": 1, "반복침수여부": false, "침수이력점수": 1, "기본위험등급": "주의" }, "geometry": { "type": "Polygon", "coordinates": [ [ [ 126.91658488372974, 37.591931543944241 ], [ 126.916570901066322, 37.591880898561875 ], [ 126.916562331624363, 37.59184935794206 ], [ 126.916428021459723, 37.591868992756552 ], [ 126.916431178391136, 37.591880797927281 ], [ 126.916450232715107, 37.59195207952277 ], [ 126.91658488372974, 37.591931543944241 ] ] ] } },
{ "type": "Feature", "properties": { "ADM_CD": "1138010700", "SGG_CD": "11380", "GU_NM": "은평구", "F_YR": 2025, "F_ZONE_NM": "서울특별시 은평구 응암동 584-29 지하", "F_SHIM": 0.1, "F_AREA": 126.51865185, "F_AVR_HGT": 14.337142562866211, "반복침수연도수": 1, "반복침수여부": false, "침수이력점수": 1, "기본위험등급": "주의" }, "geometry": { "type": "Polygon", "coordinates": [ [ [ 126.915994071770626, 37.591923008496465 ], [ 126.915983363824992, 37.591880474276394 ], [ 126.915971077514357, 37.591831992414413 ], [ 126.915961342022754, 37.591830183389682 ], [ 126.915950134575837, 37.591828373297076 ], [ 126.915867011231015, 37.591840926791683 ], [ 126.915847306071356, 37.591844047917213 ], [ 126.915856662309366, 37.591880382396575 ], [ 126.915863422708156, 37.591909398998439 ], [ 126.915866917582534, 37.591922646004292 ], [ 126.915873118045937, 37.591946256293056 ], [ 126.915994066306453, 37.591927783709515 ], [ 126.915994071770626, 37.591923008496465 ] ] ] } },
{ "type": "Feature", "properties": { "ADM_CD": "1138010700", "SGG_CD": "11380", "GU_NM": "은평구", "F_YR": 2025, "F_ZONE_NM": "서울특별시 은평구 응암동 588-3 B02호", "F_SHIM": 0.1, "F_AREA": 148.76927914000001, "F_AVR_HGT": 14.08445987701416, "반복침수연도수": 1, "반복침수여부": false, "침수이력점수": 1, "기본위험등급": "주의" }, "geometry": { "type": "Polygon", "coordinates": [ [ [ 126.915366671835784, 37.590650992914256 ], [ 126.915449740992813, 37.590586092527325 ], [ 126.915435177449183, 37.590549141541004 ], [ 126.915318366418958, 37.590516440656081 ], [ 126.915265256126276, 37.590621096264584 ], [ 126.915366671835784, 37.590650992914256 ] ] ] } },
{ "type": "Feature", "properties": { "ADM_CD": "1138010700", "SGG_CD": "11380", "GU_NM": "은평구", "F_YR": 2025, "F_ZONE_NM": "서울특별시 은평구 응암동 588-4 지층 좌", "F_SHIM": 0.1, "F_AREA": 140.31418296000001, "F_AVR_HGT": 14.08445987701416, "반복침수연도수": 1, "반복침수여부": false, "침수이력점수": 1, "기본위험등급": "주의" }, "geometry": { "type": "Polygon", "coordinates": [ [ [ 126.915265256126276, 37.590621096264584 ], [ 126.915318366418958, 37.590516440656081 ], [ 126.91519917879971, 37.590482836932942 ], [ 126.915144372272479, 37.590585509081166 ], [ 126.915207643782352, 37.590604205741933 ], [ 126.915265256126276, 37.590621096264584 ] ] ] } },
{ "type": "Feature", "properties": { "ADM_CD": "1138010700", "SGG_CD": "11380", "GU_NM": "은평구", "F_YR": 2025, "F_ZONE_NM": "서울특별시 은평구 응암동 123-47 지츨", "F_SHIM": 0.1, "F_AREA": 195.01723278, "F_AVR_HGT": 16.607781982421876, "반복침수연도수": 1, "반복침수여부": false, "침수이력점수": 1, "기본위험등급": "주의" }, "geometry": { "type": "Polygon", "coordinates": [ [ [ 126.916650900919322, 37.595017822398425 ], [ 126.916811381999409, 37.594990547764958 ], [ 126.916841508390675, 37.594984712985763 ], [ 126.916816030253614, 37.594885586477901 ], [ 126.916771182103858, 37.59489285225601 ], [ 126.916625196969235, 37.594918335294132 ], [ 126.916644473595184, 37.594994121901109 ], [ 126.916650900919322, 37.595017822398425 ] ] ] } },
{ "type": "Feature", "properties": { "ADM_CD": "1138010700", "SGG_CD": "11380", "GU_NM": "은평구", "F_YR": 2025, "F_ZONE_NM": "서울특별시 은평구 응암동 419-168 지층", "F_SHIM": 0.1, "F_AREA": 159.69947108, "F_AVR_HGT": 32.778482055664064, "반복침수연도수": 1, "반복침수여부": false, "침수이력점수": 1, "기본위험등급": "주의" }, "geometry": { "type": "Polygon", "coordinates": [ [ [ 126.920680657342729, 37.594012801311443 ], [ 126.92076154081137, 37.593999801417915 ], [ 126.920723705452119, 37.593910127612084 ], [ 126.920558581167143, 37.593941548913655 ], [ 126.920578981057218, 37.594029138554063 ], [ 126.920680657342729, 37.594012801311443 ] ] ] } },
{ "type": "Feature", "properties": { "ADM_CD": "1138010700", "SGG_CD": "11380", "GU_NM": "은평구", "F_YR": 2025, "F_ZONE_NM": "서울특별시 은평구 응암동 584-28 지하1층", "F_SHIM": 0.1, "F_AREA": 125.91436006000001, "F_AVR_HGT": 14.337142562866211, "반복침수연도수": 1, "반복침수여부": false, "침수이력점수": 1, "기본위험등급": "주의" }, "geometry": { "type": "Polygon", "coordinates": [ [ [ 126.915997582400848, 37.591922506488757 ], [ 126.91613143928744, 37.591903376387648 ], [ 126.916125464274387, 37.591880577161263 ], [ 126.916107311566776, 37.591813260496238 ], [ 126.915971077514357, 37.591831992414413 ], [ 126.915983363824992, 37.591880474276394 ], [ 126.915994071770626, 37.591923008496465 ], [ 126.915997582400848, 37.591922506488757 ] ] ] } },
{ "type": "Feature", "properties": { "ADM_CD": "1138010700", "SGG_CD": "11380", "GU_NM": "은평구", "F_YR": 2025, "F_ZONE_NM": "서울특별시 은평구 응암동 577-71 지층", "F_SHIM": 0.1, "F_AREA": 99.25632993000001, "F_AVR_HGT": 14.68515453338623, "반복침수연도수": 1, "반복침수여부": false, "침수이력점수": 1, "기본위험등급": "주의" }, "geometry": { "type": "Polygon", "coordinates": [ [ [ 126.916932549549827, 37.591881158269508 ], [ 126.917012161183365, 37.591869952987082 ], [ 126.916990860240631, 37.59178236205512 ], [ 126.916878859255633, 37.591799220304786 ], [ 126.91689835485893, 37.591881133760992 ], [ 126.916899481931154, 37.591885729589166 ], [ 126.916932549549827, 37.591881158269508 ] ] ] } },
{ "type": "Feature", "properties": { "ADM_CD": "1138010700", "SGG_CD": "11380", "GU_NM": "은평구", "F_YR": 2025, "F_ZONE_NM": "서울특별시 은평구 응암동 584-2 지층", "F_SHIM": 0.1, "F_AREA": 113.69050797, "F_AVR_HGT": 14.68515453338623, "반복침수연도수": 1, "반복침수여부": false, "침수이력점수": 1, "기본위험등급": "주의" }, "geometry": { "type": "Polygon", "coordinates": [ [ [ 126.916428021459723, 37.591868992756552 ], [ 126.916562331624363, 37.59184935794206 ], [ 126.916541026707478, 37.591765731257276 ], [ 126.916407168673445, 37.591786177259813 ], [ 126.916408744827194, 37.59179410705871 ], [ 126.916428021459723, 37.591868992756552 ] ] ] } },
{ "type": "Feature", "properties": { "ADM_CD": "1138010700", "SGG_CD": "11380", "GU_NM": "은평구", "F_YR": 2025, "F_ZONE_NM": "서울특별시 은평구 응암동 577-75 동명하이츠빌라 b02호", "F_SHIM": 0.1, "F_AREA": 204.97508156000001, "F_AVR_HGT": 14.68515453338623, "반복침수연도수": 1, "반복침수여부": false, "침수이력점수": 1, "기본위험등급": "주의" }, "geometry": { "type": "Polygon", "coordinates": [ [ [ 126.917257565973941, 37.591833818751162 ], [ 126.917236152644065, 37.591745236699758 ], [ 126.91721360963426, 37.591654401375351 ], [ 126.917193792348655, 37.591656639681027 ], [ 126.917102403414319, 37.591669548534895 ], [ 126.917124153295632, 37.591760743706928 ], [ 126.917144658948786, 37.591850856802985 ], [ 126.917257565973941, 37.591833818751162 ] ] ] } },
{ "type": "Feature", "properties": { "ADM_CD": "1138010700", "SGG_CD": "11380", "GU_NM": "은평구", "F_YR": 2025, "F_ZONE_NM": "서울특별시 은평구 응암동 584-31 반지하", "F_SHIM": 0.1, "F_AREA": 127.92207013, "F_AVR_HGT": 14.337142562866211, "반복침수연도수": 1, "반복침수여부": false, "침수이력점수": 1, "기본위험등급": "주의" }, "geometry": { "type": "Polygon", "coordinates": [ [ [ 126.915847306071356, 37.591844047917213 ], [ 126.915867011231015, 37.591840926791683 ], [ 126.915950134575837, 37.591828373297076 ], [ 126.915955805846124, 37.591819727958253 ], [ 126.915965899994475, 37.591804959131167 ], [ 126.9159460683303, 37.591720792815877 ], [ 126.91586713471834, 37.591733169151269 ], [ 126.915823625173786, 37.591739804856431 ], [ 126.915824549298478, 37.591743589661675 ], [ 126.915839307083189, 37.591809011839544 ], [ 126.915847306071356, 37.591844047917213 ] ] ] } },
{ "type": "Feature", "properties": { "ADM_CD": "1138010700", "SGG_CD": "11380", "GU_NM": "은평구", "F_YR": 2025, "F_ZONE_NM": "서울특별시 은평구 응암동 588-5", "F_SHIM": 0.1, "F_AREA": 143.49264447, "F_AVR_HGT": 14.08445987701416, "반복침수연도수": 1, "반복침수여부": false, "침수이력점수": 1, "기본위험등급": "주의" }, "geometry": { "type": "Polygon", "coordinates": [ [ [ 126.915144372272479, 37.590585509081166 ], [ 126.91519917879971, 37.590482836932942 ], [ 126.915073879727842, 37.590446976152535 ], [ 126.915021564640028, 37.590549109478083 ], [ 126.915144372272479, 37.590585509081166 ] ] ] } },
{ "type": "Feature", "properties": { "ADM_CD": "1138010700", "SGG_CD": "11380", "GU_NM": "은평구", "F_YR": 2025, "F_ZONE_NM": "서울특별시 은평구 응암동 589-15 지층", "F_SHIM": 0.1, "F_AREA": 181.38401957, "F_AVR_HGT": 14.323570823669431, "반복침수연도수": 1, "반복침수여부": false, "침수이력점수": 1, "기본위험등급": "주의" }, "geometry": { "type": "Polygon", "coordinates": [ [ [ 126.915909283910452, 37.590521916211081 ], [ 126.915868622193202, 37.59043512190047 ], [ 126.915846370001177, 37.590388705046671 ], [ 126.915781242057335, 37.590409110109988 ], [ 126.915723815773674, 37.590427448470734 ], [ 126.915744825420944, 37.590471251589172 ], [ 126.915789789167505, 37.590558409460115 ], [ 126.915868508625238, 37.59053423012022 ], [ 126.915909283910452, 37.590521916211081 ] ] ] } },
{ "type": "Feature", "properties": { "ADM_CD": "1138010700", "SGG_CD": "11380", "GU_NM": "은평구", "F_YR": 2025, "F_ZONE_NM": "서울특별시 은평구 응암동 584-3 지층", "F_SHIM": 0.1, "F_AREA": 111.20500978, "F_AVR_HGT": 14.68515453338623, "반복침수연도수": 1, "반복침수여부": false, "침수이력점수": 1, "기본위험등급": "주의" }, "geometry": { "type": "Polygon", "coordinates": [ [ [ 126.916541026707478, 37.591765731257276 ], [ 126.916519153448121, 37.591684086323852 ], [ 126.916386201679785, 37.591704262660279 ], [ 126.916407168673445, 37.591786177259813 ], [ 126.916541026707478, 37.591765731257276 ] ] ] } },
{ "type": "Feature", "properties": { "ADM_CD": "1138010700", "SGG_CD": "11380", "GU_NM": "은평구", "F_YR": 2025, "F_ZONE_NM": "서울특별시 은평구 응암동 584-33 지층 1302호", "F_SHIM": 0.1, "F_AREA": 146.71358202, "F_AVR_HGT": 14.337142562866211, "반복침수연도수": 1, "반복침수여부": false, "침수이력점수": 1, "기본위험등급": "주의" }, "geometry": { "type": "Polygon", "coordinates": [ [ [ 126.9159460683303, 37.591720792815877 ], [ 126.916076981229736, 37.591701426385491 ], [ 126.916070439083541, 37.591679527729397 ], [ 126.915950734782697, 37.591699713164289 ], [ 126.915929201868735, 37.591618068367737 ], [ 126.915939054272854, 37.591616633936155 ], [ 126.9159357864729, 37.591602846505708 ], [ 126.91586724127211, 37.591640187640508 ], [ 126.915844355148693, 37.591652604616392 ], [ 126.91580645713519, 37.591673110537755 ], [ 126.915811811547684, 37.59169393617465 ], [ 126.915823625173786, 37.591739804856431 ], [ 126.91586713471834, 37.591733169151269 ], [ 126.9159460683303, 37.591720792815877 ] ] ] } },
{ "type": "Feature", "properties": { "ADM_CD": "1138010700", "SGG_CD": "11380", "GU_NM": "은평구", "F_YR": 2025, "F_ZONE_NM": "서울특별시 은평구 응암동 584-22 지층 우측", "F_SHIM": 0.1, "F_AREA": 155.68371671, "F_AVR_HGT": 14.337142562866211, "반복침수연도수": 1, "반복침수여부": false, "침수이력점수": 1, "기본위험등급": "주의" }, "geometry": { "type": "Polygon", "coordinates": [ [ [ 126.916234208920784, 37.591641624626348 ], [ 126.91621650332236, 37.591579353811021 ], [ 126.916202005433391, 37.591583577959838 ], [ 126.916089081143781, 37.591615841626556 ], [ 126.916119642139677, 37.591723981866764 ], [ 126.916250217785461, 37.591702452637733 ], [ 126.916234208920784, 37.591641624626348 ] ] ] } },
{ "type": "Feature", "properties": { "ADM_CD": "1138010700", "SGG_CD": "11380", "GU_NM": "은평구", "F_YR": 2025, "F_ZONE_NM": "서울특별시 은평구 응암동 589-28 지하 1층", "F_SHIM": 0.1, "F_AREA": 184.75268371000001, "F_AVR_HGT": 14.323570823669431, "반복침수연도수": 1, "반복침수여부": false, "침수이력점수": 1, "기본위험등급": "주의" }, "geometry": { "type": "Polygon", "coordinates": [ [ [ 126.915744825420944, 37.590471251589172 ], [ 126.915723815773674, 37.590427448470734 ], [ 126.915700656631131, 37.59038211211174 ], [ 126.915522944441264, 37.59043577155753 ], [ 126.915523038593079, 37.590452349742208 ], [ 126.915552845510931, 37.590525891793703 ], [ 126.915744825420944, 37.590471251589172 ] ] ] } },
{ "type": "Feature", "properties": { "ADM_CD": "1138010700", "SGG_CD": "11380", "GU_NM": "은평구", "F_YR": 2025, "F_ZONE_NM": "서울특별시 은평구 응암동 367-5 지층 우측", "F_SHIM": 0.1, "F_AREA": 152.20303103000001, "F_AVR_HGT": 15.874965286254882, "반복침수연도수": 1, "반복침수여부": false, "침수이력점수": 1, "기본위험등급": "주의" }, "geometry": { "type": "Polygon", "coordinates": [ [ [ 126.918305896402657, 37.591587458452835 ], [ 126.918322299606956, 37.591590515342503 ], [ 126.918383939421261, 37.591540536116305 ], [ 126.918429168453642, 37.59149425736279 ], [ 126.918350723185085, 37.591475371543929 ], [ 126.918270240576106, 37.591455853546947 ], [ 126.918243990620724, 37.59154070776389 ], [ 126.918229031233309, 37.591542589276699 ], [ 126.91822935700587, 37.591565231244942 ], [ 126.918305896402657, 37.591587458452835 ] ] ] } },
{ "type": "Feature", "properties": { "ADM_CD": "1138010700", "SGG_CD": "11380", "GU_NM": "은평구", "F_YR": 2025, "F_ZONE_NM": "서울특별시 은평구 응암동 584-20 지층 좌", "F_SHIM": 0.1, "F_AREA": 145.97073379, "F_AVR_HGT": 14.337142562866211, "반복침수연도수": 1, "반복침수여부": false, "침수이력점수": 1, "기본위험등급": "주의" }, "geometry": { "type": "Polygon", "coordinates": [ [ [ 126.916202005433391, 37.591583577959838 ], [ 126.91621650332236, 37.591579353811021 ], [ 126.916306321193062, 37.591554101022403 ], [ 126.916232422715439, 37.591420882156228 ], [ 126.916141461082361, 37.59145631518593 ], [ 126.916202005433391, 37.591583577959838 ] ] ] } },
{ "type": "Feature", "properties": { "ADM_CD": "1138010700", "SGG_CD": "11380", "GU_NM": "은평구", "F_YR": 2025, "F_ZONE_NM": "서울특별시 은평구 응암동 584-7 지층 나호", "F_SHIM": 0.1, "F_AREA": 182.4410472, "F_AVR_HGT": 14.337142562866211, "반복침수연도수": 2, "반복침수여부": true, "침수이력점수": 1, "기본위험등급": "주의" }, "geometry": { "type": "Polygon", "coordinates": [ [ [ 126.916345169949068, 37.591543677641539 ], [ 126.916329503288694, 37.591480597427314 ], [ 126.916337577306493, 37.591449969783845 ], [ 126.916419289842423, 37.591383265775633 ], [ 126.916439566036232, 37.591375712122478 ], [ 126.916428742739299, 37.591334889726049 ], [ 126.916343789094157, 37.591364380745787 ], [ 126.916223607788112, 37.591406189740809 ], [ 126.916232422715439, 37.591420882156228 ], [ 126.916306321193062, 37.591554101022403 ], [ 126.916345169949068, 37.591543677641539 ] ] ] } },
{ "type": "Feature", "properties": { "ADM_CD": "1138010700", "SGG_CD": "11380", "GU_NM": "은평구", "F_YR": 2025, "F_ZONE_NM": "서울특별시 은평구 응암동 588-9 지층", "F_SHIM": 0.1, "F_AREA": 177.83481862, "F_AVR_HGT": 14.16219482421875, "반복침수연도수": 1, "반복침수여부": false, "침수이력점수": 1, "기본위험등급": "주의" }, "geometry": { "type": "Polygon", "coordinates": [ [ [ 126.915036670936288, 37.590410368924232 ], [ 126.915172949866204, 37.590448760533249 ], [ 126.915216086991947, 37.590352206533254 ], [ 126.915200125161689, 37.590349672105354 ], [ 126.915178635491941, 37.59032965453121 ], [ 126.91519009890699, 37.590305696725416 ], [ 126.915147995113216, 37.590291880861486 ], [ 126.915082538016122, 37.590303095255948 ], [ 126.915036670936288, 37.590410368924232 ] ] ] } },
{ "type": "Feature", "properties": { "ADM_CD": "1138010700", "SGG_CD": "11380", "GU_NM": "은평구", "F_YR": 2025, "F_ZONE_NM": "서울특별시 은평구 응암동 589-27 지층101호", "F_SHIM": 0.1, "F_AREA": 156.92854291, "F_AVR_HGT": 14.502810096740722, "반복침수연도수": 1, "반복침수여부": false, "침수이력점수": 1, "기본위험등급": "주의" }, "geometry": { "type": "Polygon", "coordinates": [ [ [ 126.915700656631131, 37.59038211211174 ], [ 126.915661910950519, 37.590303247785435 ], [ 126.915655922959786, 37.590291981122583 ], [ 126.915526009472089, 37.590330448693209 ], [ 126.915522944441264, 37.59043577155753 ], [ 126.915700656631131, 37.59038211211174 ] ] ] } },
{ "type": "Feature", "properties": { "ADM_CD": "1138010700", "SGG_CD": "11380", "GU_NM": "은평구", "F_YR": 2025, "F_ZONE_NM": "서울특별시 은평구 응암동 126-17 지하1층", "F_SHIM": 0.1, "F_AREA": 68.23127842, "F_AVR_HGT": 16.044334983825685, "반복침수연도수": 1, "반복침수여부": false, "침수이력점수": 1, "기본위험등급": "주의" }, "geometry": { "type": "Polygon", "coordinates": [ [ [ 126.915863564881832, 37.594848048907224 ], [ 126.915913170175187, 37.594839615645064 ], [ 126.915891410353666, 37.594757610326774 ], [ 126.91586366298435, 37.594762455507841 ], [ 126.915810546930061, 37.594771426790501 ], [ 126.915831513836494, 37.594853611744654 ], [ 126.915863564881832, 37.594848048907224 ] ] ] } },
{ "type": "Feature", "properties": { "ADM_CD": "1138010700", "SGG_CD": "11380", "GU_NM": "은평구", "F_YR": 2025, "F_ZONE_NM": "서울특별시 은평구 응암동 376-22 지층 좌측", "F_SHIM": 0.1, "F_AREA": 152.74208228000001, "F_AVR_HGT": 15.874965286254882, "반복침수연도수": 1, "반복침수여부": false, "침수이력점수": 1, "기본위험등급": "주의" }, "geometry": { "type": "Polygon", "coordinates": [ [ [ 126.917960157160238, 37.591415540644732 ], [ 126.918052902949242, 37.591403893463614 ], [ 126.918037633727778, 37.59128783586916 ], [ 126.918037532878984, 37.59127675368903 ], [ 126.917913761152803, 37.591290180856554 ], [ 126.91793535798287, 37.591417775548351 ], [ 126.917960157160238, 37.591415540644732 ] ] ] } },
{ "type": "Feature", "properties": { "ADM_CD": "1138010700", "SGG_CD": "11380", "GU_NM": "은평구", "F_YR": 2025, "F_ZONE_NM": "서울특별시 은평구 응암동 241-45 지층", "F_SHIM": 0.1, "F_AREA": 221.64883215, "F_AVR_HGT": 56.33195266723633, "반복침수연도수": 1, "반복침수여부": false, "침수이력점수": 1, "기본위험등급": "주의" }, "geometry": { "type": "Polygon", "coordinates": [ [ [ 126.922870301497341, 37.593336181916335 ], [ 126.922893967257622, 37.593335476895007 ], [ 126.922862007178779, 37.593255718502689 ], [ 126.922844171350334, 37.593203990123918 ], [ 126.922667720096058, 37.593241533523198 ], [ 126.922695467183345, 37.593343363267088 ], [ 126.922870301497341, 37.593336181916335 ] ] ] } },
{ "type": "Feature", "properties": { "ADM_CD": "1138010700", "SGG_CD": "11380", "GU_NM": "은평구", "F_YR": 2025, "F_ZONE_NM": "서울특별시 은평구 응암동 126-44 지층", "F_SHIM": 0.1, "F_AREA": 119.50736068000001, "F_AVR_HGT": 16.044334983825685, "반복침수연도수": 1, "반복침수여부": false, "침수이력점수": 1, "기본위험등급": "주의" }, "geometry": { "type": "Polygon", "coordinates": [ [ [ 126.915745536452135, 37.594587488749617 ], [ 126.915819151837539, 37.594574568051684 ], [ 126.915800671669643, 37.594496259128356 ], [ 126.915651065438411, 37.594520116562926 ], [ 126.915673506593791, 37.594600140259558 ], [ 126.915745536452135, 37.594587488749617 ] ] ] } },
{ "type": "Feature", "properties": { "ADM_CD": "1138010700", "SGG_CD": "11380", "GU_NM": "은평구", "F_YR": 2025, "F_ZONE_NM": "서울특별시 은평구 응암동 586-27 대양빌라지하 101호", "F_SHIM": 0.1, "F_AREA": 218.11622935, "F_AVR_HGT": 14.08445987701416, "반복침수연도수": 1, "반복침수여부": false, "침수이력점수": 1, "기본위험등급": "주의" }, "geometry": { "type": "Polygon", "coordinates": [ [ [ 126.914937720580923, 37.590989449241036 ], [ 126.914930401382634, 37.590954485674317 ], [ 126.914908872406698, 37.590870588223574 ], [ 126.914768896417499, 37.590895262510124 ], [ 126.914790542023979, 37.590976096724425 ], [ 126.914818724174751, 37.5910833345798 ], [ 126.914937720580923, 37.590989449241036 ] ] ] } },
{ "type": "Feature", "properties": { "ADM_CD": "1138010700", "SGG_CD": "11380", "GU_NM": "은평구", "F_YR": 2025, "F_ZONE_NM": "서울특별시 은평구 응암동 119-20 지층 우측", "F_SHIM": 0.1, "F_AREA": 109.92356965, "F_AVR_HGT": 17.255838012695314, "반복침수연도수": 1, "반복침수여부": false, "침수이력점수": 1, "기본위험등급": "주의" }, "geometry": { "type": "Polygon", "coordinates": [ [ [ 126.918108442993628, 37.595409347769618 ], [ 126.918121332630392, 37.595426295373201 ], [ 126.918214571355634, 37.595383204088407 ], [ 126.918180767106691, 37.595336238968592 ], [ 126.91818405437121, 37.595333087846058 ], [ 126.918166754892923, 37.595310551035297 ], [ 126.918154995280418, 37.595295676497251 ], [ 126.91805507670621, 37.595338042225443 ], [ 126.918108442993628, 37.595409347769618 ] ] ] } },
{ "type": "Feature", "properties": { "ADM_CD": "1138010700", "SGG_CD": "11380", "GU_NM": "은평구", "F_YR": 2025, "F_ZONE_NM": "서울특별시 은평구 응암동 126-29", "F_SHIM": 0.1, "F_AREA": 103.776899, "F_AVR_HGT": 16.183070755004884, "반복침수연도수": 1, "반복침수여부": false, "침수이력점수": 1, "기본위험등급": "주의" }, "geometry": { "type": "Polygon", "coordinates": [ [ [ 126.916407910854076, 37.59441560998534 ], [ 126.916462105858344, 37.594353751451649 ], [ 126.916455118237849, 37.594325005027386 ], [ 126.916379184372303, 37.594286117871576 ], [ 126.916316136361331, 37.594366350050912 ], [ 126.916407910854076, 37.59441560998534 ] ] ] } },
{ "type": "Feature", "properties": { "ADM_CD": "1138010700", "SGG_CD": "11380", "GU_NM": "은평구", "F_YR": 2025, "F_ZONE_NM": "서울특별시 은평구 응암동 578-66 지층", "F_SHIM": 0.1, "F_AREA": 185.01343676, "F_AVR_HGT": 15.545175170898435, "반복침수연도수": 1, "반복침수여부": false, "침수이력점수": 1, "기본위험등급": "주의" }, "geometry": { "type": "Polygon", "coordinates": [ [ [ 126.917077928652446, 37.592887841995356 ], [ 126.917044511858279, 37.592800242420232 ], [ 126.91684960541194, 37.592835060962443 ], [ 126.916870903323357, 37.592925444953018 ], [ 126.917077928652446, 37.592887841995356 ] ] ] } },
{ "type": "Feature", "properties": { "ADM_CD": "1138010700", "SGG_CD": "11380", "GU_NM": "은평구", "F_YR": 2025, "F_ZONE_NM": "서울특별시 은평구 응암동 585-30 102호", "F_SHIM": 0.1, "F_AREA": 119.1102078, "F_AVR_HGT": 14.08445987701416, "반복침수연도수": 1, "반복침수여부": false, "침수이력점수": 1, "기본위험등급": "주의" }, "geometry": { "type": "Polygon", "coordinates": [ [ [ 126.915367180002619, 37.59099598025395 ], [ 126.915454550367926, 37.590932614680426 ], [ 126.915366885573462, 37.590858489805306 ], [ 126.915277702045429, 37.590923205466822 ], [ 126.915290032245451, 37.590933125304083 ], [ 126.915367180002619, 37.59099598025395 ] ] ] } },
{ "type": "Feature", "properties": { "ADM_CD": "1138010700", "SGG_CD": "11380", "GU_NM": "은평구", "F_YR": 2025, "F_ZONE_NM": "서울특별시 은평구 응암동 585-19 B-1", "F_SHIM": 0.1, "F_AREA": 154.59969955, "F_AVR_HGT": 14.323570823669431, "반복침수연도수": 1, "반복침수여부": false, "침수이력점수": 1, "기본위험등급": "주의" }, "geometry": { "type": "Polygon", "coordinates": [ [ [ 126.915661029904456, 37.590971687575049 ], [ 126.915762684452474, 37.590892655031531 ], [ 126.915675027159608, 37.590811773006202 ], [ 126.915565444844191, 37.590892511573415 ], [ 126.915661029904456, 37.590971687575049 ] ] ] } },
{ "type": "Feature", "properties": { "ADM_CD": "1138010700", "SGG_CD": "11380", "GU_NM": "은평구", "F_YR": 2025, "F_ZONE_NM": "서울특별시 은평구 응암동 578-24 B01호", "F_SHIM": 0.1, "F_AREA": 146.20329797, "F_AVR_HGT": 14.942345237731931, "반복침수연도수": 1, "반복침수여부": false, "침수이력점수": 1, "기본위험등급": "주의" }, "geometry": { "type": "Polygon", "coordinates": [ [ [ 126.917303362513309, 37.592691498389293 ], [ 126.917373802520345, 37.592681097206857 ], [ 126.917351401310327, 37.592564493874477 ], [ 126.917225469890766, 37.592583324681705 ], [ 126.917250589414323, 37.592699028993884 ], [ 126.917303362513309, 37.592691498389293 ] ] ] } },
{ "type": "Feature", "properties": { "ADM_CD": "1138010700", "SGG_CD": "11380", "GU_NM": "은평구", "F_YR": 2025, "F_ZONE_NM": "서울특별시 은평구 응암동 579-66 지층", "F_SHIM": 0.1, "F_AREA": 151.83531238, "F_AVR_HGT": 15.622659301757812, "반복침수연도수": 1, "반복침수여부": false, "침수이력점수": 1, "기본위험등급": "주의" }, "geometry": { "type": "Polygon", "coordinates": [ [ [ 126.915482056795355, 37.594224389665179 ], [ 126.915618831700712, 37.594202018739665 ], [ 126.915592550972548, 37.594093512127884 ], [ 126.915520987428451, 37.594104758350447 ], [ 126.915455448511139, 37.594115342194236 ], [ 126.915482056795355, 37.594224389665179 ] ] ] } },
{ "type": "Feature", "properties": { "ADM_CD": "1138010700", "SGG_CD": "11380", "GU_NM": "은평구", "F_YR": 2025, "F_ZONE_NM": "서울특별시 은평구 응암동 578-63 지하", "F_SHIM": 0.1, "F_AREA": 107.22118265, "F_AVR_HGT": 14.942345237731931, "반복침수연도수": 1, "반복침수여부": false, "침수이력점수": 1, "기본위험등급": "주의" }, "geometry": { "type": "Polygon", "coordinates": [ [ [ 126.916854615878208, 37.592610088794821 ], [ 126.916890317573845, 37.592479471679724 ], [ 126.916774019687466, 37.592490290152021 ], [ 126.916800823428389, 37.592617888762568 ], [ 126.916854615878208, 37.592610088794821 ] ] ] } },
{ "type": "Feature", "properties": { "ADM_CD": "1138010700", "SGG_CD": "11380", "GU_NM": "은평구", "F_YR": 2025, "F_ZONE_NM": "서울특별시 은평구 응암동 578-28 지층 1호", "F_SHIM": 0.1, "F_AREA": 173.83149217, "F_AVR_HGT": 14.942345237731931, "반복침수연도수": 1, "반복침수여부": false, "침수이력점수": 1, "기본위험등급": "주의" }, "geometry": { "type": "Polygon", "coordinates": [ [ [ 126.917029355959514, 37.592585076538199 ], [ 126.917003672304858, 37.592467930198112 ], [ 126.91698657186997, 37.592470530807496 ], [ 126.916967774129816, 37.592472139115898 ], [ 126.916890317573845, 37.592479471679724 ], [ 126.916854615878208, 37.592610088794821 ], [ 126.917019276685821, 37.59258678119334 ], [ 126.917029355959514, 37.592585076538199 ] ] ] } },
{ "type": "Feature", "properties": { "ADM_CD": "1138010700", "SGG_CD": "11380", "GU_NM": "은평구", "F_YR": 2025, "F_ZONE_NM": "서울특별시 은평구 응암동 578-30 지하 좌측", "F_SHIM": 0.1, "F_AREA": 188.19333439, "F_AVR_HGT": 14.942345237731931, "반복침수연도수": 1, "반복침수여부": false, "침수이력점수": 1, "기본위험등급": "주의" }, "geometry": { "type": "Polygon", "coordinates": [ [ [ 126.917178274645025, 37.592564640595491 ], [ 126.917167882890411, 37.592441919113405 ], [ 126.917104237186649, 37.592451964638848 ], [ 126.917003672304858, 37.592467930198112 ], [ 126.917029355959514, 37.592585076538199 ], [ 126.917178274645025, 37.592564640595491 ] ] ] } },
{ "type": "Feature", "properties": { "ADM_CD": "1138010700", "SGG_CD": "11380", "GU_NM": "은평구", "F_YR": 2025, "F_ZONE_NM": "서울특별시 은평구 응암동 577-34 지층", "F_SHIM": 0.1, "F_AREA": 106.62066153000001, "F_AVR_HGT": 14.737551307678222, "반복침수연도수": 1, "반복침수여부": false, "침수이력점수": 1, "기본위험등급": "주의" }, "geometry": { "type": "Polygon", "coordinates": [ [ [ 126.917020817994583, 37.590822835068344 ], [ 126.916993073966381, 37.590725959368214 ], [ 126.916950266393286, 37.590733226681998 ], [ 126.916885036241595, 37.590743901646952 ], [ 126.916912441988529, 37.590839425652874 ], [ 126.917020817994583, 37.590822835068344 ] ] ] } },
{ "type": "Feature", "properties": { "ADM_CD": "1138010700", "SGG_CD": "11380", "GU_NM": "은평구", "F_YR": 2025, "F_ZONE_NM": "서울특별시 은평구 응암동 583-1 지하 뒤", "F_SHIM": 0.1, "F_AREA": 136.91871193, "F_AVR_HGT": 14.942345237731931, "반복침수연도수": 2, "반복침수여부": true, "침수이력점수": 1, "기본위험등급": "주의" }, "geometry": { "type": "Polygon", "coordinates": [ [ [ 126.916511151052063, 37.592448205367965 ], [ 126.916660864146806, 37.592426058779473 ], [ 126.916681857706749, 37.592385259282125 ], [ 126.916672507121163, 37.592343536989091 ], [ 126.916509323217866, 37.592362880840874 ], [ 126.916503041247907, 37.592410718581675 ], [ 126.916511151052063, 37.592448205367965 ] ] ] } },
{ "type": "Feature", "properties": { "ADM_CD": "1138010700", "SGG_CD": "11380", "GU_NM": "은평구", "F_YR": 2025, "F_ZONE_NM": "서울특별시 은평구 응암동 578-61 지층2호", "F_SHIM": 0.1, "F_AREA": 204.58734264, "F_AVR_HGT": 14.942345237731931, "반복침수연도수": 1, "반복침수여부": false, "침수이력점수": 1, "기본위험등급": "주의" }, "geometry": { "type": "Polygon", "coordinates": [ [ [ 126.916935857248802, 37.592360123904342 ], [ 126.916916049944874, 37.592253343070915 ], [ 126.916724778692526, 37.592278883878144 ], [ 126.916750245301287, 37.592387290579069 ], [ 126.916935857248802, 37.592360123904342 ] ] ] } },
{ "type": "Feature", "properties": { "ADM_CD": "1138010700", "SGG_CD": "11380", "GU_NM": "은평구", "F_YR": 2025, "F_ZONE_NM": "서울특별시 은평구 응암동 578-42 지하", "F_SHIM": 0.1, "F_AREA": 140.9972399, "F_AVR_HGT": 14.942345237731931, "반복침수연도수": 1, "반복침수여부": false, "침수이력점수": 1, "기본위험등급": "주의" }, "geometry": { "type": "Polygon", "coordinates": [ [ [ 126.917077755773335, 37.592339322663136 ], [ 126.917213199200219, 37.59231941762539 ], [ 126.917192254961549, 37.592216420159453 ], [ 126.917058966000326, 37.592233713860715 ], [ 126.917077755773335, 37.592339322663136 ] ] ] } },
{ "type": "Feature", "properties": { "ADM_CD": "1138010700", "SGG_CD": "11380", "GU_NM": "은평구", "F_YR": 2025, "F_ZONE_NM": "서울특별시 은평구 응암동 351-2 지층", "F_SHIM": 0.1, "F_AREA": 121.96964945000001, "F_AVR_HGT": 24.74740562438965, "반복침수연도수": 1, "반복침수여부": false, "침수이력점수": 1, "기본위험등급": "주의" }, "geometry": { "type": "Polygon", "coordinates": [ [ [ 126.919683116005814, 37.590704429374625 ], [ 126.919798525914899, 37.590777939570444 ], [ 126.919842626866284, 37.590726613974162 ], [ 126.919860441002911, 37.590692118590468 ], [ 126.91973774943834, 37.590650858656993 ], [ 126.919724393649062, 37.59064643457878 ], [ 126.919711353673961, 37.590663814544286 ], [ 126.919683116005814, 37.590704429374625 ] ] ] } },
{ "type": "Feature", "properties": { "ADM_CD": "1138010700", "SGG_CD": "11380", "GU_NM": "은평구", "F_YR": 2025, "F_ZONE_NM": "서울특별시 은평구 응암동 588-2 101호 102호", "F_SHIM": 0.1, "F_AREA": 124.69429649, "F_AVR_HGT": 14.08445987701416, "반복침수연도수": 1, "반복침수여부": false, "침수이력점수": 1, "기본위험등급": "주의" }, "geometry": { "type": "Polygon", "coordinates": [ [ [ 126.915366671835784, 37.590650992914256 ], [ 126.915265256126276, 37.590621096264584 ], [ 126.915207643782352, 37.590604205741933 ], [ 126.91516334439703, 37.590628590023208 ], [ 126.915260935146847, 37.590735157748831 ], [ 126.915366671835784, 37.590650992914256 ] ] ] } },
{ "type": "Feature", "properties": { "ADM_CD": "1138010700", "SGG_CD": "11380", "GU_NM": "은평구", "F_YR": 2025, "F_ZONE_NM": "서울특별시 은평구 응암동 123-42 B02", "F_SHIM": 0.1, "F_AREA": 198.052178, "F_AVR_HGT": 16.607781982421876, "반복침수연도수": 1, "반복침수여부": false, "침수이력점수": 1, "기본위험등급": "주의" }, "geometry": { "type": "Polygon", "coordinates": [ [ [ 126.917051625511348, 37.595121993278006 ], [ 126.917017800974691, 37.594993578866898 ], [ 126.916866718950715, 37.595020229833359 ], [ 126.916900318101085, 37.595147472846492 ], [ 126.917051625511348, 37.595121993278006 ] ] ] } },
{ "type": "Feature", "properties": { "ADM_CD": "1138010700", "SGG_CD": "11380", "GU_NM": "은평구", "F_YR": 2025, "F_ZONE_NM": "서울특별시 은평구 응암동 118-76 지층2호", "F_SHIM": 0.1, "F_AREA": 223.58750763, "F_AVR_HGT": 16.74842987060547, "반복침수연도수": 1, "반복침수여부": false, "침수이력점수": 1, "기본위험등급": "주의" }, "geometry": { "type": "Polygon", "coordinates": [ [ [ 126.917131363542254, 37.597508756070184 ], [ 126.917094376660799, 37.597371960325127 ], [ 126.916930378523404, 37.597400764481158 ], [ 126.916958004354612, 37.597504127083333 ], [ 126.917005194102543, 37.597530379500824 ], [ 126.917131363542254, 37.597508756070184 ] ] ] } },
{ "type": "Feature", "properties": { "ADM_CD": "1138010700", "SGG_CD": "11380", "GU_NM": "은평구", "F_YR": 2025, "F_ZONE_NM": "서울특별시 은평구 응암동 120-49 지층 2호", "F_SHIM": 0.1, "F_AREA": 172.24888017000001, "F_AVR_HGT": 17.255838012695314, "반복침수연도수": 1, "반복침수여부": false, "침수이력점수": 1, "기본위험등급": "주의" }, "geometry": { "type": "Polygon", "coordinates": [ [ [ 126.917695100554653, 37.59574998722394 ], [ 126.917624362755987, 37.595619654713815 ], [ 126.917546417266465, 37.595656179229614 ], [ 126.917537450684222, 37.595675003411266 ], [ 126.917568552745891, 37.595808821625425 ], [ 126.917695100554653, 37.59574998722394 ] ] ] } },
{ "type": "Feature", "properties": { "ADM_CD": "1138010700", "SGG_CD": "11380", "GU_NM": "은평구", "F_YR": 2025, "F_ZONE_NM": "서울특별시 은평구 응암동 113-7 B102호", "F_SHIM": 0.1, "F_AREA": 147.85279588, "F_AVR_HGT": 16.728658294677736, "반복침수연도수": 1, "반복침수여부": false, "침수이력점수": 1, "기본위험등급": "주의" }, "geometry": { "type": "Polygon", "coordinates": [ [ [ 126.917072380006402, 37.598199137495044 ], [ 126.917047911357358, 37.59810730977869 ], [ 126.916892069952752, 37.598131434600539 ], [ 126.916917102053148, 37.598225515211027 ], [ 126.917072380006402, 37.598199137495044 ] ] ] } },
{ "type": "Feature", "properties": { "ADM_CD": "1138010700", "SGG_CD": "11380", "GU_NM": "은평구", "F_YR": 2025, "F_ZONE_NM": "서울특별시 은평구 응암동 111-24 B01호", "F_SHIM": 0.1, "F_AREA": 110.85402512, "F_AVR_HGT": 17.265723800659181, "반복침수연도수": 1, "반복침수여부": false, "침수이력점수": 1, "기본위험등급": "주의" }, "geometry": { "type": "Polygon", "coordinates": [ [ [ 126.917385023753994, 37.598906632678307 ], [ 126.917420359952729, 37.598800792324518 ], [ 126.917288018114888, 37.598771145704049 ], [ 126.91731947412336, 37.598893071186851 ], [ 126.917385023753994, 37.598906632678307 ] ] ] } },
{ "type": "Feature", "properties": { "ADM_CD": "1138010700", "SGG_CD": "11380", "GU_NM": "은평구", "F_YR": 2025, "F_ZONE_NM": "서울특별시 은평구 응암동 117-27 지하 좌측", "F_SHIM": 0.1, "F_AREA": 124.95382624, "F_AVR_HGT": 18.079331970214845, "반복침수연도수": 1, "반복침수여부": false, "침수이력점수": 1, "기본위험등급": "주의" }, "geometry": { "type": "Polygon", "coordinates": [ [ [ 126.918869412035292, 37.596700542245749 ], [ 126.918975682271309, 37.596649891231273 ], [ 126.918912701384158, 37.59656767746295 ], [ 126.918800657552666, 37.596617153096787 ], [ 126.918861596046341, 37.596703059526796 ], [ 126.918869412035292, 37.596700542245749 ] ] ] } },
{ "type": "Feature", "properties": { "ADM_CD": "1138010700", "SGG_CD": "11380", "GU_NM": "은평구", "F_YR": 2025, "F_ZONE_NM": "서울특별시 은평구 응암동 111-27 B02호", "F_SHIM": 0.1, "F_AREA": 169.13908501, "F_AVR_HGT": 17.265723800659181, "반복침수연도수": 1, "반복침수여부": false, "침수이력점수": 1, "기본위험등급": "주의" }, "geometry": { "type": "Polygon", "coordinates": [ [ [ 126.917420359952729, 37.598800792324518 ], [ 126.917455127328139, 37.59869720401133 ], [ 126.917308859956634, 37.598665295036824 ], [ 126.91726839853051, 37.59869680057875 ], [ 126.917288018114888, 37.598771145704049 ], [ 126.917420359952729, 37.598800792324518 ] ] ] } },
{ "type": "Feature", "properties": { "ADM_CD": "1138010700", "SGG_CD": "11380", "GU_NM": "은평구", "F_YR": 2025, "F_ZONE_NM": "서울특별시 은평구 응암동 113-31 B02호", "F_SHIM": 0.1, "F_AREA": 153.42402122, "F_AVR_HGT": 16.728658294677736, "반복침수연도수": 1, "반복침수여부": false, "침수이력점수": 1, "기본위험등급": "주의" }, "geometry": { "type": "Polygon", "coordinates": [ [ [ 126.916804471637434, 37.597950021821674 ], [ 126.916801484839922, 37.597937694224733 ], [ 126.916822143132848, 37.597934240264024 ], [ 126.916800619236142, 37.597852217305324 ], [ 126.916788885860882, 37.5978540378795 ], [ 126.916639611085785, 37.597879518558095 ], [ 126.916664539838067, 37.597974509144926 ], [ 126.916804471637434, 37.597950021821674 ] ] ] } },
{ "type": "Feature", "properties": { "ADM_CD": "1138010700", "SGG_CD": "11380", "GU_NM": "은평구", "F_YR": 2025, "F_ZONE_NM": "서울특별시 은평구 응암동 113-32 영빈빌라 라동 b01호", "F_SHIM": 0.1, "F_AREA": 145.31602068000001, "F_AVR_HGT": 16.728658294677736, "반복침수연도수": 1, "반복침수여부": false, "침수이력점수": 1, "기본위험등급": "주의" }, "geometry": { "type": "Polygon", "coordinates": [ [ [ 126.916995122296626, 37.597905307545759 ], [ 126.916973383802969, 37.597822635756273 ], [ 126.916830564245899, 37.597847580710116 ], [ 126.916800619236142, 37.597852217305324 ], [ 126.916822143132848, 37.597934240264024 ], [ 126.916995122296626, 37.597905307545759 ] ] ] } },
{ "type": "Feature", "properties": { "ADM_CD": "1138010700", "SGG_CD": "11380", "GU_NM": "은평구", "F_YR": 2025, "F_ZONE_NM": "서울특별시 은평구 응암동 113-3 지하 1호", "F_SHIM": 0.1, "F_AREA": 220.286551, "F_AVR_HGT": 16.728658294677736, "반복침수연도수": 1, "반복침수여부": false, "침수이력점수": 1, "기본위험등급": "주의" }, "geometry": { "type": "Polygon", "coordinates": [ [ [ 126.916973383802969, 37.597822635756273 ], [ 126.916934486114357, 37.597673405027969 ], [ 126.916790649950769, 37.597696367042154 ], [ 126.916830564245899, 37.597847580710116 ], [ 126.916973383802969, 37.597822635756273 ] ] ] } },
{ "type": "Feature", "properties": { "ADM_CD": "1138010700", "SGG_CD": "11380", "GU_NM": "은평구", "F_YR": 2025, "F_ZONE_NM": "서울특별시 은평구 응암동 119-8 지층 4호", "F_SHIM": 0.1, "F_AREA": 149.55382168, "F_AVR_HGT": 17.255838012695314, "반복침수연도수": 1, "반복침수여부": false, "침수이력점수": 1, "기본위험등급": "주의" }, "geometry": { "type": "Polygon", "coordinates": [ [ [ 126.918370706332524, 37.596005623674259 ], [ 126.918303888349513, 37.595912955458175 ], [ 126.918181078256964, 37.59597107236285 ], [ 126.918248235840807, 37.596063740887075 ], [ 126.918370706332524, 37.596005623674259 ] ] ] } },
{ "type": "Feature", "properties": { "ADM_CD": "1138010800", "SGG_CD": "11380", "GU_NM": "은평구", "F_YR": 2025, "F_ZONE_NM": "서울특별시 은평구 역촌동 64-66 지층 101호", "F_SHIM": 0.1, "F_AREA": 181.32703205000001, "F_AVR_HGT": 18.932853317260744, "반복침수연도수": 1, "반복침수여부": false, "침수이력점수": 1, "기본위험등급": "주의" }, "geometry": { "type": "Polygon", "coordinates": [ [ [ 126.913743371847175, 37.603554764341411 ], [ 126.913900315443158, 37.60356695412046 ], [ 126.913914608431028, 37.603449836998706 ], [ 126.91375868428328, 37.603437647996543 ], [ 126.913743371847175, 37.603554764341411 ] ] ] } },
{ "type": "Feature", "properties": { "ADM_CD": "1138010800", "SGG_CD": "11380", "GU_NM": "은평구", "F_YR": 2025, "F_ZONE_NM": "서울특별시 은평구 역촌동 18-15 B01호", "F_SHIM": 0.1, "F_AREA": 176.64266807000001, "F_AVR_HGT": 21.42680130004883, "반복침수연도수": 1, "반복침수여부": false, "침수이력점수": 1, "기본위험등급": "주의" }, "geometry": { "type": "Polygon", "coordinates": [ [ [ 126.920685331459296, 37.606460615763346 ], [ 126.920800322111361, 37.606421501740442 ], [ 126.920797045177778, 37.606414742133161 ], [ 126.920736917264804, 37.606302979206582 ], [ 126.920606632728678, 37.606347038086554 ], [ 126.920672870985058, 37.606463400273228 ], [ 126.920685331459296, 37.606460615763346 ] ] ] } },
{ "type": "Feature", "properties": { "ADM_CD": "1138010800", "SGG_CD": "11380", "GU_NM": "은평구", "F_YR": 2025, "F_ZONE_NM": "서울특별시 은평구 역촌동 10-90 지하1호", "F_SHIM": 0.1, "F_AREA": 186.34969985000001, "F_AVR_HGT": 18.792609786987303, "반복침수연도수": 1, "반복침수여부": false, "침수이력점수": 1, "기본위험등급": "주의" }, "geometry": { "type": "Polygon", "coordinates": [ [ [ 126.916519488773318, 37.606420748822003 ], [ 126.916675987693495, 37.606431312819574 ], [ 126.916690393410775, 37.606311312355146 ], [ 126.916687449849306, 37.60631049935553 ], [ 126.916534915213617, 37.606299667933008 ], [ 126.916519488773318, 37.606420748822003 ] ] ] } },
{ "type": "Feature", "properties": { "ADM_CD": "1138010800", "SGG_CD": "11380", "GU_NM": "은평구", "F_YR": 2025, "F_ZONE_NM": "서울특별시 은평구 역촌동 63-58 101호", "F_SHIM": 0.1, "F_AREA": 205.08146539000001, "F_AVR_HGT": 18.482789611816408, "반복침수연도수": 1, "반복침수여부": false, "침수이력점수": 1, "기본위험등급": "주의" }, "geometry": { "type": "Polygon", "coordinates": [ [ [ 126.914991101512953, 37.603462433975579 ], [ 126.915004841570777, 37.603332342164244 ], [ 126.914847332374123, 37.603319883143449 ], [ 126.914830986155394, 37.603451054201543 ], [ 126.914991101512953, 37.603462433975579 ] ] ] } },
{ "type": "Feature", "properties": { "ADM_CD": "1138010800", "SGG_CD": "11380", "GU_NM": "은평구", "F_YR": 2025, "F_ZONE_NM": "서울특별시 은평구 역촌동 65-2 지하02", "F_SHIM": 0.1, "F_AREA": 142.46498992, "F_AVR_HGT": 18.482789611816408, "반복침수연도수": 1, "반복침수여부": false, "침수이력점수": 1, "기본위험등급": "주의" }, "geometry": { "type": "Polygon", "coordinates": [ [ [ 126.914610626258238, 37.603340792076928 ], [ 126.914753077454051, 37.603350177004124 ], [ 126.914764970628781, 37.603250537072512 ], [ 126.914622183136089, 37.603238358865958 ], [ 126.914610626258238, 37.603340792076928 ] ] ] } },
{ "type": "Feature", "properties": { "ADM_CD": "1138010800", "SGG_CD": "11380", "GU_NM": "은평구", "F_YR": 2025, "F_ZONE_NM": "서울특별시 은평구 역촌동 60-2 1층", "F_SHIM": 0.1, "F_AREA": 237.94217373000001, "F_AVR_HGT": 19.402757263183595, "반복침수연도수": 1, "반복침수여부": false, "침수이력점수": 1, "기본위험등급": "주의" }, "geometry": { "type": "Polygon", "coordinates": [ [ [ 126.914219406480186, 37.605146702851648 ], [ 126.914376126583349, 37.605159252224148 ], [ 126.91439257745543, 37.605036460480775 ], [ 126.914393268708409, 37.605026369989076 ], [ 126.914394535129404, 37.605008621572232 ], [ 126.914235326213912, 37.604994088222362 ], [ 126.914233377218437, 37.605014448981457 ], [ 126.914219406480186, 37.605146702851648 ] ] ] } },
{ "type": "Feature", "properties": { "ADM_CD": "1138010800", "SGG_CD": "11380", "GU_NM": "은평구", "F_YR": 2025, "F_ZONE_NM": "서울특별시 은평구 역촌동 61-17 B01호", "F_SHIM": 0.1, "F_AREA": 183.44461619, "F_AVR_HGT": 19.127429580688482, "반복침수연도수": 1, "반복침수여부": false, "침수이력점수": 1, "기본위험등급": "주의" }, "geometry": { "type": "Polygon", "coordinates": [ [ [ 126.913958462836248, 37.604295081218325 ], [ 126.913967874361859, 37.604188141584856 ], [ 126.913955327172346, 37.604168400761175 ], [ 126.913822729569134, 37.604156769737415 ], [ 126.91381723960518, 37.604202895959332 ], [ 126.913808313850666, 37.604281725289653 ], [ 126.913883613613777, 37.604289439574956 ], [ 126.91392856814862, 37.604293076875138 ], [ 126.913958462836248, 37.604295081218325 ] ] ] } },
{ "type": "Feature", "properties": { "ADM_CD": "1138010800", "SGG_CD": "11380", "GU_NM": "은평구", "F_YR": 2025, "F_ZONE_NM": "서울특별시 은평구 역촌동 28-1 미성빌라 지층2호", "F_SHIM": 0.1, "F_AREA": 187.74451512, "F_AVR_HGT": 20.491168594360357, "반복침수연도수": 1, "반복침수여부": false, "침수이력점수": 1, "기본위험등급": "주의" }, "geometry": { "type": "Polygon", "coordinates": [ [ [ 126.920783376181305, 37.604287333356254 ], [ 126.920961799477638, 37.604231414161333 ], [ 126.920911284495261, 37.60413308248264 ], [ 126.920802803656059, 37.604124809403665 ], [ 126.920790927153732, 37.604216341101953 ], [ 126.920783376181305, 37.604287333356254 ] ] ] } },
{ "type": "Feature", "properties": { "ADM_CD": "1138010800", "SGG_CD": "11380", "GU_NM": "은평구", "F_YR": 2025, "F_ZONE_NM": "서울특별시 은평구 역촌동 60-19 b01", "F_SHIM": 0.1, "F_AREA": 336.14420267000003, "F_AVR_HGT": 19.127429580688482, "반복침수연도수": 1, "반복침수여부": false, "침수이력점수": 1, "기본위험등급": "주의" }, "geometry": { "type": "Polygon", "coordinates": [ [ [ 126.913897359833712, 37.605121416896822 ], [ 126.913964849752432, 37.605126242187964 ], [ 126.914036642030737, 37.605131971611918 ], [ 126.914048674804036, 37.605010888507735 ], [ 126.914062184708371, 37.604885571877382 ], [ 126.913994128764941, 37.604880746222058 ], [ 126.913971141917614, 37.604878747012194 ], [ 126.913924261193145, 37.604875648888246 ], [ 126.913897359833712, 37.605121416896822 ] ] ] } },
{ "type": "Feature", "properties": { "ADM_CD": "1138010800", "SGG_CD": "11380", "GU_NM": "은평구", "F_YR": 2025, "F_ZONE_NM": "서울특별시 은평구 역촌동 60-27 나동 B02호", "F_SHIM": 0.1, "F_AREA": 338.97999793000002, "F_AVR_HGT": 19.127429580688482, "반복침수연도수": 1, "반복침수여부": false, "침수이력점수": 1, "기본위험등급": "주의" }, "geometry": { "type": "Polygon", "coordinates": [ [ [ 126.913756719976632, 37.605109779829085 ], [ 126.913768270268207, 37.605110599301213 ], [ 126.913831003350623, 37.6051157815251 ], [ 126.913897359833712, 37.605121416896822 ], [ 126.913924261193145, 37.604875648888246 ], [ 126.91385790429193, 37.604870554120637 ], [ 126.913826877222789, 37.604868278616017 ], [ 126.913798002168292, 37.604865734407994 ], [ 126.91378531954885, 37.604864823998803 ], [ 126.913756719976632, 37.605109779829085 ] ] ] } },
{ "type": "Feature", "properties": { "ADM_CD": "1138010800", "SGG_CD": "11380", "GU_NM": "은평구", "F_YR": 2025, "F_ZONE_NM": "서울특별시 은평구 역촌동 63-42 b01호", "F_SHIM": 0.1, "F_AREA": 183.64970496000001, "F_AVR_HGT": 18.75607261657715, "반복침수연도수": 1, "반복침수여부": false, "침수이력점수": 1, "기본위험등급": "주의" }, "geometry": { "type": "Polygon", "coordinates": [ [ [ 126.915160840055364, 37.604063964122808 ], [ 126.915181612826302, 37.603923786445726 ], [ 126.915048222118031, 37.603912696807711 ], [ 126.915030166688524, 37.604053146747432 ], [ 126.915160840055364, 37.604063964122808 ] ] ] } },
{ "type": "Feature", "properties": { "ADM_CD": "1138010800", "SGG_CD": "11380", "GU_NM": "은평구", "F_YR": 2025, "F_ZONE_NM": "서울특별시 은평구 역촌동 11-36 지층", "F_SHIM": 0.1, "F_AREA": 131.19520272, "F_AVR_HGT": 19.706746673583982, "반복침수연도수": 1, "반복침수여부": false, "침수이력점수": 1, "기본위험등급": "주의" }, "geometry": { "type": "Polygon", "coordinates": [ [ [ 126.917215520299251, 37.607023194168647 ], [ 126.917230147801547, 37.606906707638501 ], [ 126.917116001144151, 37.606898156831875 ], [ 126.917101713522214, 37.607014373296437 ], [ 126.917215520299251, 37.607023194168647 ] ] ] } },
{ "type": "Feature", "properties": { "ADM_CD": "1138010800", "SGG_CD": "11380", "GU_NM": "은평구", "F_YR": 2025, "F_ZONE_NM": "서울특별시 은평구 역촌동 17-48 B01호", "F_SHIM": 0.1, "F_AREA": 485.7782878, "F_AVR_HGT": 21.235787963867189, "반복침수연도수": 1, "반복침수여부": false, "침수이력점수": 1, "기본위험등급": "주의" }, "geometry": { "type": "Polygon", "coordinates": [ [ [ 126.921406451766813, 37.605876820502438 ], [ 126.921513396245842, 37.605841664640259 ], [ 126.921522232629414, 37.605838877584965 ], [ 126.921513417860353, 37.605821482652757 ], [ 126.921407640951514, 37.605612743411612 ], [ 126.921220490301693, 37.605672621650427 ], [ 126.921332815659682, 37.605899565347201 ], [ 126.921406451766813, 37.605876820502438 ] ] ] } },
{ "type": "Feature", "properties": { "ADM_CD": "1138010800", "SGG_CD": "11380", "GU_NM": "은평구", "F_YR": 2025, "F_ZONE_NM": "서울특별시 은평구 역촌동 23-52 별층 나호", "F_SHIM": 0.1, "F_AREA": 177.27683313, "F_AVR_HGT": 18.717252349853521, "반복침수연도수": 1, "반복침수여부": false, "침수이력점수": 1, "기본위험등급": "주의" }, "geometry": { "type": "Polygon", "coordinates": [ [ [ 126.917927894445143, 37.604872335568416 ], [ 126.917944121691363, 37.604741704615776 ], [ 126.917808804817668, 37.604729805850148 ], [ 126.917801391063065, 37.604776831872051 ], [ 126.91779121746319, 37.604861246703599 ], [ 126.917927894445143, 37.604872335568416 ] ] ] } },
{ "type": "Feature", "properties": { "ADM_CD": "1138010800", "SGG_CD": "11380", "GU_NM": "은평구", "F_YR": 2025, "F_ZONE_NM": "서울특별시 은평구 역촌동 201-8 지층", "F_SHIM": 0.1, "F_AREA": 182.54259218000001, "F_AVR_HGT": 35.578885650634767, "반복침수연도수": 1, "반복침수여부": false, "침수이력점수": 1, "기본위험등급": "주의" }, "geometry": { "type": "Polygon", "coordinates": [ [ [ 126.9073898201503, 37.604845895403685 ], [ 126.907446137708604, 37.604819127071913 ], [ 126.907415657138145, 37.60474278957166 ], [ 126.907454661950197, 37.604704799210282 ], [ 126.907451226095517, 37.604690362735141 ], [ 126.907301518634455, 37.604731292076494 ], [ 126.907226068095795, 37.604780416446374 ], [ 126.9073898201503, 37.604845895403685 ] ] ] } },
{ "type": "Feature", "properties": { "ADM_CD": "1138010800", "SGG_CD": "11380", "GU_NM": "은평구", "F_YR": 2025, "F_ZONE_NM": "서울특별시 은평구 역촌동 9-26 B01", "F_SHIM": 0.1, "F_AREA": 173.86057586000001, "F_AVR_HGT": 19.496980285644533, "반복침수연도수": 1, "반복침수여부": false, "침수이력점수": 1, "기본위험등급": "주의" }, "geometry": { "type": "Polygon", "coordinates": [ [ [ 126.915790825291666, 37.60692783509824 ], [ 126.915792545345283, 37.606909276117669 ], [ 126.915802410787634, 37.60679954366973 ], [ 126.915666521072751, 37.606790435078743 ], [ 126.915653348184534, 37.606920166910399 ], [ 126.915790825291666, 37.60692783509824 ] ] ] } },
{ "type": "Feature", "properties": { "ADM_CD": "1138010800", "SGG_CD": "11380", "GU_NM": "은평구", "F_YR": 2025, "F_ZONE_NM": "서울특별시 은평구 역촌동 27-44 B02호", "F_SHIM": 0.1, "F_AREA": 139.12244626, "F_AVR_HGT": 20.896863555908205, "반복침수연도수": 1, "반복침수여부": false, "침수이력점수": 1, "기본위험등급": "주의" }, "geometry": { "type": "Polygon", "coordinates": [ [ [ 126.921303659519012, 37.604787102672965 ], [ 126.921416153325865, 37.604750328894767 ], [ 126.921420579327972, 37.60474159236923 ], [ 126.921371873220011, 37.604645244284676 ], [ 126.921253487615175, 37.604684897158492 ], [ 126.921303659519012, 37.604787102672965 ] ] ] } },
{ "type": "Feature", "properties": { "ADM_CD": "1138010800", "SGG_CD": "11380", "GU_NM": "은평구", "F_YR": 2025, "F_ZONE_NM": "서울특별시 은평구 역촌동 47-33 혜성빌라 지하 1호", "F_SHIM": 0.1, "F_AREA": 314.98557621999998, "F_AVR_HGT": 20.535756683349611, "반복침수연도수": 1, "반복침수여부": false, "침수이력점수": 1, "기본위험등급": "주의" }, "geometry": { "type": "Polygon", "coordinates": [ [ [ 126.913228249592464, 37.606882878970119 ], [ 126.913234041158347, 37.606773684279986 ], [ 126.913238923407462, 37.606667281951722 ], [ 126.913193285742025, 37.606665535940671 ], [ 126.913083667569822, 37.606658966783684 ], [ 126.913078112960406, 37.606759151825614 ], [ 126.913092484617081, 37.606768532807365 ], [ 126.913085222939074, 37.606875744228596 ], [ 126.913228249592464, 37.606882878970119 ] ] ] } },
{ "type": "Feature", "properties": { "ADM_CD": "1138010800", "SGG_CD": "11380", "GU_NM": "은평구", "F_YR": 2025, "F_ZONE_NM": "서울특별시 은평구 역촌동 47-35 b01호", "F_SHIM": 0.1, "F_AREA": 157.26966213, "F_AVR_HGT": 20.535756683349611, "반복침수연도수": 1, "반복침수여부": false, "침수이력점수": 1, "기본위험등급": "주의" }, "geometry": { "type": "Polygon", "coordinates": [ [ [ 126.91301852254108, 37.606872360598331 ], [ 126.913055893493521, 37.606873740088233 ], [ 126.913060550783499, 37.606766256422254 ], [ 126.91301865169946, 37.606763341868998 ], [ 126.912913676969453, 37.606756505741373 ], [ 126.912907433218578, 37.606864618897944 ], [ 126.91301852254108, 37.606872360598331 ] ] ] } },
{ "type": "Feature", "properties": { "ADM_CD": "1138010800", "SGG_CD": "11380", "GU_NM": "은평구", "F_YR": 2025, "F_ZONE_NM": "서울특별시 은평구 역촌동 22-29 지층", "F_SHIM": 0.1, "F_AREA": 113.33062453, "F_AVR_HGT": 18.42099914550781, "반복침수연도수": 1, "반복침수여부": false, "침수이력점수": 1, "기본위험등급": "주의" }, "geometry": { "type": "Polygon", "coordinates": [ [ [ 126.916428839123242, 37.604774408745939 ], [ 126.916441866661188, 37.604671345753218 ], [ 126.916330555605768, 37.604661985345302 ], [ 126.916319564409193, 37.604766761662347 ], [ 126.916428839123242, 37.604774408745939 ] ] ] } },
{ "type": "Feature", "properties": { "ADM_CD": "1138010800", "SGG_CD": "11380", "GU_NM": "은평구", "F_YR": 2025, "F_ZONE_NM": "서울특별시 은평구 역촌동 25-138 지층우", "F_SHIM": 0.1, "F_AREA": 134.85634309, "F_AVR_HGT": 20.762563323974611, "반복침수연도수": 1, "반복침수여부": false, "침수이력점수": 1, "기본위험등급": "주의" }, "geometry": { "type": "Polygon", "coordinates": [ [ [ 126.918934328694377, 37.604764385604632 ], [ 126.919004069830066, 37.604679111350322 ], [ 126.918830938727353, 37.604657907194685 ], [ 126.918817922665838, 37.604753582405515 ], [ 126.918934328694377, 37.604764385604632 ] ] ] } },
{ "type": "Feature", "properties": { "ADM_CD": "1138010800", "SGG_CD": "11380", "GU_NM": "은평구", "F_YR": 2025, "F_ZONE_NM": "서울특별시 은평구 역촌동 47-14 광일빌라연립 B01호", "F_SHIM": 0.1, "F_AREA": 159.67167653000001, "F_AVR_HGT": 19.815147018432619, "반복침수연도수": 1, "반복침수여부": false, "침수이력점수": 1, "기본위험등급": "주의" }, "geometry": { "type": "Polygon", "coordinates": [ [ [ 126.913714424835817, 37.606793503854945 ], [ 126.913722138708067, 37.606686202631224 ], [ 126.913595757462417, 37.606681333344675 ], [ 126.913569938188729, 37.606679872536148 ], [ 126.913562903917011, 37.606786903961805 ], [ 126.913714424835817, 37.606793503854945 ] ] ] } },
{ "type": "Feature", "properties": { "ADM_CD": "1138010800", "SGG_CD": "11380", "GU_NM": "은평구", "F_YR": 2025, "F_ZONE_NM": "서울특별시 은평구 역촌동 10-50 지하 안쪽", "F_SHIM": 0.1, "F_AREA": 123.89732957, "F_AVR_HGT": 19.496980285644533, "반복침수연도수": 1, "반복침수여부": false, "침수이력점수": 1, "기본위험등급": "주의" }, "geometry": { "type": "Polygon", "coordinates": [ [ [ 126.916374805570129, 37.606675171976669 ], [ 126.916260546733142, 37.606666079672401 ], [ 126.916250032615082, 37.606749412918354 ], [ 126.916285893384156, 37.606784036532623 ], [ 126.916361652112244, 37.606788956522166 ], [ 126.916374805570129, 37.606675171976669 ] ] ] } },
{ "type": "Feature", "properties": { "ADM_CD": "1138010800", "SGG_CD": "11380", "GU_NM": "은평구", "F_YR": 2025, "F_ZONE_NM": "서울특별시 은평구 역촌동 9-33 지층1호", "F_SHIM": 0.1, "F_AREA": 133.38955771, "F_AVR_HGT": 19.496980285644533, "반복침수연도수": 1, "반복침수여부": false, "침수이력점수": 1, "기본위험등급": "주의" }, "geometry": { "type": "Polygon", "coordinates": [ [ [ 126.916178867879907, 37.606787653219897 ], [ 126.916195439282404, 37.606656211917176 ], [ 126.91609352472787, 37.606647128374682 ], [ 126.916077403571904, 37.606780822444314 ], [ 126.916178867879907, 37.606787653219897 ] ] ] } },
{ "type": "Feature", "properties": { "ADM_CD": "1138010800", "SGG_CD": "11380", "GU_NM": "은평구", "F_YR": 2025, "F_ZONE_NM": "서울특별시 은평구 역촌동 54-6 지층", "F_SHIM": 0.1, "F_AREA": 312.14529667, "F_AVR_HGT": 27.013753509521489, "반복침수연도수": 2, "반복침수여부": true, "침수이력점수": 1, "기본위험등급": "주의" }, "geometry": { "type": "Polygon", "coordinates": [ [ [ 126.910212049457826, 37.605682908573527 ], [ 126.910239004326186, 37.605681487851918 ], [ 126.910431206654806, 37.605665328566296 ], [ 126.91041347933826, 37.605529266570599 ], [ 126.910216559805363, 37.605513617506688 ], [ 126.910212049457826, 37.605682908573527 ] ] ] } },
{ "type": "Feature", "properties": { "ADM_CD": "1138010800", "SGG_CD": "11380", "GU_NM": "은평구", "F_YR": 2025, "F_ZONE_NM": "서울특별시 은평구 역촌동 60-10 지층", "F_SHIM": 0.1, "F_AREA": 117.07214449, "F_AVR_HGT": 19.127429580688482, "반복침수연도수": 1, "반복침수여부": false, "침수이력점수": 1, "기본위험등급": "주의" }, "geometry": { "type": "Polygon", "coordinates": [ [ [ 126.914308237174652, 37.604720513781814 ], [ 126.914317504824652, 37.60463943221599 ], [ 126.914174147570009, 37.604628063932097 ], [ 126.914165554927791, 37.604712840014066 ], [ 126.914308237174652, 37.604720513781814 ] ] ] } },
{ "type": "Feature", "properties": { "ADM_CD": "1138010800", "SGG_CD": "11380", "GU_NM": "은평구", "F_YR": 2025, "F_ZONE_NM": "서울특별시 은평구 역촌동 74-38 지층1호", "F_SHIM": 0.1, "F_AREA": 265.54102017999998, "F_AVR_HGT": 31.658431625366209, "반복침수연도수": 1, "반복침수여부": false, "침수이력점수": 1, "기본위험등급": "주의" }, "geometry": { "type": "Polygon", "coordinates": [ [ [ 126.908377414204494, 37.604692016283316 ], [ 126.908370583877684, 37.604538843894716 ], [ 126.90823728620785, 37.60454387421786 ], [ 126.908192211578836, 37.604545820745798 ], [ 126.908200516225577, 37.604697012148939 ], [ 126.908377414204494, 37.604692016283316 ] ] ] } },
{ "type": "Feature", "properties": { "ADM_CD": "1138010800", "SGG_CD": "11380", "GU_NM": "은평구", "F_YR": 2025, "F_ZONE_NM": "서울특별시 은평구 역촌동 63-52 지층2호", "F_SHIM": 0.1, "F_AREA": 162.24694298, "F_AVR_HGT": 18.75607261657715, "반복침수연도수": 1, "반복침수여부": false, "침수이력점수": 1, "기본위험등급": "주의" }, "geometry": { "type": "Polygon", "coordinates": [ [ [ 126.915334215008187, 37.603773523996352 ], [ 126.915354173560772, 37.603651635632716 ], [ 126.915238900890401, 37.603642001007543 ], [ 126.915231653505273, 37.603641725414562 ], [ 126.915219876621705, 37.603641176214587 ], [ 126.915199919206174, 37.603761893279177 ], [ 126.915334215008187, 37.603773523996352 ] ] ] } },
{ "type": "Feature", "properties": { "ADM_CD": "1138010800", "SGG_CD": "11380", "GU_NM": "은평구", "F_YR": 2025, "F_ZONE_NM": "서울특별시 은평구 역촌동 26-1", "F_SHIM": 0.1, "F_AREA": 152.73548746, "F_AVR_HGT": 21.235787963867189, "반복침수연도수": 1, "반복침수여부": false, "침수이력점수": 1, "기본위험등급": "주의" }, "geometry": { "type": "Polygon", "coordinates": [ [ [ 126.921325004142759, 37.605580612322576 ], [ 126.921439197374369, 37.605544290173739 ], [ 126.921461890747864, 37.605503491071431 ], [ 126.921429910017011, 37.605439589729734 ], [ 126.921279010728327, 37.605488770967888 ], [ 126.921325004142759, 37.605580612322576 ] ] ] } },
{ "type": "Feature", "properties": { "ADM_CD": "1138010800", "SGG_CD": "11380", "GU_NM": "은평구", "F_YR": 2025, "F_ZONE_NM": "서울특별시 은평구 역촌동 27-48 지층3호", "F_SHIM": 0.1, "F_AREA": 97.92838101, "F_AVR_HGT": 20.896863555908205, "반복침수연도수": 1, "반복침수여부": false, "침수이력점수": 1, "기본위험등급": "주의" }, "geometry": { "type": "Polygon", "coordinates": [ [ [ 126.921259085888224, 37.604533716114553 ], [ 126.921241797588479, 37.604497935354047 ], [ 126.921214565692068, 37.604441605425791 ], [ 126.921119066216193, 37.604471903518231 ], [ 126.921132627880638, 37.60449786105012 ], [ 126.921167436699832, 37.604564016863804 ], [ 126.921189415275876, 37.60455592298279 ], [ 126.921259085888224, 37.604533716114553 ] ] ] } },
{ "type": "Feature", "properties": { "ADM_CD": "1138010800", "SGG_CD": "11380", "GU_NM": "은평구", "F_YR": 2025, "F_ZONE_NM": "서울특별시 은평구 역촌동 10-63 지층1호", "F_SHIM": 0.1, "F_AREA": 123.44259461, "F_AVR_HGT": 18.792609786987303, "반복침수연도수": 1, "반복침수여부": false, "침수이력점수": 1, "기본위험등급": "주의" }, "geometry": { "type": "Polygon", "coordinates": [ [ [ 126.917331990082801, 37.606477912856647 ], [ 126.917342178131278, 37.606381334839909 ], [ 126.917212518923876, 37.606371151293587 ], [ 126.917202896957022, 37.606467729703596 ], [ 126.917331990082801, 37.606477912856647 ] ] ] } },
{ "type": "Feature", "properties": { "ADM_CD": "1138010700", "SGG_CD": "11380", "GU_NM": "은평구", "F_YR": 2025, "F_ZONE_NM": "서울특별시 은평구 응암동 592-50 지층 1호", "F_SHIM": 0.1, "F_AREA": 200.59788186, "F_AVR_HGT": 13.933221435546876, "반복침수연도수": 1, "반복침수여부": false, "침수이력점수": 1, "기본위험등급": "주의" }, "geometry": { "type": "Polygon", "coordinates": [ [ [ 126.914277632497232, 37.588226418035184 ], [ 126.914275403771214, 37.588224920753099 ], [ 126.914199830791162, 37.588174139424623 ], [ 126.914171772233303, 37.588156612529147 ], [ 126.9141573692457, 37.588138230788331 ], [ 126.914146936700675, 37.588093912628757 ], [ 126.914009453719572, 37.588130670082023 ], [ 126.914196089601162, 37.588275227163159 ], [ 126.914216632782669, 37.588290595140691 ], [ 126.914277632497232, 37.588226418035184 ] ] ] } },
{ "type": "Feature", "properties": { "ADM_CD": "1138010700", "SGG_CD": "11380", "GU_NM": "은평구", "F_YR": 2025, "F_ZONE_NM": "서울특별시 은평구 응암동 592-83 지층1호", "F_SHIM": 0.1, "F_AREA": 197.44111572, "F_AVR_HGT": 14.32761821746826, "반복침수연도수": 1, "반복침수여부": false, "침수이력점수": 1, "기본위험등급": "주의" }, "geometry": { "type": "Polygon", "coordinates": [ [ [ 126.914880180841308, 37.588233195737999 ], [ 126.914837549636474, 37.588128479004062 ], [ 126.91478954311988, 37.588148382538797 ], [ 126.914716639599234, 37.588158086619366 ], [ 126.914708465422464, 37.588138204881041 ], [ 126.914656017330898, 37.588151149491452 ], [ 126.914693955757414, 37.588250547027933 ], [ 126.914700274368343, 37.588269337210441 ], [ 126.914880180841308, 37.588233195737999 ] ] ] } },
{ "type": "Feature", "properties": { "ADM_CD": "1138010700", "SGG_CD": "11380", "GU_NM": "은평구", "F_YR": 2025, "F_ZONE_NM": "서울특별시 은평구 응암동 597-18 벧엘하우스 지하 04호", "F_SHIM": 0.1, "F_AREA": 172.05837691, "F_AVR_HGT": 14.983264541625976, "반복침수연도수": 1, "반복침수여부": false, "침수이력점수": 1, "기본위험등급": "주의" }, "geometry": { "type": "Polygon", "coordinates": [ [ [ 126.915346466828922, 37.588239762853988 ], [ 126.915413287280643, 37.588222873097791 ], [ 126.915415099453838, 37.588222333828703 ], [ 126.915486671244111, 37.588199041493816 ], [ 126.915442133148559, 37.58808790857465 ], [ 126.915301871693771, 37.588129161422245 ], [ 126.915346466828922, 37.588239762853988 ] ] ] } },
{ "type": "Feature", "properties": { "ADM_CD": "1138010700", "SGG_CD": "11380", "GU_NM": "은평구", "F_YR": 2025, "F_ZONE_NM": "서울특별시 은평구 응암동 594-67 지하좌측", "F_SHIM": 0.1, "F_AREA": 100.966814, "F_AVR_HGT": 14.590073204040529, "반복침수연도수": 1, "반복침수여부": false, "침수이력점수": 1, "기본위험등급": "주의" }, "geometry": { "type": "Polygon", "coordinates": [ [ [ 126.914786397524082, 37.586546311697212 ], [ 126.914743798118025, 37.586473660985625 ], [ 126.914736679320313, 37.586461582551102 ], [ 126.914708813367966, 37.586473635263367 ], [ 126.914638809208739, 37.586503406371392 ], [ 126.914686038385526, 37.586586511953925 ], [ 126.914786397524082, 37.586546311697212 ] ] ] } },
{ "type": "Feature", "properties": { "ADM_CD": "1138010700", "SGG_CD": "11380", "GU_NM": "은평구", "F_YR": 2025, "F_ZONE_NM": "서울특별시 은평구 응암동 594-57 지층", "F_SHIM": 0.1, "F_AREA": 230.47927812, "F_AVR_HGT": 14.590073204040529, "반복침수연도수": 1, "반복침수여부": false, "침수이력점수": 1, "기본위험등급": "주의" }, "geometry": { "type": "Polygon", "coordinates": [ [ [ 126.915428151149783, 37.586523986546148 ], [ 126.915457613796534, 37.586501753695742 ], [ 126.915468697879845, 37.58651167261295 ], [ 126.915479121834224, 37.586504922822272 ], [ 126.915454928273817, 37.58647418159142 ], [ 126.915419429311413, 37.586429106445721 ], [ 126.915355974718636, 37.586375811922004 ], [ 126.915255903788662, 37.586461062134248 ], [ 126.915258606079632, 37.586474038295492 ], [ 126.915262995329229, 37.586496836427749 ], [ 126.915359821843708, 37.586574301764841 ], [ 126.915428151149783, 37.586523986546148 ] ] ] } },
{ "type": "Feature", "properties": { "ADM_CD": "1138010700", "SGG_CD": "11380", "GU_NM": "은평구", "F_YR": 2025, "F_ZONE_NM": "서울특별시 은평구 응암동 594-66 지층", "F_SHIM": 0.1, "F_AREA": 130.3580824, "F_AVR_HGT": 14.590073204040529, "반복침수연도수": 1, "반복침수여부": false, "침수이력점수": 1, "기본위험등급": "주의" }, "geometry": { "type": "Polygon", "coordinates": [ [ [ 126.914915253196412, 37.586506699885149 ], [ 126.914894040071076, 37.586473771332038 ], [ 126.914836967878017, 37.586384441805862 ], [ 126.914752576757891, 37.586421320199548 ], [ 126.914783651296119, 37.586473690274772 ], [ 126.914823652860349, 37.586541023251606 ], [ 126.914915253196412, 37.586506699885149 ] ] ] } },
{ "type": "Feature", "properties": { "ADM_CD": "1138010700", "SGG_CD": "11380", "GU_NM": "은평구", "F_YR": 2025, "F_ZONE_NM": "서울특별시 은평구 응암동 594-65 지층", "F_SHIM": 0.1, "F_AREA": 133.75163338, "F_AVR_HGT": 14.590073204040529, "반복침수연도수": 1, "반복침수여부": false, "침수이력점수": 1, "기본위험등급": "주의" }, "geometry": { "type": "Polygon", "coordinates": [ [ [ 126.915006217710683, 37.586473853597106 ], [ 126.914969393464077, 37.586419767493098 ], [ 126.914919659898359, 37.586348192794766 ], [ 126.914836967878017, 37.586384441805862 ], [ 126.914894040071076, 37.586473771332038 ], [ 126.914915253196412, 37.586506699885149 ], [ 126.914917552550378, 37.586505836626273 ], [ 126.915006217710683, 37.586473853597106 ] ] ] } },
{ "type": "Feature", "properties": { "ADM_CD": "1138010700", "SGG_CD": "11380", "GU_NM": "은평구", "F_YR": 2025, "F_ZONE_NM": "서울특별시 은평구 응암동 592-64 지층 1호", "F_SHIM": 0.1, "F_AREA": 161.76689472000001, "F_AVR_HGT": 13.933221435546876, "반복침수연도수": 1, "반복침수여부": false, "침수이력점수": 1, "기본위험등급": "주의" }, "geometry": { "type": "Polygon", "coordinates": [ [ [ 126.913997250429674, 37.588099928439256 ], [ 126.913974044725066, 37.587999181116622 ], [ 126.91383682325457, 37.587996466413593 ], [ 126.913840311247384, 37.588015119392523 ], [ 126.913863722406759, 37.58813361629641 ], [ 126.913997250429674, 37.588099928439256 ] ] ] } },
{ "type": "Feature", "properties": { "ADM_CD": "1138010700", "SGG_CD": "11380", "GU_NM": "은평구", "F_YR": 2025, "F_ZONE_NM": "서울특별시 은평구 응암동 594-55 지층", "F_SHIM": 0.1, "F_AREA": 171.9073234, "F_AVR_HGT": 14.590073204040529, "반복침수연도수": 1, "반복침수여부": false, "침수이력점수": 1, "기본위험등급": "주의" }, "geometry": { "type": "Polygon", "coordinates": [ [ [ 126.915255903788662, 37.586461062134248 ], [ 126.915355974718636, 37.586375811922004 ], [ 126.915377963519632, 37.5863547449162 ], [ 126.915297746061256, 37.586307114334005 ], [ 126.915283716050681, 37.586299175415803 ], [ 126.915167360945219, 37.586367655332452 ], [ 126.915174709676009, 37.586376760658354 ], [ 126.915215863183946, 37.586427245923211 ], [ 126.915251030786621, 37.586465022907952 ], [ 126.915255903788662, 37.586461062134248 ] ] ] } },
{ "type": "Feature", "properties": { "ADM_CD": "1138010700", "SGG_CD": "11380", "GU_NM": "은평구", "F_YR": 2025, "F_ZONE_NM": "서울특별시 은평구 응암동 594-54 지층 1, 2호", "F_SHIM": 0.1, "F_AREA": 141.91175091, "F_AVR_HGT": 16.677169418334962, "반복침수연도수": 1, "반복침수여부": false, "침수이력점수": 1, "기본위험등급": "주의" }, "geometry": { "type": "Polygon", "coordinates": [ [ [ 126.915283716050681, 37.586299175415803 ], [ 126.91521983863997, 37.586220022233356 ], [ 126.915097162085132, 37.586272279726501 ], [ 126.915167360945219, 37.586367655332452 ], [ 126.915283716050681, 37.586299175415803 ] ] ] } },
{ "type": "Feature", "properties": { "ADM_CD": "1138010700", "SGG_CD": "11380", "GU_NM": "은평구", "F_YR": 2025, "F_ZONE_NM": "서울특별시 은평구 응암동 596-25 1층", "F_SHIM": 0.1, "F_AREA": 119.94764121, "F_AVR_HGT": 14.32761821746826, "반복침수연도수": 1, "반복침수여부": false, "침수이력점수": 1, "기본위험등급": "주의" }, "geometry": { "type": "Polygon", "coordinates": [ [ [ 126.915003964691095, 37.588048863921152 ], [ 126.914960373290754, 37.587951976083708 ], [ 126.914872489181462, 37.587972814458958 ], [ 126.91485875877251, 37.587999203238674 ], [ 126.914890364228867, 37.588082567543466 ], [ 126.915003964691095, 37.588048863921152 ] ] ] } },
{ "type": "Feature", "properties": { "ADM_CD": "1138010700", "SGG_CD": "11380", "GU_NM": "은평구", "F_YR": 2025, "F_ZONE_NM": "서울특별시 은평구 응암동 592-53 지층1호", "F_SHIM": 0.1, "F_AREA": 107.96261091, "F_AVR_HGT": 13.933221435546876, "반복침수연도수": 1, "반복침수여부": false, "침수이력점수": 1, "기본위험등급": "주의" }, "geometry": { "type": "Polygon", "coordinates": [ [ [ 126.914207678890662, 37.58804656576509 ], [ 126.914170882129554, 37.587949412366548 ], [ 126.914066800908003, 37.587975553966736 ], [ 126.914105295871707, 37.588072708654764 ], [ 126.914207678890662, 37.58804656576509 ] ] ] } },
{ "type": "Feature", "properties": { "ADM_CD": "1138010700", "SGG_CD": "11380", "GU_NM": "은평구", "F_YR": 2025, "F_ZONE_NM": "서울특별시 은평구 응암동 592-59 1층", "F_SHIM": 0.1, "F_AREA": 169.89589462000001, "F_AVR_HGT": 13.312471961975096, "반복침수연도수": 1, "반복침수여부": false, "침수이력점수": 1, "기본위험등급": "주의" }, "geometry": { "type": "Polygon", "coordinates": [ [ [ 126.914066800908003, 37.587975553966736 ], [ 126.914170882129554, 37.587949412366548 ], [ 126.914200102745824, 37.587941325120454 ], [ 126.914182759798621, 37.587861575122204 ], [ 126.914162942024973, 37.587768128317407 ], [ 126.914131574798176, 37.587772339730087 ], [ 126.914152748873377, 37.587867769710819 ], [ 126.914154439928197, 37.587873987758606 ], [ 126.914009606058173, 37.587894152640125 ], [ 126.914010396287622, 37.587896135392796 ], [ 126.914041318788946, 37.587981751881891 ], [ 126.914066800908003, 37.587975553966736 ] ] ] } },
{ "type": "Feature", "properties": { "ADM_CD": "1138010700", "SGG_CD": "11380", "GU_NM": "은평구", "F_YR": 2025, "F_ZONE_NM": "서울특별시 은평구 응암동 596-9 지층 좌측", "F_SHIM": 0.1, "F_AREA": 162.98337372, "F_AVR_HGT": 14.968293762207033, "반복침수연도수": 1, "반복침수여부": false, "침수이력점수": 1, "기본위험등급": "주의" }, "geometry": { "type": "Polygon", "coordinates": [ [ [ 126.915529697615639, 37.587911847856233 ], [ 126.915509104359217, 37.587802092884353 ], [ 126.91535574989922, 37.58784784118258 ], [ 126.91540023776669, 37.587953198788561 ], [ 126.915529697615639, 37.587911847856233 ] ] ] } },
{ "type": "Feature", "properties": { "ADM_CD": "1138010700", "SGG_CD": "11380", "GU_NM": "은평구", "F_YR": 2025, "F_ZONE_NM": "서울특별시 은평구 응암동 592-57 지하", "F_SHIM": 0.1, "F_AREA": 316.62523313000003, "F_AVR_HGT": 13.312471961975096, "반복침수연도수": 1, "반복침수여부": false, "침수이력점수": 1, "기본위험등급": "주의" }, "geometry": { "type": "Polygon", "coordinates": [ [ [ 126.914258768929997, 37.587926412151752 ], [ 126.914399431979021, 37.587890476649882 ], [ 126.914371439413074, 37.587816395023722 ], [ 126.91434389936687, 37.587742674118182 ], [ 126.914162942024973, 37.587768128317407 ], [ 126.914182759798621, 37.587861575122204 ], [ 126.914200102745824, 37.587941325120454 ], [ 126.914258768929997, 37.587926412151752 ] ] ] } },
{ "type": "Feature", "properties": { "ADM_CD": "1138010700", "SGG_CD": "11380", "GU_NM": "은평구", "F_YR": 2025, "F_ZONE_NM": "서울특별시 은평구 응암동 592-61 지층", "F_SHIM": 0.1, "F_AREA": 195.22193912, "F_AVR_HGT": 13.312471961975096, "반복침수연도수": 1, "반복침수여부": false, "침수이력점수": 1, "기본위험등급": "주의" }, "geometry": { "type": "Polygon", "coordinates": [ [ [ 126.913821174564447, 37.587920501758418 ], [ 126.914010396287622, 37.587896135392796 ], [ 126.914009606058173, 37.587894152640125 ], [ 126.913989571966823, 37.587792236387756 ], [ 126.913801480492637, 37.587818495628838 ], [ 126.913821174564447, 37.587920501758418 ] ] ] } },
{ "type": "Feature", "properties": { "ADM_CD": "1138010700", "SGG_CD": "11380", "GU_NM": "은평구", "F_YR": 2025, "F_ZONE_NM": "서울특별시 은평구 응암동 592-60 지하", "F_SHIM": 0.1, "F_AREA": 142.57934635000001, "F_AVR_HGT": 13.312471961975096, "반복침수연도수": 1, "반복침수여부": false, "침수이력점수": 1, "기본위험등급": "주의" }, "geometry": { "type": "Polygon", "coordinates": [ [ [ 126.914009606058173, 37.587894152640125 ], [ 126.914152748873377, 37.587867769710819 ], [ 126.914131574798176, 37.587772339730087 ], [ 126.913989571966823, 37.587792236387756 ], [ 126.914009606058173, 37.587894152640125 ] ] ] } },
{ "type": "Feature", "properties": { "ADM_CD": "1138010700", "SGG_CD": "11380", "GU_NM": "은평구", "F_YR": 2025, "F_ZONE_NM": "서울특별시 은평구 응암동 696-43 지층 나호", "F_SHIM": 0.1, "F_AREA": 135.61977338, "F_AVR_HGT": 21.696864700317384, "반복침수연도수": 1, "반복침수여부": false, "침수이력점수": 1, "기본위험등급": "주의" }, "geometry": { "type": "Polygon", "coordinates": [ [ [ 126.918070513819856, 37.58556849710218 ], [ 126.918064889166061, 37.58543460670365 ], [ 126.917970235449928, 37.585437873395712 ], [ 126.917951553220703, 37.585439031452765 ], [ 126.917962218572839, 37.585519857388121 ], [ 126.917993747355951, 37.585572677441554 ], [ 126.918070513819856, 37.58556849710218 ] ] ] } },
{ "type": "Feature", "properties": { "ADM_CD": "1138010700", "SGG_CD": "11380", "GU_NM": "은평구", "F_YR": 2025, "F_ZONE_NM": "서울특별시 은평구 응암동 596-14 지하1층 좌측", "F_SHIM": 0.1, "F_AREA": 171.78212482000001, "F_AVR_HGT": 14.968293762207033, "반복침수연도수": 1, "반복침수여부": false, "침수이력점수": 1, "기본위험등급": "주의" }, "geometry": { "type": "Polygon", "coordinates": [ [ [ 126.915349205183659, 37.587828645425432 ], [ 126.915505616270721, 37.587783169658294 ], [ 126.915487050487428, 37.587682606204481 ], [ 126.915392140695459, 37.587709025954169 ], [ 126.915315351730285, 37.587730683641361 ], [ 126.915349205183659, 37.587828645425432 ] ] ] } },
{ "type": "Feature", "properties": { "ADM_CD": "1138010700", "SGG_CD": "11380", "GU_NM": "은평구", "F_YR": 2025, "F_ZONE_NM": "서울특별시 은평구 응암동 588-8 지층 가호", "F_SHIM": 0.1, "F_AREA": 135.06229544000001, "F_AVR_HGT": 14.16219482421875, "반복침수연도수": 1, "반복침수여부": false, "침수이력점수": 1, "기본위험등급": "주의" }, "geometry": { "type": "Polygon", "coordinates": [ [ [ 126.914960946740379, 37.590390041268428 ], [ 126.915036670936288, 37.590410368924232 ], [ 126.915082538016122, 37.590303095255948 ], [ 126.915000487289575, 37.590270689798899 ], [ 126.914975249275031, 37.590261030762925 ], [ 126.914973354474284, 37.590264435095492 ], [ 126.914936218680126, 37.59033109874175 ], [ 126.914960946740379, 37.590390041268428 ] ] ] } },
{ "type": "Feature", "properties": { "ADM_CD": "1138010700", "SGG_CD": "11380", "GU_NM": "은평구", "F_YR": 2025, "F_ZONE_NM": "서울특별시 은평구 응암동 588-12 지층 우측", "F_SHIM": 0.1, "F_AREA": 128.94138102, "F_AVR_HGT": 14.502810096740722, "반복침수연도수": 1, "반복침수여부": false, "침수이력점수": 1, "기본위험등급": "주의" }, "geometry": { "type": "Polygon", "coordinates": [ [ [ 126.915489412773098, 37.590352135755523 ], [ 126.915495794235326, 37.590316641613512 ], [ 126.915354298304194, 37.590285814838936 ], [ 126.91534207322097, 37.590283012862372 ], [ 126.91533256522753, 37.590280483163809 ], [ 126.915313329923222, 37.590367414130469 ], [ 126.915438760983221, 37.590386966932641 ], [ 126.915489412773098, 37.590352135755523 ] ] ] } },
{ "type": "Feature", "properties": { "ADM_CD": "1138010700", "SGG_CD": "11380", "GU_NM": "은평구", "F_YR": 2025, "F_ZONE_NM": "서울특별시 은평구 응암동 589-17", "F_SHIM": 0.1, "F_AREA": 191.56598094, "F_AVR_HGT": 14.502810096740722, "반복침수연도수": 1, "반복침수여부": false, "침수이력점수": 1, "기본위험등급": "주의" }, "geometry": { "type": "Polygon", "coordinates": [ [ [ 126.915661910950519, 37.590303247785435 ], [ 126.915761579394115, 37.590276831289444 ], [ 126.915820666429568, 37.590291199856388 ], [ 126.915868863698719, 37.59022436376069 ], [ 126.915875214391747, 37.590215556739068 ], [ 126.915868877306082, 37.590212488793426 ], [ 126.915726065428785, 37.590144450844591 ], [ 126.915724586990962, 37.590150125973146 ], [ 126.915717341946504, 37.59014894942711 ], [ 126.915705266052512, 37.590213451147008 ], [ 126.915677645586541, 37.590207844959814 ], [ 126.91566068161984, 37.590289191531632 ], [ 126.915655922959786, 37.590291981122583 ], [ 126.915661910950519, 37.590303247785435 ] ] ] } },
{ "type": "Feature", "properties": { "ADM_CD": "1138010700", "SGG_CD": "11380", "GU_NM": "은평구", "F_YR": 2025, "F_ZONE_NM": "서울특별시 은평구 응암동 591-24 지층 좌", "F_SHIM": 0.1, "F_AREA": 137.02634828000001, "F_AVR_HGT": 14.423204040527343, "반복침수연도수": 1, "반복침수여부": false, "침수이력점수": 1, "기본위험등급": "주의" }, "geometry": { "type": "Polygon", "coordinates": [ [ [ 126.914469515434391, 37.589154970501731 ], [ 126.914529404085386, 37.589063294401249 ], [ 126.914407065690625, 37.589015271792988 ], [ 126.914387896748551, 37.589044629749232 ], [ 126.914385068165302, 37.58904291579028 ], [ 126.914347861416246, 37.589102533512161 ], [ 126.914449824652408, 37.589146306525684 ], [ 126.914469515434391, 37.589154970501731 ] ] ] } },
{ "type": "Feature", "properties": { "ADM_CD": "1138010700", "SGG_CD": "11380", "GU_NM": "은평구", "F_YR": 2025, "F_ZONE_NM": "서울특별시 은평구 응암동 593-37 지하", "F_SHIM": 0.1, "F_AREA": 132.7320623, "F_AVR_HGT": 13.312471961975096, "반복침수연도수": 1, "반복침수여부": false, "침수이력점수": 1, "기본위험등급": "주의" }, "geometry": { "type": "Polygon", "coordinates": [ [ [ 126.914066962461504, 37.587643901520821 ], [ 126.914184166013371, 37.58762704977341 ], [ 126.914139091833192, 37.587540611955482 ], [ 126.914123278095019, 37.587508795477866 ], [ 126.914022937450113, 37.587531786363435 ], [ 126.914066962461504, 37.587643901520821 ] ] ] } },
{ "type": "Feature", "properties": { "ADM_CD": "1138010700", "SGG_CD": "11380", "GU_NM": "은평구", "F_YR": 2025, "F_ZONE_NM": "서울특별시 은평구 응암동 589-19 지층101호", "F_SHIM": 0.1, "F_AREA": 213.66383994, "F_AVR_HGT": 14.502810096740722, "반복침수연도수": 1, "반복침수여부": false, "침수이력점수": 1, "기본위험등급": "주의" }, "geometry": { "type": "Polygon", "coordinates": [ [ [ 126.915875214391747, 37.590215556739068 ], [ 126.915943937316243, 37.590120732900097 ], [ 126.91586901960433, 37.590088306186999 ], [ 126.915846136891716, 37.590078405780019 ], [ 126.915737291331951, 37.590031295334057 ], [ 126.91573295715331, 37.590058862314066 ], [ 126.91573134967166, 37.590078322413838 ], [ 126.915726065428785, 37.590144450844591 ], [ 126.915868877306082, 37.590212488793426 ], [ 126.915875214391747, 37.590215556739068 ] ] ] } },
{ "type": "Feature", "properties": { "ADM_CD": "1138010700", "SGG_CD": "11380", "GU_NM": "은평구", "F_YR": 2025, "F_ZONE_NM": "서울특별시 은평구 응암동 590-57 B02호", "F_SHIM": 0.1, "F_AREA": 146.25061247, "F_AVR_HGT": 14.502810096740722, "반복침수연도수": 1, "반복침수여부": false, "침수이력점수": 1, "기본위험등급": "주의" }, "geometry": { "type": "Polygon", "coordinates": [ [ [ 126.916297206060634, 37.590213789890178 ], [ 126.916324955615096, 37.590205520862604 ], [ 126.916328013714661, 37.590204622085061 ], [ 126.916343210699083, 37.590182829224098 ], [ 126.916388688066476, 37.590117720842493 ], [ 126.916300643563119, 37.590078734777357 ], [ 126.916278462717329, 37.590068898029791 ], [ 126.916271318360401, 37.590078713602963 ], [ 126.916210420230712, 37.590163181965522 ], [ 126.91621640356496, 37.590178593126424 ], [ 126.916297206060634, 37.590213789890178 ] ] ] } },
{ "type": "Feature", "properties": { "ADM_CD": "1138010700", "SGG_CD": "11380", "GU_NM": "은평구", "F_YR": 2025, "F_ZONE_NM": "서울특별시 은평구 응암동 588-18 b01", "F_SHIM": 0.1, "F_AREA": 122.95430027, "F_AVR_HGT": 14.16219482421875, "반복침수연도수": 1, "반복침수여부": false, "침수이력점수": 1, "기본위험등급": "주의" }, "geometry": { "type": "Polygon", "coordinates": [ [ [ 126.915372284223636, 37.590202216595571 ], [ 126.915390020293827, 37.590138890319864 ], [ 126.915385605149197, 37.590138346507523 ], [ 126.915393785884419, 37.590113575399585 ], [ 126.915258286715172, 37.590086717216579 ], [ 126.915232263083624, 37.590169138289006 ], [ 126.915372284223636, 37.590202216595571 ] ] ] } },
{ "type": "Feature", "properties": { "ADM_CD": "1138010700", "SGG_CD": "11380", "GU_NM": "은평구", "F_YR": 2025, "F_ZONE_NM": "서울특별시 은평구 응암동 588-24 지하우측", "F_SHIM": 0.1, "F_AREA": 137.47885343, "F_AVR_HGT": 14.16219482421875, "반복침수연도수": 1, "반복침수여부": false, "침수이력점수": 1, "기본위험등급": "주의" }, "geometry": { "type": "Polygon", "coordinates": [ [ [ 126.915176410029787, 37.590197838857193 ], [ 126.915211082094174, 37.59007794316102 ], [ 126.915212900555758, 37.590071997992048 ], [ 126.915130851379729, 37.590038421345568 ], [ 126.915105783107961, 37.590077866123544 ], [ 126.915059616336791, 37.59015072197348 ], [ 126.915075007410834, 37.590157220334802 ], [ 126.915176410029787, 37.590197838857193 ] ] ] } },
{ "type": "Feature", "properties": { "ADM_CD": "1138010700", "SGG_CD": "11380", "GU_NM": "은평구", "F_YR": 2025, "F_ZONE_NM": "서울특별시 은평구 응암동 593-2 지층 뒤쪽", "F_SHIM": 0.1, "F_AREA": 108.79855634, "F_AVR_HGT": 13.312471961975096, "반복침수연도수": 1, "반복침수여부": false, "침수이력점수": 1, "기본위험등급": "주의" }, "geometry": { "type": "Polygon", "coordinates": [ [ [ 126.914236493341491, 37.58751365446399 ], [ 126.914216217553346, 37.587424622150508 ], [ 126.91409187878638, 37.587443721108777 ], [ 126.914123278095019, 37.587508795477866 ], [ 126.914139091833192, 37.587540611955482 ], [ 126.914236493341491, 37.58751365446399 ] ] ] } },
{ "type": "Feature", "properties": { "ADM_CD": "1138010700", "SGG_CD": "11380", "GU_NM": "은평구", "F_YR": 2025, "F_ZONE_NM": "서울특별시 은평구 응암동 588-28 B01호", "F_SHIM": 0.1, "F_AREA": 158.11644725, "F_AVR_HGT": 14.16219482421875, "반복침수연도수": 1, "반복침수여부": false, "침수이력점수": 1, "기본위험등급": "주의" }, "geometry": { "type": "Polygon", "coordinates": [ [ [ 126.915059616336791, 37.59015072197348 ], [ 126.915105783107961, 37.590077866123544 ], [ 126.915130851379729, 37.590038421345568 ], [ 126.915107877502834, 37.590029124388415 ], [ 126.915019377226074, 37.589993290480052 ], [ 126.914961421595294, 37.590077760354994 ], [ 126.914942821434551, 37.59010477625305 ], [ 126.915059616336791, 37.59015072197348 ] ] ] } },
{ "type": "Feature", "properties": { "ADM_CD": "1138010700", "SGG_CD": "11380", "GU_NM": "은평구", "F_YR": 2025, "F_ZONE_NM": "서울특별시 은평구 응암동 701-23", "F_SHIM": 0.1, "F_AREA": 127.61291795, "F_AVR_HGT": 22.276465988159181, "반복침수연도수": 1, "반복침수여부": false, "침수이력점수": 1, "기본위험등급": "주의" }, "geometry": { "type": "Polygon", "coordinates": [ [ [ 126.916538646474606, 37.584995548861322 ], [ 126.916490850563889, 37.584912083194482 ], [ 126.916360030141789, 37.584960191614208 ], [ 126.916410545096085, 37.585041947421367 ], [ 126.916538646474606, 37.584995548861322 ] ] ] } },
{ "type": "Feature", "properties": { "ADM_CD": "1138010700", "SGG_CD": "11380", "GU_NM": "은평구", "F_YR": 2025, "F_ZONE_NM": "서울특별시 은평구 응암동 593-3 102호(지하)", "F_SHIM": 0.1, "F_AREA": 117.41113953, "F_AVR_HGT": 13.312471961975096, "반복침수연도수": 1, "반복침수여부": false, "침수이력점수": 1, "기본위험등급": "주의" }, "geometry": { "type": "Polygon", "coordinates": [ [ [ 126.914216217553346, 37.587424622150508 ], [ 126.914197411891365, 37.58733712259432 ], [ 126.914051892897376, 37.587363143426046 ], [ 126.914066917297433, 37.587392166275606 ], [ 126.91409187878638, 37.587443721108777 ], [ 126.914216217553346, 37.587424622150508 ] ] ] } },
{ "type": "Feature", "properties": { "ADM_CD": "1138010700", "SGG_CD": "11380", "GU_NM": "은평구", "F_YR": 2025, "F_ZONE_NM": "서울특별시 은평구 응암동 595-18 지하B102호", "F_SHIM": 0.1, "F_AREA": 167.85534384, "F_AVR_HGT": 14.054449653625488, "반복침수연도수": 1, "반복침수여부": false, "침수이력점수": 1, "기본위험등급": "주의" }, "geometry": { "type": "Polygon", "coordinates": [ [ [ 126.915324549811317, 37.587412552551079 ], [ 126.915300205543502, 37.5873159491764 ], [ 126.91512954679871, 37.587346457897667 ], [ 126.915153099872128, 37.587441709250555 ], [ 126.915324549811317, 37.587412552551079 ] ] ] } },
{ "type": "Feature", "properties": { "ADM_CD": "1138010700", "SGG_CD": "11380", "GU_NM": "은평구", "F_YR": 2025, "F_ZONE_NM": "서울특별시 은평구 응암동 587-43 지층 2호", "F_SHIM": 0.1, "F_AREA": 220.67534624000001, "F_AVR_HGT": 14.16219482421875, "반복침수연도수": 1, "반복침수여부": false, "침수이력점수": 1, "기본위험등급": "주의" }, "geometry": { "type": "Polygon", "coordinates": [ [ [ 126.914884881687712, 37.590077704205299 ], [ 126.914928662099641, 37.590012414943253 ], [ 126.914787313135619, 37.58995320657958 ], [ 126.914689535917873, 37.589911148812945 ], [ 126.914705770862057, 37.589970896035602 ], [ 126.91473373391139, 37.590071376383605 ], [ 126.914800982173858, 37.590077642599596 ], [ 126.914879551353607, 37.590085268563911 ], [ 126.914884881687712, 37.590077704205299 ] ] ] } },
{ "type": "Feature", "properties": { "ADM_CD": "1138010700", "SGG_CD": "11380", "GU_NM": "은평구", "F_YR": 2025, "F_ZONE_NM": "서울특별시 은평구 응암동 593-4 지하4호", "F_SHIM": 0.1, "F_AREA": 127.3510198, "F_AVR_HGT": 13.312471961975096, "반복침수연도수": 1, "반복침수여부": false, "침수이력점수": 1, "기본위험등급": "주의" }, "geometry": { "type": "Polygon", "coordinates": [ [ [ 126.914197411891365, 37.58733712259432 ], [ 126.914179838960663, 37.587260525865048 ], [ 126.914011113496343, 37.587283466125513 ], [ 126.914051892897376, 37.587363143426046 ], [ 126.914197411891365, 37.58733712259432 ] ] ] } },
{ "type": "Feature", "properties": { "ADM_CD": "1138010700", "SGG_CD": "11380", "GU_NM": "은평구", "F_YR": 2025, "F_ZONE_NM": "서울특별시 은평구 응암동 595-19 지층 2호", "F_SHIM": 0.1, "F_AREA": 148.07179146, "F_AVR_HGT": 14.054449653625488, "반복침수연도수": 1, "반복침수여부": false, "침수이력점수": 1, "기본위험등급": "주의" }, "geometry": { "type": "Polygon", "coordinates": [ [ [ 126.915300205543502, 37.5873159491764 ], [ 126.91527946911134, 37.587232592911349 ], [ 126.915108021233934, 37.587260307971889 ], [ 126.915120644338629, 37.58731014168491 ], [ 126.91512954679871, 37.587346457897667 ], [ 126.915300205543502, 37.5873159491764 ] ] ] } },
{ "type": "Feature", "properties": { "ADM_CD": "1138010700", "SGG_CD": "11380", "GU_NM": "은평구", "F_YR": 2025, "F_ZONE_NM": "서울특별시 은평구 응암동 595-23 b03호", "F_SHIM": 0.1, "F_AREA": 161.63840181, "F_AVR_HGT": 14.054449653625488, "반복침수연도수": 2, "반복침수여부": true, "침수이력점수": 1, "기본위험등급": "주의" }, "geometry": { "type": "Polygon", "coordinates": [ [ [ 126.915120644338629, 37.58731014168491 ], [ 126.915108021233934, 37.587260307971889 ], [ 126.915092130067762, 37.587197227383996 ], [ 126.914972778813421, 37.587211825997343 ], [ 126.914950131504028, 37.587214602444789 ], [ 126.914953054366919, 37.587232624289463 ], [ 126.914970499841885, 37.587322194995636 ], [ 126.915120644338629, 37.58731014168491 ] ] ] } },
{ "type": "Feature", "properties": { "ADM_CD": "1138010700", "SGG_CD": "11380", "GU_NM": "은평구", "F_YR": 2025, "F_ZONE_NM": "서울특별시 은평구 응암동 595-10 지층02호", "F_SHIM": 0.1, "F_AREA": 106.48604616, "F_AVR_HGT": 14.968293762207033, "반복침수연도수": 1, "반복침수여부": false, "침수이력점수": 1, "기본위험등급": "주의" }, "geometry": { "type": "Polygon", "coordinates": [ [ [ 126.915617124002267, 37.587303836728822 ], [ 126.915591992959065, 37.587201917027883 ], [ 126.915585878230985, 37.587202633364804 ], [ 126.915492682631182, 37.587215809965286 ], [ 126.915506191014941, 37.587283663983811 ], [ 126.915516224206129, 37.587321422567705 ], [ 126.915617124002267, 37.587303836728822 ] ] ] } },
{ "type": "Feature", "properties": { "ADM_CD": "1138010700", "SGG_CD": "11380", "GU_NM": "은평구", "F_YR": 2025, "F_ZONE_NM": "서울특별시 은평구 응암동 587-4 지하좌측", "F_SHIM": 0.1, "F_AREA": 189.63365197, "F_AVR_HGT": 14.16219482421875, "반복침수연도수": 1, "반복침수여부": false, "침수이력점수": 1, "기본위험등급": "주의" }, "geometry": { "type": "Polygon", "coordinates": [ [ [ 126.914928662099641, 37.590012414943253 ], [ 126.914997164489336, 37.589913356863143 ], [ 126.914850507170883, 37.589842882375024 ], [ 126.914787313135619, 37.58995320657958 ], [ 126.914928662099641, 37.590012414943253 ] ] ] } },
{ "type": "Feature", "properties": { "ADM_CD": "1138010700", "SGG_CD": "11380", "GU_NM": "은평구", "F_YR": 2025, "F_ZONE_NM": "서울특별시 은평구 응암동 593-5 지하101호", "F_SHIM": 0.1, "F_AREA": 137.27092325000001, "F_AVR_HGT": 13.312471961975096, "반복침수연도수": 1, "반복침수여부": false, "침수이력점수": 1, "기본위험등급": "주의" }, "geometry": { "type": "Polygon", "coordinates": [ [ [ 126.914011113496343, 37.587283466125513 ], [ 126.914179838960663, 37.587260525865048 ], [ 126.914157424967925, 37.587160499937916 ], [ 126.914056178616903, 37.587183850577098 ], [ 126.914031810306639, 37.587205996751962 ], [ 126.914009530097161, 37.587282023375664 ], [ 126.914011113496343, 37.587283466125513 ] ] ] } },
{ "type": "Feature", "properties": { "ADM_CD": "1138010700", "SGG_CD": "11380", "GU_NM": "은평구", "F_YR": 2025, "F_ZONE_NM": "서울특별시 은평구 응암동 595-40   지층", "F_SHIM": 0.1, "F_AREA": 77.4558515, "F_AVR_HGT": 13.312471961975096, "반복침수연도수": 1, "반복침수여부": false, "침수이력점수": 1, "기본위험등급": "주의" }, "geometry": { "type": "Polygon", "coordinates": [ [ [ 126.914350692291279, 37.58725749870424 ], [ 126.91432350043371, 37.587176660262138 ], [ 126.914269599359372, 37.587183648118753 ], [ 126.91423887288876, 37.58722110638282 ], [ 126.914252618461333, 37.587278779588523 ], [ 126.914350692291279, 37.58725749870424 ] ] ] } },
{ "type": "Feature", "properties": { "ADM_CD": "1138010700", "SGG_CD": "11380", "GU_NM": "은평구", "F_YR": 2025, "F_ZONE_NM": "서울특별시 은평구 응암동 595-39 반지하", "F_SHIM": 0.1, "F_AREA": 111.71683168, "F_AVR_HGT": 14.054449653625488, "반복침수연도수": 1, "반복침수여부": false, "침수이력점수": 1, "기본위험등급": "주의" }, "geometry": { "type": "Polygon", "coordinates": [ [ [ 126.914486704448507, 37.58722804675152 ], [ 126.914474333189901, 37.587156769711363 ], [ 126.91432350043371, 37.587176660262138 ], [ 126.914350692291279, 37.58725749870424 ], [ 126.914486704448507, 37.58722804675152 ] ] ] } },
{ "type": "Feature", "properties": { "ADM_CD": "1138010700", "SGG_CD": "11380", "GU_NM": "은평구", "F_YR": 2025, "F_ZONE_NM": "서울특별시 은평구 응암동 595-31 B02호", "F_SHIM": 0.1, "F_AREA": 163.02697331, "F_AVR_HGT": 14.054449653625488, "반복침수연도수": 1, "반복침수여부": false, "침수이력점수": 1, "기본위험등급": "주의" }, "geometry": { "type": "Polygon", "coordinates": [ [ [ 126.914786739863032, 37.587227096299017 ], [ 126.914767278204579, 37.587118963790132 ], [ 126.914612596112974, 37.587138851881562 ], [ 126.914629121990203, 37.58723995457111 ], [ 126.914786739863032, 37.587227096299017 ] ] ] } },
{ "type": "Feature", "properties": { "ADM_CD": "1138010700", "SGG_CD": "11380", "GU_NM": "은평구", "F_YR": 2025, "F_ZONE_NM": "서울특별시 은평구 응암동 595-22 B02호", "F_SHIM": 0.1, "F_AREA": 165.16900161000001, "F_AVR_HGT": 14.590073204040529, "반복침수연도수": 1, "반복침수여부": false, "침수이력점수": 1, "기본위험등급": "주의" }, "geometry": { "type": "Polygon", "coordinates": [ [ [ 126.915092130067762, 37.587197227383996 ], [ 126.915106511031411, 37.587195526040475 ], [ 126.915101440800541, 37.587174168982742 ], [ 126.915112765123496, 37.587172195105239 ], [ 126.915091928740608, 37.587077576418636 ], [ 126.914950382658972, 37.58709549240254 ], [ 126.914972778813421, 37.587211825997343 ], [ 126.915092130067762, 37.587197227383996 ] ] ] } },
{ "type": "Feature", "properties": { "ADM_CD": "1138010700", "SGG_CD": "11380", "GU_NM": "은평구", "F_YR": 2025, "F_ZONE_NM": "서울특별시 은평구 응암동 733-14 지하", "F_SHIM": 0.1, "F_AREA": 190.09164978000001, "F_AVR_HGT": 28.010438537597658, "반복침수연도수": 1, "반복침수여부": false, "침수이력점수": 1, "기본위험등급": "주의" }, "geometry": { "type": "Polygon", "coordinates": [ [ [ 126.919156723562011, 37.584749633531423 ], [ 126.919174487476326, 37.584656934518598 ], [ 126.919030056005909, 37.58462710116131 ], [ 126.918991317307217, 37.584746544759568 ], [ 126.919151369323586, 37.584779632611614 ], [ 126.919155810483488, 37.584756300186818 ], [ 126.919156723562011, 37.584749633531423 ] ] ] } },
{ "type": "Feature", "properties": { "ADM_CD": "1138010700", "SGG_CD": "11380", "GU_NM": "은평구", "F_YR": 2025, "F_ZONE_NM": "서울특별시 은평구 응암동 593-20 지층 2호", "F_SHIM": 0.1, "F_AREA": 104.19917615, "F_AVR_HGT": 13.544816589355468, "반복침수연도수": 1, "반복침수여부": false, "침수이력점수": 1, "기본위험등급": "주의" }, "geometry": { "type": "Polygon", "coordinates": [ [ [ 126.913745430495624, 37.587148121115817 ], [ 126.913707864459866, 37.587032046299939 ], [ 126.913624059764373, 37.587050544222699 ], [ 126.913663997058123, 37.587171936641482 ], [ 126.913745430495624, 37.587148121115817 ] ] ] } },
{ "type": "Feature", "properties": { "ADM_CD": "1138010700", "SGG_CD": "11380", "GU_NM": "은평구", "F_YR": 2025, "F_ZONE_NM": "서울특별시 은평구 응암동 595-21 지층B", "F_SHIM": 0.1, "F_AREA": 135.5348706, "F_AVR_HGT": 14.590073204040529, "반복침수연도수": 1, "반복침수여부": false, "침수이력점수": 1, "기본위험등급": "주의" }, "geometry": { "type": "Polygon", "coordinates": [ [ [ 126.915258393064391, 37.587149236393351 ], [ 126.915234721424312, 37.587058579994022 ], [ 126.915091928740608, 37.587077576418636 ], [ 126.915112765123496, 37.587172195105239 ], [ 126.915258393064391, 37.587149236393351 ] ] ] } },
{ "type": "Feature", "properties": { "ADM_CD": "1138010700", "SGG_CD": "11380", "GU_NM": "은평구", "F_YR": 2025, "F_ZONE_NM": "서울특별시 은평구 응암동 593-7 1층", "F_SHIM": 0.1, "F_AREA": 137.25594664, "F_AVR_HGT": 13.544816589355468, "반복침수연도수": 1, "반복침수여부": false, "침수이력점수": 1, "기본위험등급": "주의" }, "geometry": { "type": "Polygon", "coordinates": [ [ [ 126.914134898025452, 37.587060293724221 ], [ 126.913977313735202, 37.587044680022835 ], [ 126.913998442754121, 37.587081545979792 ], [ 126.914047364299407, 37.58716942828503 ], [ 126.914153933250006, 37.587145000410615 ], [ 126.914134898025452, 37.587060293724221 ] ] ] } },
{ "type": "Feature", "properties": { "ADM_CD": "1138010700", "SGG_CD": "11380", "GU_NM": "은평구", "F_YR": 2025, "F_ZONE_NM": "서울특별시 은평구 응암동 595-13 지층 우측", "F_SHIM": 0.1, "F_AREA": 147.14055833, "F_AVR_HGT": 14.590073204040529, "반복침수연도수": 1, "반복침수여부": false, "침수이력점수": 1, "기본위험등급": "주의" }, "geometry": { "type": "Polygon", "coordinates": [ [ [ 126.91529271377469, 37.587136287282796 ], [ 126.915470499453974, 37.58711046864196 ], [ 126.915453381678546, 37.587030809081142 ], [ 126.915271749608692, 37.58705410212815 ], [ 126.91529271377469, 37.587136287282796 ] ] ] } },
{ "type": "Feature", "properties": { "ADM_CD": "1138010700", "SGG_CD": "11380", "GU_NM": "은평구", "F_YR": 2025, "F_ZONE_NM": "서울특별시 은평구 응암동 594-74 B 3호", "F_SHIM": 0.1, "F_AREA": 173.06249758000001, "F_AVR_HGT": 13.544816589355468, "반복침수연도수": 1, "반복침수여부": false, "침수이력점수": 1, "기본위험등급": "주의" }, "geometry": { "type": "Polygon", "coordinates": [ [ [ 126.91436851654565, 37.587118670066701 ], [ 126.914348384709882, 37.587003239013107 ], [ 126.914278746804513, 37.587009674661267 ], [ 126.914194387961857, 37.58701808154661 ], [ 126.914214321113036, 37.587109546276174 ], [ 126.914258449337737, 37.587133274811876 ], [ 126.914299214831246, 37.58712798912719 ], [ 126.91436851654565, 37.587118670066701 ] ] ] } },
{ "type": "Feature", "properties": { "ADM_CD": "1138010700", "SGG_CD": "11380", "GU_NM": "은평구", "F_YR": 2025, "F_ZONE_NM": "서울특별시 은평구 응암동 594-76 나동 102호", "F_SHIM": 0.1, "F_AREA": 135.31356825, "F_AVR_HGT": 14.590073204040529, "반복침수연도수": 1, "반복침수여부": false, "침수이력점수": 1, "기본위험등급": "주의" }, "geometry": { "type": "Polygon", "coordinates": [ [ [ 126.91448900112394, 37.587103081816025 ], [ 126.914466712784517, 37.586992064019242 ], [ 126.914348384709882, 37.587003239013107 ], [ 126.91436851654565, 37.587118670066701 ], [ 126.91448900112394, 37.587103081816025 ] ] ] } },
{ "type": "Feature", "properties": { "ADM_CD": "1138010700", "SGG_CD": "11380", "GU_NM": "은평구", "F_YR": 2025, "F_ZONE_NM": "서울특별시 은평구 응암동 594-77 지층", "F_SHIM": 0.1, "F_AREA": 134.61658125, "F_AVR_HGT": 14.590073204040529, "반복침수연도수": 1, "반복침수여부": false, "침수이력점수": 1, "기본위험등급": "주의" }, "geometry": { "type": "Polygon", "coordinates": [ [ [ 126.91461141018587, 37.587087675056175 ], [ 126.914590928579528, 37.586980622947017 ], [ 126.914466712784517, 37.586992064019242 ], [ 126.91448900112394, 37.587103081816025 ], [ 126.91461141018587, 37.587087675056175 ] ] ] } },
{ "type": "Feature", "properties": { "ADM_CD": "1138010700", "SGG_CD": "11380", "GU_NM": "은평구", "F_YR": 2025, "F_ZONE_NM": "서울특별시 은평구 응암동 594-78 지층 우측", "F_SHIM": 0.1, "F_AREA": 157.19043, "F_AVR_HGT": 14.590073204040529, "반복침수연도수": 2, "반복침수여부": true, "침수이력점수": 1, "기본위험등급": "주의" }, "geometry": { "type": "Polygon", "coordinates": [ [ [ 126.91475216421037, 37.587069398502543 ], [ 126.91473440648609, 37.586956492016768 ], [ 126.914590928579528, 37.586980622947017 ], [ 126.91461141018587, 37.587087675056175 ], [ 126.91475216421037, 37.587069398502543 ] ] ] } },
{ "type": "Feature", "properties": { "ADM_CD": "1138010700", "SGG_CD": "11380", "GU_NM": "은평구", "F_YR": 2025, "F_ZONE_NM": "서울특별시 은평구 응암동 593-9 1층, 2층", "F_SHIM": 0.1, "F_AREA": 90.93942122, "F_AVR_HGT": 13.544816589355468, "반복침수연도수": 1, "반복침수여부": false, "침수이력점수": 1, "기본위험등급": "주의" }, "geometry": { "type": "Polygon", "coordinates": [ [ [ 126.913895804543571, 37.587036690879479 ], [ 126.913835218329851, 37.58695159289946 ], [ 126.913764526757802, 37.586987579772675 ], [ 126.913776607249076, 37.58701660047241 ], [ 126.913805628797931, 37.587081402867597 ], [ 126.913895804543571, 37.587036690879479 ] ] ] } },
{ "type": "Feature", "properties": { "ADM_CD": "1138010700", "SGG_CD": "11380", "GU_NM": "은평구", "F_YR": 2025, "F_ZONE_NM": "서울특별시 은평구 응암동 587-6 미즈머리까끼", "F_SHIM": 0.1, "F_AREA": 115.92937118, "F_AVR_HGT": 14.16219482421875, "반복침수연도수": 1, "반복침수여부": false, "침수이력점수": 1, "기본위험등급": "주의" }, "geometry": { "type": "Polygon", "coordinates": [ [ [ 126.915068270856523, 37.589814300648598 ], [ 126.915097871571461, 37.589771795847263 ], [ 126.915080705766087, 37.589733491430039 ], [ 126.914968102151093, 37.589686377520657 ], [ 126.914923757096588, 37.589750585205252 ], [ 126.915068270856523, 37.589814300648598 ] ] ] } },
{ "type": "Feature", "properties": { "ADM_CD": "1138010700", "SGG_CD": "11380", "GU_NM": "은평구", "F_YR": 2025, "F_ZONE_NM": "서울특별시 은평구 응암동 592-15 지층 우측", "F_SHIM": 0.1, "F_AREA": 130.56521949, "F_AVR_HGT": 14.32761821746826, "반복침수연도수": 1, "반복침수여부": false, "침수이력점수": 1, "기본위험등급": "주의" }, "geometry": { "type": "Polygon", "coordinates": [ [ [ 126.914616406131643, 37.588633678828209 ], [ 126.914644165308175, 37.588519364283393 ], [ 126.914585175833082, 37.588519861446066 ], [ 126.914546815364233, 37.588501002605625 ], [ 126.914539417542258, 37.588533973200661 ], [ 126.914517117840489, 37.588626848305225 ], [ 126.914516091287425, 37.588633334639482 ], [ 126.914591579908446, 37.58865987920764 ], [ 126.914613676325857, 37.588644398538136 ], [ 126.914616406131643, 37.588633678828209 ] ] ] } },
{ "type": "Feature", "properties": { "ADM_CD": "1138010700", "SGG_CD": "11380", "GU_NM": "은평구", "F_YR": 2025, "F_ZONE_NM": "서울특별시 은평구 응암동 594-79 101호", "F_SHIM": 0.1, "F_AREA": 217.74669184000001, "F_AVR_HGT": 14.590073204040529, "반복침수연도수": 1, "반복침수여부": false, "침수이력점수": 1, "기본위험등급": "주의" }, "geometry": { "type": "Polygon", "coordinates": [ [ [ 126.914937420669503, 37.587045117829952 ], [ 126.914912543279499, 37.586920583440318 ], [ 126.91473440648609, 37.586956492016768 ], [ 126.91475216421037, 37.587069398502543 ], [ 126.914937420669503, 37.587045117829952 ] ] ] } },
{ "type": "Feature", "properties": { "ADM_CD": "1138010700", "SGG_CD": "11380", "GU_NM": "은평구", "F_YR": 2025, "F_ZONE_NM": "서울특별시 은평구 응암동 593-12", "F_SHIM": 0.1, "F_AREA": 52.80820421, "F_AVR_HGT": 13.544816589355468, "반복침수연도수": 1, "반복침수여부": false, "침수이력점수": 1, "기본위험등급": "주의" }, "geometry": { "type": "Polygon", "coordinates": [ [ [ 126.914128366226095, 37.58703037618406 ], [ 126.914112257396354, 37.58696053791288 ], [ 126.914026880559703, 37.586968133038276 ], [ 126.914037348444452, 37.587020758325544 ], [ 126.914128366226095, 37.58703037618406 ] ] ] } },
{ "type": "Feature", "properties": { "ADM_CD": "1138010700", "SGG_CD": "11380", "GU_NM": "은평구", "F_YR": 2025, "F_ZONE_NM": "서울특별시 은평구 응암동 597-23 b01호", "F_SHIM": 0.1, "F_AREA": 88.46196411, "F_AVR_HGT": 14.32761821746826, "반복침수연도수": 1, "반복침수여부": false, "침수이력점수": 1, "기본위험등급": "주의" }, "geometry": { "type": "Polygon", "coordinates": [ [ [ 126.915156862155527, 37.588497215868991 ], [ 126.915148129088905, 37.588412156507474 ], [ 126.915143713006955, 37.588412513670185 ], [ 126.915070906343416, 37.588416604904069 ], [ 126.915017461503282, 37.588419989494902 ], [ 126.915033712754237, 37.588465591237146 ], [ 126.915083052870116, 37.588487070815852 ], [ 126.91511575849519, 37.588500609532502 ], [ 126.915141575788581, 37.588498375964669 ], [ 126.915156862155527, 37.588497215868991 ] ] ] } },
{ "type": "Feature", "properties": { "ADM_CD": "1138010700", "SGG_CD": "11380", "GU_NM": "은평구", "F_YR": 2025, "F_ZONE_NM": "서울특별시 은평구 응암동 597-12 지하좌측", "F_SHIM": 0.1, "F_AREA": 129.73317416, "F_AVR_HGT": 14.32761821746826, "반복침수연도수": 1, "반복침수여부": false, "침수이력점수": 1, "기본위험등급": "주의" }, "geometry": { "type": "Polygon", "coordinates": [ [ [ 126.915316315862682, 37.588465527653192 ], [ 126.915305808221007, 37.588446419100137 ], [ 126.91535101993631, 37.588415187936441 ], [ 126.915340959053054, 37.588401395523256 ], [ 126.915214481767237, 37.588408330802949 ], [ 126.915148129088905, 37.588412156507474 ], [ 126.915156862155527, 37.588497215868991 ], [ 126.915238395850935, 37.588485472589866 ], [ 126.915316315862682, 37.588465527653192 ] ] ] } },
{ "type": "Feature", "properties": { "ADM_CD": "1138010700", "SGG_CD": "11380", "GU_NM": "은평구", "F_YR": 2025, "F_ZONE_NM": "서울특별시 은평구 응암동 594-84 지층", "F_SHIM": 0.1, "F_AREA": 110.82351088, "F_AVR_HGT": 14.590073204040529, "반복침수연도수": 1, "반복침수여부": false, "침수이력점수": 1, "기본위험등급": "주의" }, "geometry": { "type": "Polygon", "coordinates": [ [ [ 126.915437361175464, 37.586981513514871 ], [ 126.915421924226322, 37.586917081821817 ], [ 126.915313556545655, 37.586931058101513 ], [ 126.915255362530928, 37.586930114604634 ], [ 126.915267846054121, 37.587002833224247 ], [ 126.915437361175464, 37.586981513514871 ] ] ] } },
{ "type": "Feature", "properties": { "ADM_CD": "1138010700", "SGG_CD": "11380", "GU_NM": "은평구", "F_YR": 2025, "F_ZONE_NM": "서울특별시 은평구 응암동 594-10 지층 우측", "F_SHIM": 0.1, "F_AREA": 163.2385249, "F_AVR_HGT": 14.590073204040529, "반복침수연도수": 1, "반복침수여부": false, "침수이력점수": 1, "기본위험등급": "주의" }, "geometry": { "type": "Polygon", "coordinates": [ [ [ 126.914661404404853, 37.586935084977839 ], [ 126.914621890636838, 37.586837659406704 ], [ 126.914609320305345, 37.586840172910975 ], [ 126.914568778810249, 37.586847711330869 ], [ 126.914471954250587, 37.586866200265533 ], [ 126.914481357508095, 37.586958287876925 ], [ 126.914583832076303, 37.586949353538095 ], [ 126.914661404404853, 37.586935084977839 ] ] ] } },
{ "type": "Feature", "properties": { "ADM_CD": "1138010700", "SGG_CD": "11380", "GU_NM": "은평구", "F_YR": 2025, "F_ZONE_NM": "서울특별시 은평구 응암동 594-12 지층 우측", "F_SHIM": 0.1, "F_AREA": 124.67805497000001, "F_AVR_HGT": 14.590073204040529, "반복침수연도수": 1, "반복침수여부": false, "침수이력점수": 1, "기본위험등급": "주의" }, "geometry": { "type": "Polygon", "coordinates": [ [ [ 126.914770910370933, 37.586915974518263 ], [ 126.914730171972963, 37.586800528380607 ], [ 126.914621890636838, 37.586837659406704 ], [ 126.914661404404853, 37.586935084977839 ], [ 126.914770910370933, 37.586915974518263 ] ] ] } },
{ "type": "Feature", "properties": { "ADM_CD": "1138010700", "SGG_CD": "11380", "GU_NM": "은평구", "F_YR": 2025, "F_ZONE_NM": "서울특별시 은평구 응암동 594-19 지층1호", "F_SHIM": 0.1, "F_AREA": 96.57506023000001, "F_AVR_HGT": 14.590073204040529, "반복침수연도수": 1, "반복침수여부": false, "침수이력점수": 1, "기본위험등급": "주의" }, "geometry": { "type": "Polygon", "coordinates": [ [ [ 126.914868754840668, 37.586896675200641 ], [ 126.91495527445629, 37.586879800157583 ], [ 126.914967642753041, 37.586856203416637 ], [ 126.914922330626709, 37.586779316154072 ], [ 126.914844079504292, 37.586793314092333 ], [ 126.914868754840668, 37.586896675200641 ] ] ] } },
{ "type": "Feature", "properties": { "ADM_CD": "1138010700", "SGG_CD": "11380", "GU_NM": "은평구", "F_YR": 2025, "F_ZONE_NM": "서울특별시 은평구 응암동 590-27 상가 지층", "F_SHIM": 0.1, "F_AREA": 190.48561612, "F_AVR_HGT": 14.874811744689939, "반복침수연도수": 1, "반복침수여부": false, "침수이력점수": 1, "기본위험등급": "주의" }, "geometry": { "type": "Polygon", "coordinates": [ [ [ 126.915403960450092, 37.589635790659621 ], [ 126.9154217801089, 37.589598052399388 ], [ 126.915505592602656, 37.589476480564535 ], [ 126.915406569830083, 37.589434692776294 ], [ 126.915303247893362, 37.589586433281561 ], [ 126.915377600325044, 37.589617481437031 ], [ 126.915403960450092, 37.589635790659621 ] ] ] } },
{ "type": "Feature", "properties": { "ADM_CD": "1138010700", "SGG_CD": "11380", "GU_NM": "은평구", "F_YR": 2025, "F_ZONE_NM": "서울특별시 은평구 응암동 587-27", "F_SHIM": 0.1, "F_AREA": 137.68252083, "F_AVR_HGT": 14.423204040527343, "반복침수연도수": 1, "반복침수여부": false, "침수이력점수": 1, "기본위험등급": "주의" }, "geometry": { "type": "Polygon", "coordinates": [ [ [ 126.914439125174326, 37.589583546521808 ], [ 126.914419534755353, 37.589488658379317 ], [ 126.914276056828456, 37.589508554285622 ], [ 126.914293949025918, 37.589603170901299 ], [ 126.914439125174326, 37.589583546521808 ] ] ] } },
{ "type": "Feature", "properties": { "ADM_CD": "1138010700", "SGG_CD": "11380", "GU_NM": "은평구", "F_YR": 2025, "F_ZONE_NM": "서울특별시 은평구 응암동 592-29 지층4호", "F_SHIM": 0.1, "F_AREA": 187.22283929, "F_AVR_HGT": 14.32761821746826, "반복침수연도수": 1, "반복침수여부": false, "침수이력점수": 1, "기본위험등급": "주의" }, "geometry": { "type": "Polygon", "coordinates": [ [ [ 126.914968476799345, 37.588482752234817 ], [ 126.914936651530851, 37.588393441295089 ], [ 126.914805955214192, 37.588426051111419 ], [ 126.914778558365995, 37.588423508225389 ], [ 126.914689576907946, 37.588413802268867 ], [ 126.914665267168743, 37.588482799826046 ], [ 126.914968476799345, 37.588482752234817 ] ] ] } },
{ "type": "Feature", "properties": { "ADM_CD": "1138010700", "SGG_CD": "11380", "GU_NM": "은평구", "F_YR": 2025, "F_ZONE_NM": "서울특별시 은평구 응암동 592-22 지층1호", "F_SHIM": 0.1, "F_AREA": 104.10632396, "F_AVR_HGT": 13.933221435546876, "반복침수연도수": 1, "반복침수여부": false, "침수이력점수": 1, "기본위험등급": "주의" }, "geometry": { "type": "Polygon", "coordinates": [ [ [ 126.914221833505309, 37.588335792388911 ], [ 126.914192869073716, 37.588318291858513 ], [ 126.914178852652441, 37.588308190457958 ], [ 126.914139550073756, 37.5883399661382 ], [ 126.91407011234196, 37.588338743437795 ], [ 126.914063476311597, 37.588397843129584 ], [ 126.914079779249903, 37.588398756191737 ], [ 126.91420476631707, 37.588407588260878 ], [ 126.914221833505309, 37.588335792388911 ] ] ] } },
{ "type": "Feature", "properties": { "ADM_CD": "1138010700", "SGG_CD": "11380", "GU_NM": "은평구", "F_YR": 2025, "F_ZONE_NM": "서울특별시 은평구 응암동 594-26 지하층", "F_SHIM": 0.1, "F_AREA": 111.57863081000001, "F_AVR_HGT": 14.590073204040529, "반복침수연도수": 1, "반복침수여부": false, "침수이력점수": 1, "기본위험등급": "주의" }, "geometry": { "type": "Polygon", "coordinates": [ [ [ 126.91510919226063, 37.586825133030814 ], [ 126.915052695259988, 37.586727487942234 ], [ 126.914955413946103, 37.586759338548923 ], [ 126.914963663648336, 37.586772589079594 ], [ 126.915005247379185, 37.586842716205595 ], [ 126.915034217371755, 37.586855080929773 ], [ 126.915056303055167, 37.586848339720099 ], [ 126.91510919226063, 37.586825133030814 ] ] ] } },
{ "type": "Feature", "properties": { "ADM_CD": "1138010700", "SGG_CD": "11380", "GU_NM": "은평구", "F_YR": 2025, "F_ZONE_NM": "서울특별시 은평구 응암동 594-17 지상1층", "F_SHIM": 0.1, "F_AREA": 59.22082821, "F_AVR_HGT": 14.590073204040529, "반복침수연도수": 1, "반복침수여부": false, "침수이력점수": 1, "기본위험등급": "주의" }, "geometry": { "type": "Polygon", "coordinates": [ [ [ 126.914811139143623, 37.586787613695058 ], [ 126.91476966591766, 37.586720009339736 ], [ 126.914751358011173, 37.586690984162772 ], [ 126.914700043693642, 37.586713200766901 ], [ 126.914749648384586, 37.586798290235471 ], [ 126.914811139143623, 37.586787613695058 ] ] ] } },
{ "type": "Feature", "properties": { "ADM_CD": "1138010700", "SGG_CD": "11380", "GU_NM": "은평구", "F_YR": 2025, "F_ZONE_NM": "서울특별시 은평구 응암동 594-20 지층 좌", "F_SHIM": 0.1, "F_AREA": 95.2075642, "F_AVR_HGT": 14.590073204040529, "반복침수연도수": 1, "반복침수여부": false, "침수이력점수": 1, "기본위험등급": "주의" }, "geometry": { "type": "Polygon", "coordinates": [ [ [ 126.914844079504292, 37.586793314092333 ], [ 126.914922330626709, 37.586779316154072 ], [ 126.914916454682796, 37.586769401006997 ], [ 126.914867866812898, 37.586686024226161 ], [ 126.91476966591766, 37.586720009339736 ], [ 126.914811139143623, 37.586787613695058 ], [ 126.914841601415006, 37.586782320254237 ], [ 126.914844079504292, 37.586793314092333 ] ] ] } },
{ "type": "Feature", "properties": { "ADM_CD": "1138010700", "SGG_CD": "11380", "GU_NM": "은평구", "F_YR": 2025, "F_ZONE_NM": "서울특별시 은평구 응암동 594-25 지층101호", "F_SHIM": 0.1, "F_AREA": 93.0811133, "F_AVR_HGT": 14.590073204040529, "반복침수연도수": 1, "반복침수여부": false, "침수이력점수": 1, "기본위험등급": "주의" }, "geometry": { "type": "Polygon", "coordinates": [ [ [ 126.915052695259988, 37.586727487942234 ], [ 126.915062786954195, 37.586724188718293 ], [ 126.915016794867, 37.586647841583336 ], [ 126.914912359810657, 37.586688039044951 ], [ 126.914955413946103, 37.586759338548923 ], [ 126.915052695259988, 37.586727487942234 ] ] ] } },
{ "type": "Feature", "properties": { "ADM_CD": "1138010700", "SGG_CD": "11380", "GU_NM": "은평구", "F_YR": 2025, "F_ZONE_NM": "서울특별시 은평구 응암동 594-99", "F_SHIM": 0.1, "F_AREA": 117.40342454, "F_AVR_HGT": 14.590073204040529, "반복침수연도수": 1, "반복침수여부": false, "침수이력점수": 1, "기본위험등급": "주의" }, "geometry": { "type": "Polygon", "coordinates": [ [ [ 126.914552653739946, 37.58674285181349 ], [ 126.914512048511796, 37.586659273540135 ], [ 126.914464515182928, 37.586545804464912 ], [ 126.914440274379601, 37.586555967718105 ], [ 126.914460983861431, 37.58675872267024 ], [ 126.914552653739946, 37.58674285181349 ] ] ] } },
{ "type": "Feature", "properties": { "ADM_CD": "1138010700", "SGG_CD": "11380", "GU_NM": "은평구", "F_YR": 2025, "F_ZONE_NM": "서울특별시 은평구 응암동 594-4 지층", "F_SHIM": 0.1, "F_AREA": 106.53645914000001, "F_AVR_HGT": 15.895234680175779, "반복침수연도수": 1, "반복침수여부": false, "침수이력점수": 1, "기본위험등급": "주의" }, "geometry": { "type": "Polygon", "coordinates": [ [ [ 126.915596540362969, 37.586693224146309 ], [ 126.915622153975647, 37.586670628059736 ], [ 126.91557082584437, 37.586606620753415 ], [ 126.915475118482647, 37.586638626102697 ], [ 126.915464467136744, 37.586646186613706 ], [ 126.915539089015056, 37.586735798912322 ], [ 126.915596540362969, 37.586693224146309 ] ] ] } },
{ "type": "Feature", "properties": { "ADM_CD": "1138010700", "SGG_CD": "11380", "GU_NM": "은평구", "F_YR": 2025, "F_ZONE_NM": "서울특별시 은평구 응암동 591-35 지하 102호", "F_SHIM": 0.1, "F_AREA": 166.7470243, "F_AVR_HGT": 14.423204040527343, "반복침수연도수": 1, "반복침수여부": false, "침수이력점수": 1, "기본위험등급": "주의" }, "geometry": { "type": "Polygon", "coordinates": [ [ [ 126.915059545047257, 37.589527150438599 ], [ 126.915119423693227, 37.589443763096455 ], [ 126.915130763562459, 37.589428634852609 ], [ 126.915000622178653, 37.589371597303909 ], [ 126.914928156101766, 37.589471823768108 ], [ 126.915059545047257, 37.589527150438599 ] ] ] } },
{ "type": "Feature", "properties": { "ADM_CD": "1138010700", "SGG_CD": "11380", "GU_NM": "은평구", "F_YR": 2025, "F_ZONE_NM": "서울특별시 은평구 응암동 597-38 지층가호", "F_SHIM": 0.1, "F_AREA": 149.83885568, "F_AVR_HGT": 14.32761821746826, "반복침수연도수": 1, "반복침수여부": false, "침수이력점수": 1, "기본위험등급": "주의" }, "geometry": { "type": "Polygon", "coordinates": [ [ [ 126.915239535068878, 37.588381319570786 ], [ 126.915191327395846, 37.588281238963191 ], [ 126.915189531484359, 37.588277498562448 ], [ 126.915188921521576, 37.588276254757197 ], [ 126.915113136933471, 37.588290416850583 ], [ 126.915046468659995, 37.588302882712242 ], [ 126.915081013020313, 37.588390754039068 ], [ 126.915239535068878, 37.588381319570786 ] ] ] } },
{ "type": "Feature", "properties": { "ADM_CD": "1138010700", "SGG_CD": "11380", "GU_NM": "은평구", "F_YR": 2025, "F_ZONE_NM": "서울특별시 은평구 응암동 592-87 지하좌측", "F_SHIM": 0.1, "F_AREA": 98.55152301, "F_AVR_HGT": 13.933221435546876, "반복침수연도수": 1, "반복침수여부": false, "침수이력점수": 1, "기본위험등급": "주의" }, "geometry": { "type": "Polygon", "coordinates": [ [ [ 126.91407011234196, 37.588338743437795 ], [ 126.914139550073756, 37.5883399661382 ], [ 126.914178852652441, 37.588308190457958 ], [ 126.914132911734796, 37.588275180410612 ], [ 126.914075668523736, 37.588234863995758 ], [ 126.914034635054065, 37.58827510761725 ], [ 126.914007997510637, 37.588301036237638 ], [ 126.91401761389433, 37.588307440358953 ], [ 126.914021155276075, 37.588309551288631 ], [ 126.91407011234196, 37.588338743437795 ] ] ] } },
{ "type": "Feature", "properties": { "ADM_CD": "1138010700", "SGG_CD": "11380", "GU_NM": "은평구", "F_YR": 2025, "F_ZONE_NM": "서울특별시 은평구 응암동 594-21 지층", "F_SHIM": 0.1, "F_AREA": 163.12881025, "F_AVR_HGT": 14.590073204040529, "반복침수연도수": 1, "반복침수여부": false, "침수이력점수": 1, "기본위험등급": "주의" }, "geometry": { "type": "Polygon", "coordinates": [ [ [ 126.91476966591766, 37.586720009339736 ], [ 126.914867866812898, 37.586686024226161 ], [ 126.914819392270644, 37.586602647507434 ], [ 126.914786397524082, 37.586546311697212 ], [ 126.914686038385526, 37.586586511953925 ], [ 126.914719715320388, 37.586640325535008 ], [ 126.914751358011173, 37.586690984162772 ], [ 126.91476966591766, 37.586720009339736 ] ] ] } },
{ "type": "Feature", "properties": { "ADM_CD": "1138010700", "SGG_CD": "11380", "GU_NM": "은평구", "F_YR": 2025, "F_ZONE_NM": "서울특별시 은평구 응암동 594-23 지하 우", "F_SHIM": 0.1, "F_AREA": 129.65600853000001, "F_AVR_HGT": 14.590073204040529, "반복침수연도수": 1, "반복침수여부": false, "침수이력점수": 1, "기본위험등급": "주의" }, "geometry": { "type": "Polygon", "coordinates": [ [ [ 126.914996536393858, 37.586641069347934 ], [ 126.914924665088236, 37.586523347985825 ], [ 126.914832805031438, 37.586557067508693 ], [ 126.914903884314043, 37.586674247753727 ], [ 126.914996536393858, 37.586641069347934 ] ] ] } },
{ "type": "Feature", "properties": { "ADM_CD": "1138010700", "SGG_CD": "11380", "GU_NM": "은평구", "F_YR": 2025, "F_ZONE_NM": "서울특별시 은평구 응암동 594-69 지층 1호", "F_SHIM": 0.1, "F_AREA": 227.23692048000001, "F_AVR_HGT": 14.590073204040529, "반복침수연도수": 1, "반복침수여부": false, "침수이력점수": 1, "기본위험등급": "주의" }, "geometry": { "type": "Polygon", "coordinates": [ [ [ 126.914512048511796, 37.586659273540135 ], [ 126.914628484588036, 37.586619445660851 ], [ 126.914643209088197, 37.58661432088288 ], [ 126.914638350389225, 37.586605938145098 ], [ 126.914686038385526, 37.586586511953925 ], [ 126.914638809208739, 37.586503406371392 ], [ 126.914624009527273, 37.586475825331902 ], [ 126.914464515182928, 37.586545804464912 ], [ 126.914512048511796, 37.586659273540135 ] ] ] } },
{ "type": "Feature", "properties": { "ADM_CD": "1138010700", "SGG_CD": "11380", "GU_NM": "은평구", "F_YR": 2025, "F_ZONE_NM": "서울특별시 은평구 응암동 594-58 지층우측", "F_SHIM": 0.1, "F_AREA": 153.63457896, "F_AVR_HGT": 14.590073204040529, "반복침수연도수": 1, "반복침수여부": false, "침수이력점수": 1, "기본위험등급": "주의" }, "geometry": { "type": "Polygon", "coordinates": [ [ [ 126.915262821821926, 37.586647210724678 ], [ 126.915359821843708, 37.586574301764841 ], [ 126.915262995329229, 37.586496836427749 ], [ 126.915258606079632, 37.586474038295492 ], [ 126.915255903788662, 37.586461062134248 ], [ 126.915251030786621, 37.586465022907952 ], [ 126.915240377779085, 37.586474024974081 ], [ 126.915174644632373, 37.586531099372188 ], [ 126.915181087729266, 37.586540113936444 ], [ 126.915235317078356, 37.586611178247175 ], [ 126.915262821821926, 37.586647210724678 ] ] ] } },
{ "type": "Feature", "properties": { "ADM_CD": "1138010700", "SGG_CD": "11380", "GU_NM": "은평구", "F_YR": 2025, "F_ZONE_NM": "서울특별시 은평구 응암동 594-22 지하1호", "F_SHIM": 0.1, "F_AREA": 172.65922407, "F_AVR_HGT": 14.590073204040529, "반복침수연도수": 1, "반복침수여부": false, "침수이력점수": 1, "기본위험등급": "주의" }, "geometry": { "type": "Polygon", "coordinates": [ [ [ 126.9150976944332, 37.586595283304447 ], [ 126.915095546909441, 37.586592128284146 ], [ 126.915035407666309, 37.586511265870712 ], [ 126.915030659543362, 37.58650513569286 ], [ 126.915006217710683, 37.586473853597106 ], [ 126.914917552550378, 37.586505836626273 ], [ 126.914915253196412, 37.586506699885149 ], [ 126.914823652860349, 37.586541023251606 ], [ 126.914832805031438, 37.586557067508693 ], [ 126.914924665088236, 37.586523347985825 ], [ 126.914996536393858, 37.586641069347934 ], [ 126.9150976944332, 37.586595283304447 ] ] ] } },
{ "type": "Feature", "properties": { "ADM_CD": "1138010900", "SGG_CD": "11380", "GU_NM": "은평구", "F_YR": 2025, "F_ZONE_NM": "서울특별시 은평구 신사동 29-85 지층B호", "F_SHIM": 0.1, "F_AREA": 206.08037509, "F_AVR_HGT": 26.259132003784181, "반복침수연도수": 1, "반복침수여부": false, "침수이력점수": 1, "기본위험등급": "주의" }, "geometry": { "type": "Polygon", "coordinates": [ [ [ 126.911101296653612, 37.596402027619547 ], [ 126.911244415647559, 37.596409705427654 ], [ 126.911256821031898, 37.596263935762643 ], [ 126.911114043434978, 37.596255086952247 ], [ 126.911101296653612, 37.596402027619547 ] ] ] } },
{ "type": "Feature", "properties": { "ADM_CD": "1138010700", "SGG_CD": "11380", "GU_NM": "은평구", "F_YR": 2025, "F_ZONE_NM": "서울특별시 은평구 응암동 769 상가A동 109호", "F_SHIM": 0.1, "F_AREA": 80657.839131450004, "F_AVR_HGT": 46.445283508300783, "반복침수연도수": 1, "반복침수여부": false, "침수이력점수": 1, "기본위험등급": "주의" }, "geometry": { "type": "Polygon", "coordinates": [ [ [ 126.93346840015441, 37.598238650789334 ], [ 126.933380218148258, 37.598081828789709 ], [ 126.933369474776896, 37.598066325671077 ], [ 126.933355672617935, 37.598052352456989 ], [ 126.93333915088958, 37.598040449932405 ], [ 126.93332047561131, 37.598030798619988 ], [ 126.93330009948275, 37.598023669075381 ], [ 126.933278475202684, 37.598019331854545 ], [ 126.933256972810625, 37.598017922896609 ], [ 126.932697832168486, 37.598017598204883 ], [ 126.932638972704964, 37.598016455661515 ], [ 126.932580081325355, 37.598013087640915 ], [ 126.932537587069476, 37.598009260663531 ], [ 126.932491606640085, 37.598003791842174 ], [ 126.932446352123733, 37.597997035021251 ], [ 126.932394770131566, 37.597987625586065 ], [ 126.932348069314457, 37.597977507211958 ], [ 126.932306453055517, 37.597967157545298 ], [ 126.931619218932369, 37.597785708934708 ], [ 126.931589025797578, 37.597778185857543 ], [ 126.931557020472937, 37.597771103180463 ], [ 126.931527810802422, 37.597765400657295 ], [ 126.93149982322835, 37.597760617855052 ], [ 126.931473578670662, 37.597756719044462 ], [ 126.931446733498206, 37.597753315412383 ], [ 126.930508106738458, 37.597644474249265 ], [ 126.930504710088471, 37.59764401270413 ], [ 126.930498007283418, 37.597643188776203 ], [ 126.93049382929506, 37.597642735770457 ], [ 126.930487126318951, 37.597642092038512 ], [ 126.930480377945656, 37.597641556396887 ], [ 126.930474716477377, 37.597641192595979 ], [ 126.930465182390535, 37.5976407633948 ], [ 126.930450892202785, 37.597640520535805 ], [ 126.930433125054748, 37.597640915279428 ], [ 126.930417791953673, 37.597641870096481 ], [ 126.930405244214612, 37.597643087874893 ], [ 126.930396852424536, 37.597644118949731 ], [ 126.930385980220606, 37.597645716148818 ], [ 126.930369229657757, 37.597648778406793 ], [ 126.930352127263163, 37.597652678364945 ], [ 126.930338920511034, 37.597656247306048 ], [ 126.930323697036542, 37.597660986307858 ], [ 126.930309922821039, 37.597665897368913 ], [ 126.930295162452083, 37.597671852974202 ], [ 126.930276730760269, 37.597680392184508 ], [ 126.930261934636462, 37.597688212799987 ], [ 126.93024801001657, 37.59769646641189 ], [ 126.93023095703721, 37.597707898604675 ], [ 126.930216508875191, 37.597718926925964 ], [ 126.930207045997435, 37.597726930952788 ], [ 126.930195111563648, 37.597738077917953 ], [ 126.930183119106175, 37.597750693449946 ], [ 126.930169571615338, 37.597767173260088 ], [ 126.930155249739698, 37.597788229596716 ], [ 126.93014044510231, 37.597816781822488 ], [ 126.930134871669424, 37.597830932903022 ], [ 126.930132180691089, 37.59783854458626 ], [ 126.930109483562845, 37.597902518705872 ], [ 126.930002702076663, 37.598091092969057 ], [ 126.929947268440486, 37.598249109888236 ], [ 126.929913100542663, 37.598348062196351 ], [ 126.929864107575327, 37.598496532552311 ], [ 126.929918801489166, 37.598508179419234 ], [ 126.929904026361683, 37.598552958340811 ], [ 126.92985089413456, 37.598683992146007 ], [ 126.929776837242798, 37.598824824916612 ], [ 126.929773641528826, 37.599122165496205 ], [ 126.929773778660476, 37.599132662035217 ], [ 126.929774436706538, 37.599143140871149 ], [ 126.929775413170077, 37.599152214366654 ], [ 126.929776808495291, 37.599161414254368 ], [ 126.929778679111251, 37.599170938784944 ], [ 126.929780799553171, 37.599179733670859 ], [ 126.929783688815505, 37.599189781390749 ], [ 126.929796468218285, 37.599230630730098 ], [ 126.929815826387113, 37.599319119051081 ], [ 126.929879757203253, 37.599370351741356 ], [ 126.930105305096745, 37.59941915953862 ], [ 126.930488357862799, 37.599479477253155 ], [ 126.930659385859329, 37.599524043576878 ], [ 126.930719881380256, 37.599544595268341 ], [ 126.930766497033034, 37.59956174190264 ], [ 126.930794649276933, 37.599572669681997 ], [ 126.9308290607907, 37.599586628507254 ], [ 126.930881616356729, 37.59960927465108 ], [ 126.930920712261781, 37.599627200579178 ], [ 126.9309499487225, 37.599641228352283 ], [ 126.930971499395142, 37.599651917886511 ], [ 126.931005069870324, 37.599669200785797 ], [ 126.931037089058805, 37.599686401660634 ], [ 126.931057235104944, 37.599697603900843 ], [ 126.931074721196111, 37.599707570203037 ], [ 126.931103388871179, 37.599724408666198 ], [ 126.93111962948575, 37.59973422105152 ], [ 126.931138042807532, 37.599745620460652 ], [ 126.931161005348073, 37.599760221069261 ], [ 126.931177471574728, 37.599770970603615 ], [ 126.931201576382549, 37.599787130585987 ], [ 126.931219230287809, 37.599799313385361 ], [ 126.931241489682563, 37.599815075827699 ], [ 126.93125716264619, 37.599826473586454 ], [ 126.931271443513594, 37.59983707764939 ], [ 126.931286901034866, 37.599848790620037 ], [ 126.931307529554587, 37.599864822374371 ], [ 126.931327150572187, 37.599880511152271 ], [ 126.931340785469331, 37.599891673432118 ], [ 126.931358742478707, 37.59990672151725 ], [ 126.931375397924199, 37.599921039029716 ], [ 126.931388817080105, 37.599932840873819 ], [ 126.931405879236323, 37.599948185744438 ], [ 126.931420768701145, 37.599961925572138 ], [ 126.931437343635395, 37.59997759450269 ], [ 126.931466125382414, 37.600005821372314 ], [ 126.931478151337998, 37.600018027821662 ], [ 126.931489091039481, 37.600029332642059 ], [ 126.931500720604021, 37.600041601922683 ], [ 126.931510528622724, 37.600052149243844 ], [ 126.931523831967169, 37.600066744051553 ], [ 126.931532225573761, 37.600076137273611 ], [ 126.931542327139269, 37.600087630798463 ], [ 126.931556896548045, 37.600104613958365 ], [ 126.931566522521777, 37.600116098189346 ], [ 126.931580435141157, 37.600133089966846 ], [ 126.931596869545658, 37.600153795287255 ], [ 126.931606822612849, 37.600166685242378 ], [ 126.931614852726497, 37.600177303580203 ], [ 126.931625099356054, 37.600191121720279 ], [ 126.931635447467301, 37.600205408430753 ], [ 126.931649029565776, 37.600224706521097 ], [ 126.93165706996264, 37.600236451090971 ], [ 126.93166823118348, 37.600253125885089 ], [ 126.931777026817315, 37.600428963021379 ], [ 126.931788988187009, 37.600474100333201 ], [ 126.931800441039186, 37.60053024735673 ], [ 126.931831937086628, 37.600683991693252 ], [ 126.931846330816171, 37.600719552983264 ], [ 126.931851887465143, 37.600747576837001 ], [ 126.93186260638069, 37.600801534029856 ], [ 126.932378944213696, 37.600748436354507 ], [ 126.932371617430476, 37.60069958976932 ], [ 126.93245098628482, 37.600468678230861 ], [ 126.932509679510275, 37.600357639361178 ], [ 126.932514410036489, 37.600348542197146 ], [ 126.932524883441658, 37.600325456121801 ], [ 126.93255680987275, 37.600259802117911 ], [ 126.932598187081837, 37.600174710406755 ], [ 126.932686261096777, 37.600117756596816 ], [ 126.932847743730093, 37.600164494558257 ], [ 126.932849724967198, 37.600165000261498 ], [ 126.932872616732737, 37.600170860958301 ], [ 126.932964498315599, 37.600197123961095 ], [ 126.932982895013254, 37.600202387376676 ], [ 126.933121138368492, 37.600239759261825 ], [ 126.933253664161398, 37.60027610956719 ], [ 126.933318614284275, 37.600293445991149 ], [ 126.933369172478535, 37.600272563374723 ], [ 126.933726790392384, 37.599405708108932 ], [ 126.933859173983777, 37.599222623173134 ], [ 126.933877408788703, 37.599193874236761 ], [ 126.93388507960303, 37.599176327477224 ], [ 126.933891135930295, 37.599153445970806 ], [ 126.933893032870714, 37.599134463338764 ], [ 126.933891111458806, 37.599105414535032 ], [ 126.933861682149896, 37.598916299282699 ], [ 126.933826894045836, 37.598692763377827 ], [ 126.933819280932951, 37.598659161340166 ], [ 126.933808102398203, 37.598623836378195 ], [ 126.933793412853205, 37.598589230187201 ], [ 126.933775211975714, 37.598555703158993 ], [ 126.933753612762075, 37.598523525651963 ], [ 126.93372884160884, 37.598492787892589 ], [ 126.933701011510621, 37.598463760238857 ], [ 126.933612423782165, 37.598378746566866 ], [ 126.933569340583674, 37.598337393661289 ], [ 126.933544427478793, 37.598313476225407 ], [ 126.93346840015441, 37.598238650789334 ] ], [ [ 126.932192220499672, 37.599357785415307 ], [ 126.93208916184706, 37.599357724838043 ], [ 126.932016346593997, 37.599299703708219 ], [ 126.932016422865715, 37.59921770526222 ], [ 126.932089345783837, 37.599159769903459 ], [ 126.932192404163416, 37.599159830480268 ], [ 126.932265219417175, 37.599217851502864 ], [ 126.932265143418505, 37.599299849949297 ], [ 126.932192220499672, 37.599357785415307 ] ] ] } },
{ "type": "Feature", "properties": { "ADM_CD": "1138010800", "SGG_CD": "11380", "GU_NM": "은평구", "F_YR": 2025, "F_ZONE_NM": "서울특별시 은평구 역촌동 66-36", "F_SHIM": 0.1, "F_AREA": 170.14448635, "F_AVR_HGT": 18.497182464599611, "반복침수연도수": 1, "반복침수여부": false, "침수이력점수": 1, "기본위험등급": "주의" }, "geometry": { "type": "Polygon", "coordinates": [ [ [ 126.913741512652336, 37.602438355385544 ], [ 126.913886563656902, 37.602450266044073 ], [ 126.913901198186565, 37.602331437287908 ], [ 126.913756146669428, 37.602320157334795 ], [ 126.913741512652336, 37.602438355385544 ] ] ] } },
{ "type": "Feature", "properties": { "ADM_CD": "1138010800", "SGG_CD": "11380", "GU_NM": "은평구", "F_YR": 2025, "F_ZONE_NM": "서울특별시 은평구 역촌동 42-24 B02호", "F_SHIM": 0.1, "F_AREA": 135.41514042, "F_AVR_HGT": 18.146987533569337, "반복침수연도수": 1, "반복침수여부": false, "침수이력점수": 1, "기본위험등급": "주의" }, "geometry": { "type": "Polygon", "coordinates": [ [ [ 126.918822421243135, 37.60130336258193 ], [ 126.918948223452475, 37.601311919896709 ], [ 126.918961366615264, 37.601203000254692 ], [ 126.918835904611598, 37.601194172897351 ], [ 126.918822421243135, 37.60130336258193 ] ] ] } },
{ "type": "Feature", "properties": { "ADM_CD": "1138010900", "SGG_CD": "11380", "GU_NM": "은평구", "F_YR": 2025, "F_ZONE_NM": "서울특별시 은평구 신사동 20-30 지하", "F_SHIM": 0.1, "F_AREA": 151.55110472000001, "F_AVR_HGT": 23.95489845275879, "반복침수연도수": 1, "반복침수여부": false, "침수이력점수": 1, "기본위험등급": "주의" }, "geometry": { "type": "Polygon", "coordinates": [ [ [ 126.91054114554953, 37.598339252255172 ], [ 126.910688912892155, 37.598345312549149 ], [ 126.910691634091492, 37.598249269820201 ], [ 126.910538221101049, 37.598230050821343 ], [ 126.910539296538062, 37.598276812685377 ], [ 126.91054114554953, 37.598339252255172 ] ] ] } },
{ "type": "Feature", "properties": { "ADM_CD": "1138010900", "SGG_CD": "11380", "GU_NM": "은평구", "F_YR": 2025, "F_ZONE_NM": "서울특별시 은평구 신사동 14-31 지상 1층", "F_SHIM": 0.1, "F_AREA": 338.76943891000002, "F_AVR_HGT": 28.89906463623047, "반복침수연도수": 1, "반복침수여부": false, "침수이력점수": 1, "기본위험등급": "주의" }, "geometry": { "type": "Polygon", "coordinates": [ [ [ 126.907963975776369, 37.600239753719976 ], [ 126.908035886052119, 37.600237558238859 ], [ 126.908031943331935, 37.600130518333103 ], [ 126.908030541331613, 37.600074476077943 ], [ 126.907926469291468, 37.600078087630571 ], [ 126.907818206011186, 37.600082776943907 ], [ 126.907822420353384, 37.600243876053995 ], [ 126.907963975776369, 37.600239753719976 ] ] ] } },
{ "type": "Feature", "properties": { "ADM_CD": "1138010800", "SGG_CD": "11380", "GU_NM": "은평구", "F_YR": 2025, "F_ZONE_NM": "서울특별시 은평구 역촌동 83-35 b01", "F_SHIM": 0.1, "F_AREA": 130.3454635, "F_AVR_HGT": 17.808446502685548, "반복침수연도수": 1, "반복침수여부": false, "침수이력점수": 1, "기본위험등급": "주의" }, "geometry": { "type": "Polygon", "coordinates": [ [ [ 126.915600765734695, 37.601041758501658 ], [ 126.91561048893729, 37.600956802887318 ], [ 126.915456493565131, 37.600945698708891 ], [ 126.915449748090467, 37.601001464634713 ], [ 126.915446542357017, 37.601031825422197 ], [ 126.915600765734695, 37.601041758501658 ] ] ] } },
{ "type": "Feature", "properties": { "ADM_CD": "1138010900", "SGG_CD": "11380", "GU_NM": "은평구", "F_YR": 2025, "F_ZONE_NM": "서울특별시 은평구 신사동 14-2 지하 나호", "F_SHIM": 0.1, "F_AREA": 144.79667372, "F_AVR_HGT": 23.96366653442383, "반복침수연도수": 1, "반복침수여부": false, "침수이력점수": 1, "기본위험등급": "주의" }, "geometry": { "type": "Polygon", "coordinates": [ [ [ 126.909395540001569, 37.600162854610808 ], [ 126.909523052987907, 37.600159079839017 ], [ 126.909518665609838, 37.600043570393041 ], [ 126.909391267282189, 37.600046354168391 ], [ 126.909391829704148, 37.600049417949762 ], [ 126.909395540001569, 37.600162854610808 ] ] ] } },
{ "type": "Feature", "properties": { "ADM_CD": "1138010800", "SGG_CD": "11380", "GU_NM": "은평구", "F_YR": 2025, "F_ZONE_NM": "서울특별시 은평구 역촌동 84-8 b02호", "F_SHIM": 0.1, "F_AREA": 148.87558508000001, "F_AVR_HGT": 17.928929901123048, "반복침수연도수": 1, "반복침수여부": false, "침수이력점수": 1, "기본위험등급": "주의" }, "geometry": { "type": "Polygon", "coordinates": [ [ [ 126.9148437730138, 37.600921554497212 ], [ 126.914847773660796, 37.600889482441815 ], [ 126.914860807602778, 37.600782184940755 ], [ 126.914751990912194, 37.60077534762474 ], [ 126.914737816555856, 37.600889401647535 ], [ 126.91473518522038, 37.600912464876508 ], [ 126.914757151698211, 37.60091446318819 ], [ 126.9148437730138, 37.600921554497212 ] ] ] } },
{ "type": "Feature", "properties": { "ADM_CD": "1138010900", "SGG_CD": "11380", "GU_NM": "은평구", "F_YR": 2025, "F_ZONE_NM": "서울특별시 은평구 신사동 22-35 103호", "F_SHIM": 0.1, "F_AREA": 287.05753025000001, "F_AVR_HGT": 17.303746795654298, "반복침수연도수": 1, "반복침수여부": false, "침수이력점수": 1, "기본위험등급": "주의" }, "geometry": { "type": "Polygon", "coordinates": [ [ [ 126.914020543846107, 37.597894184191553 ], [ 126.91418114740091, 37.597865111275269 ], [ 126.914150932430971, 37.597751835297281 ], [ 126.914330904081964, 37.597718451790371 ], [ 126.914323802051129, 37.597691146745753 ], [ 126.914143833096517, 37.597722277785365 ], [ 126.913983910413435, 37.597750360074919 ], [ 126.913996875607211, 37.597799022794646 ], [ 126.914020543846107, 37.597894184191553 ] ] ] } },
{ "type": "Feature", "properties": { "ADM_CD": "1138010900", "SGG_CD": "11380", "GU_NM": "은평구", "F_YR": 2025, "F_ZONE_NM": "서울특별시 은평구 신사동 29-8   101호", "F_SHIM": 0.1, "F_AREA": 208.03867901000001, "F_AVR_HGT": 21.470677947998048, "반복침수연도수": 1, "반복침수여부": false, "침수이력점수": 1, "기본위험등급": "주의" }, "geometry": { "type": "Polygon", "coordinates": [ [ [ 126.911552910859896, 37.597783400243067 ], [ 126.911616420859644, 37.597796422794914 ], [ 126.911657097310368, 37.597681848678597 ], [ 126.911699595267933, 37.597559076982684 ], [ 126.911664386876552, 37.597552382907644 ], [ 126.911618247095689, 37.597690288338868 ], [ 126.911500740115713, 37.597663439572976 ], [ 126.911466987466497, 37.597764233871992 ], [ 126.911552910859896, 37.597783400243067 ] ] ] } },
{ "type": "Feature", "properties": { "ADM_CD": "1138010800", "SGG_CD": "11380", "GU_NM": "은평구", "F_YR": 2025, "F_ZONE_NM": "서울특별시 은평구 역촌동 34-47 한양빌라 지층 101호", "F_SHIM": 0.1, "F_AREA": 181.79880641, "F_AVR_HGT": 18.168145751953126, "반복침수연도수": 1, "반복침수여부": false, "침수이력점수": 1, "기본위험등급": "주의" }, "geometry": { "type": "Polygon", "coordinates": [ [ [ 126.918147013781208, 37.60315981292468 ], [ 126.918162447254588, 37.603029451637568 ], [ 126.918021583567878, 37.60301836008081 ], [ 126.918021464684671, 37.603023405499542 ], [ 126.918005470383875, 37.603148720868724 ], [ 126.918147013781208, 37.60315981292468 ] ] ] } },
{ "type": "Feature", "properties": { "ADM_CD": "1138010800", "SGG_CD": "11380", "GU_NM": "은평구", "F_YR": 2025, "F_ZONE_NM": "서울특별시 은평구 역촌동 65-10 B01", "F_SHIM": 0.1, "F_AREA": 288.06927502999997, "F_AVR_HGT": 18.482789611816408, "반복침수연도수": 1, "반복침수여부": false, "침수이력점수": 1, "기본위험등급": "주의" }, "geometry": { "type": "Polygon", "coordinates": [ [ [ 126.914601690844734, 37.603136712939239 ], [ 126.91461347555385, 37.603033108615882 ], [ 126.914625822259353, 37.60293310863382 ], [ 126.914482694404143, 37.602922011186813 ], [ 126.914470796602174, 37.603025345120763 ], [ 126.914459013901279, 37.603127057367914 ], [ 126.914601690844734, 37.603136712939239 ] ] ] } },
{ "type": "Feature", "properties": { "ADM_CD": "1138010800", "SGG_CD": "11380", "GU_NM": "은평구", "F_YR": 2025, "F_ZONE_NM": "서울특별시 은평구 역촌동 65-22 지층", "F_SHIM": 0.1, "F_AREA": 109.35957893, "F_AVR_HGT": 18.689223861694337, "반복침수연도수": 1, "반복침수여부": false, "침수이력점수": 1, "기본위험등급": "주의" }, "geometry": { "type": "Polygon", "coordinates": [ [ [ 126.913785258832576, 37.603084302382833 ], [ 126.913794543029667, 37.602989435813704 ], [ 126.913677682245833, 37.602983132118652 ], [ 126.913667266410599, 37.603077186951964 ], [ 126.913785258832576, 37.603084302382833 ] ] ] } },
{ "type": "Feature", "properties": { "ADM_CD": "1138010800", "SGG_CD": "11380", "GU_NM": "은평구", "F_YR": 2025, "F_ZONE_NM": "서울특별시 은평구 역촌동 83-7 지층2호", "F_SHIM": 0.1, "F_AREA": 128.94948577, "F_AVR_HGT": 18.171296691894533, "반복침수연도수": 1, "반복침수여부": false, "침수이력점수": 1, "기본위험등급": "주의" }, "geometry": { "type": "Polygon", "coordinates": [ [ [ 126.915294761381219, 37.602241824700201 ], [ 126.915304574940876, 37.60217714130691 ], [ 126.915307323963376, 37.602150113831961 ], [ 126.915189898146608, 37.602143811221161 ], [ 126.915162609187306, 37.602141538801298 ], [ 126.915149144962584, 37.60222937476852 ], [ 126.915170659178614, 37.602231102377246 ], [ 126.915294761381219, 37.602241824700201 ] ] ] } },
{ "type": "Feature", "properties": { "ADM_CD": "1138010800", "SGG_CD": "11380", "GU_NM": "은평구", "F_YR": 2025, "F_ZONE_NM": "서울특별시 은평구 역촌동 83-6 지층 좌쪽", "F_SHIM": 0.1, "F_AREA": 142.27690195, "F_AVR_HGT": 18.171296691894533, "반복침수연도수": 1, "반복침수여부": false, "침수이력점수": 1, "기본위험등급": "주의" }, "geometry": { "type": "Polygon", "coordinates": [ [ [ 126.915149144962584, 37.60222937476852 ], [ 126.915162609187306, 37.602141538801298 ], [ 126.914996497051163, 37.602128172700866 ], [ 126.914986206049448, 37.602213758518857 ], [ 126.915030027584763, 37.602216853979883 ], [ 126.915029684622155, 37.60221964677509 ], [ 126.915149144962584, 37.60222937476852 ] ] ] } },
{ "type": "Feature", "properties": { "ADM_CD": "1138010800", "SGG_CD": "11380", "GU_NM": "은평구", "F_YR": 2025, "F_ZONE_NM": "서울특별시 은평구 역촌동 83-10 지층", "F_SHIM": 0.1, "F_AREA": 132.82296745, "F_AVR_HGT": 18.171296691894533, "반복침수연도수": 1, "반복침수여부": false, "침수이력점수": 1, "기본위험등급": "주의" }, "geometry": { "type": "Polygon", "coordinates": [ [ [ 126.915307323963376, 37.602150113831961 ], [ 126.915314512225905, 37.602103358076434 ], [ 126.915320908091147, 37.60205633144659 ], [ 126.915187178988859, 37.602046953583972 ], [ 126.915178006942554, 37.602046406285083 ], [ 126.915165004576806, 37.602126584239905 ], [ 126.915190127547575, 37.602141288637206 ], [ 126.915189898146608, 37.602143811221161 ], [ 126.915307323963376, 37.602150113831961 ] ] ] } },
{ "type": "Feature", "properties": { "ADM_CD": "1138010800", "SGG_CD": "11380", "GU_NM": "은평구", "F_YR": 2025, "F_ZONE_NM": "서울특별시 은평구 역촌동 83-12 지층102호", "F_SHIM": 0.1, "F_AREA": 130.1201145, "F_AVR_HGT": 18.171296691894533, "반복침수연도수": 1, "반복침수여부": false, "침수이력점수": 1, "기본위험등급": "주의" }, "geometry": { "type": "Polygon", "coordinates": [ [ [ 126.915165004576806, 37.602126584239905 ], [ 126.915178006942554, 37.602046406285083 ], [ 126.915009061023241, 37.602035560881006 ], [ 126.914998441066658, 37.602111866337786 ], [ 126.915165004576806, 37.602126584239905 ] ] ] } },
{ "type": "Feature", "properties": { "ADM_CD": "1138010800", "SGG_CD": "11380", "GU_NM": "은평구", "F_YR": 2025, "F_ZONE_NM": "서울특별시 은평구 역촌동 81-59 B02", "F_SHIM": 0.1, "F_AREA": 287.08647242000001, "F_AVR_HGT": 19.47089347839356, "반복침수연도수": 1, "반복침수여부": false, "침수이력점수": 1, "기본위험등급": "주의" }, "geometry": { "type": "Polygon", "coordinates": [ [ [ 126.913133682794466, 37.602099222368658 ], [ 126.913149107847147, 37.601983187337808 ], [ 126.913024308041273, 37.601988409630899 ], [ 126.913003583229141, 37.601989565367845 ], [ 126.912999393033573, 37.601989742421871 ], [ 126.912884898512146, 37.601994792099312 ], [ 126.912887662032091, 37.602051736285716 ], [ 126.912891103517481, 37.602109942356414 ], [ 126.913024170909821, 37.602104185813836 ], [ 126.913133682794466, 37.602099222368658 ] ] ] } },
{ "type": "Feature", "properties": { "ADM_CD": "1138010800", "SGG_CD": "11380", "GU_NM": "은평구", "F_YR": 2025, "F_ZONE_NM": "서울특별시 은평구 역촌동 83-14 지층 101호", "F_SHIM": 0.1, "F_AREA": 138.70671264000001, "F_AVR_HGT": 18.171296691894533, "반복침수연도수": 1, "반복침수여부": false, "침수이력점수": 1, "기본위험등급": "주의" }, "geometry": { "type": "Polygon", "coordinates": [ [ [ 126.915197912298382, 37.601970377897317 ], [ 126.915207854552733, 37.601892360057704 ], [ 126.915027927678281, 37.601878713603263 ], [ 126.915018438208804, 37.601956731759643 ], [ 126.915197912298382, 37.601970377897317 ] ] ] } },
{ "type": "Feature", "properties": { "ADM_CD": "1138010800", "SGG_CD": "11380", "GU_NM": "은평구", "F_YR": 2025, "F_ZONE_NM": "서울특별시 은평구 역촌동 63-34 지층1호", "F_SHIM": 0.1, "F_AREA": 214.52368832, "F_AVR_HGT": 18.482789611816408, "반복침수연도수": 1, "반복침수여부": false, "침수이력점수": 1, "기본위험등급": "주의" }, "geometry": { "type": "Polygon", "coordinates": [ [ [ 126.915240798503959, 37.602685248960128 ], [ 126.915248116645955, 37.602624167683096 ], [ 126.915253957719244, 37.602567319944129 ], [ 126.915117283793492, 37.602557579457226 ], [ 126.915134419098138, 37.602428931668257 ], [ 126.91510316714178, 37.602426115744493 ], [ 126.915088748901255, 37.602555396206519 ], [ 126.915099493080405, 37.602567477242054 ], [ 126.915086352174754, 37.602669368762321 ], [ 126.915099261029468, 37.602670189099243 ], [ 126.915240798503959, 37.602685248960128 ] ] ] } },
{ "type": "Feature", "properties": { "ADM_CD": "1138010800", "SGG_CD": "11380", "GU_NM": "은평구", "F_YR": 2025, "F_ZONE_NM": "서울특별시 은평구 역촌동 78-14 지하1층", "F_SHIM": 0.1, "F_AREA": 125.30192953, "F_AVR_HGT": 25.381734466552736, "반복침수연도수": 1, "반복침수여부": false, "침수이력점수": 1, "기본위험등급": "주의" }, "geometry": { "type": "Polygon", "coordinates": [ [ [ 126.909839438640233, 37.602656670264153 ], [ 126.909845463307747, 37.602656593855301 ], [ 126.909840912988116, 37.602562608819568 ], [ 126.909704563798044, 37.60256565627143 ], [ 126.909710110391799, 37.602659723175634 ], [ 126.909839438640233, 37.602656670264153 ] ] ] } },
{ "type": "Feature", "properties": { "ADM_CD": "1138010800", "SGG_CD": "11380", "GU_NM": "은평구", "F_YR": 2025, "F_ZONE_NM": "서울특별시 은평구 역촌동 42-21 b02호", "F_SHIM": 0.1, "F_AREA": 134.58275082, "F_AVR_HGT": 18.146987533569337, "반복침수연도수": 1, "반복침수여부": false, "침수이력점수": 1, "기본위험등급": "주의" }, "geometry": { "type": "Polygon", "coordinates": [ [ [ 126.919045476561422, 37.601536693028443 ], [ 126.919058619622618, 37.601427773379655 ], [ 126.918933384311231, 37.601418405694687 ], [ 126.918920015481461, 37.601526514287016 ], [ 126.919045476561422, 37.601536693028443 ] ] ] } },
{ "type": "Feature", "properties": { "ADM_CD": "1138010900", "SGG_CD": "11380", "GU_NM": "은평구", "F_YR": 2025, "F_ZONE_NM": "서울특별시 은평구 신사동 13-30 지층", "F_SHIM": 0.1, "F_AREA": 119.62845299, "F_AVR_HGT": 26.57886466979981, "반복침수연도수": 1, "반복침수여부": false, "침수이력점수": 1, "기본위험등급": "주의" }, "geometry": { "type": "Polygon", "coordinates": [ [ [ 126.908429299386029, 37.600914786685827 ], [ 126.90859834018093, 37.600910270814389 ], [ 126.908596979081835, 37.600884726877176 ], [ 126.908596315770907, 37.600871752200959 ], [ 126.908593640006359, 37.600837963234767 ], [ 126.908425810896389, 37.600842606192906 ], [ 126.908427796923661, 37.600884593563379 ], [ 126.908429299386029, 37.600914786685827 ] ] ] } },
{ "type": "Feature", "properties": { "ADM_CD": "1138010900", "SGG_CD": "11380", "GU_NM": "은평구", "F_YR": 2025, "F_ZONE_NM": "서울특별시 은평구 신사동 338-12 지층1호", "F_SHIM": 0.1, "F_AREA": 116.32381082000001, "F_AVR_HGT": 14.748054122924804, "반복침수연도수": 1, "반복침수여부": false, "침수이력점수": 1, "기본위험등급": "주의" }, "geometry": { "type": "Polygon", "coordinates": [ [ [ 126.912641417732175, 37.58991043538024 ], [ 126.91268785303609, 37.589899298124116 ], [ 126.912760222603069, 37.589883224937587 ], [ 126.912743340598837, 37.589797618701247 ], [ 126.912600303494372, 37.589826793042512 ], [ 126.912641417732175, 37.58991043538024 ] ] ] } },
{ "type": "Feature", "properties": { "ADM_CD": "1138011000", "SGG_CD": "11380", "GU_NM": "은평구", "F_YR": 2025, "F_ZONE_NM": "서울특별시 은평구 증산동 189-33 지층", "F_SHIM": 0.1, "F_AREA": 117.77937809, "F_AVR_HGT": 14.976613616943361, "반복침수연도수": 1, "반복침수여부": false, "침수이력점수": 1, "기본위험등급": "주의" }, "geometry": { "type": "Polygon", "coordinates": [ [ [ 126.90750586230412, 37.584982303764022 ], [ 126.907470892553306, 37.584880915055642 ], [ 126.907360868179666, 37.584899018243348 ], [ 126.907366001640767, 37.584913239886909 ], [ 126.907370884651058, 37.584991485350045 ], [ 126.90750586230412, 37.584982303764022 ] ] ] } },
{ "type": "Feature", "properties": { "ADM_CD": "1138011000", "SGG_CD": "11380", "GU_NM": "은평구", "F_YR": 2025, "F_ZONE_NM": "서울특별시 은평구 증산동 189-32 지하 1호", "F_SHIM": 0.1, "F_AREA": 148.87451756, "F_AVR_HGT": 14.976613616943361, "반복침수연도수": 1, "반복침수여부": false, "침수이력점수": 1, "기본위험등급": "주의" }, "geometry": { "type": "Polygon", "coordinates": [ [ [ 126.907470892553306, 37.584880915055642 ], [ 126.907519477296432, 37.584869240942936 ], [ 126.907462158644748, 37.584776808246396 ], [ 126.907383829582429, 37.584790323660222 ], [ 126.907332282519391, 37.58479887794438 ], [ 126.907334075184707, 37.584804816868335 ], [ 126.907360811809525, 37.58489882899147 ], [ 126.907360868179666, 37.584899018243348 ], [ 126.907470892553306, 37.584880915055642 ] ] ] } },
{ "type": "Feature", "properties": { "ADM_CD": "1138010900", "SGG_CD": "11380", "GU_NM": "은평구", "F_YR": 2025, "F_ZONE_NM": "서울특별시 은평구 신사동 341-20 지하 1호", "F_SHIM": 0.1, "F_AREA": 125.63804748, "F_AVR_HGT": 17.670226669311525, "반복침수연도수": 1, "반복침수여부": false, "침수이력점수": 1, "기본위험등급": "주의" }, "geometry": { "type": "Polygon", "coordinates": [ [ [ 126.91149488350527, 37.589740992327897 ], [ 126.911602754550913, 37.589673230400727 ], [ 126.91152958913608, 37.589597942426316 ], [ 126.911424772142496, 37.589668229375533 ], [ 126.91149488350527, 37.589740992327897 ] ] ] } },
{ "type": "Feature", "properties": { "ADM_CD": "1138010900", "SGG_CD": "11380", "GU_NM": "은평구", "F_YR": 2025, "F_ZONE_NM": "서울특별시 은평구 신사동 340-35 지층1호", "F_SHIM": 0.1, "F_AREA": 159.28815491, "F_AVR_HGT": 21.5173755645752, "반복침수연도수": 1, "반복침수여부": false, "침수이력점수": 1, "기본위험등급": "주의" }, "geometry": { "type": "Polygon", "coordinates": [ [ [ 126.911231880788534, 37.589726645999399 ], [ 126.911319246208919, 37.589669049772098 ], [ 126.911222349219088, 37.589556352607019 ], [ 126.911190626489443, 37.589572906454571 ], [ 126.91112525334735, 37.589608355207936 ], [ 126.911231880788534, 37.589726645999399 ] ] ] } },
{ "type": "Feature", "properties": { "ADM_CD": "1138011000", "SGG_CD": "11380", "GU_NM": "은평구", "F_YR": 2025, "F_ZONE_NM": "서울특별시 은평구 증산동 169-20 101호", "F_SHIM": 0.1, "F_AREA": 143.48279912000001, "F_AVR_HGT": 13.525475120544431, "반복침수연도수": 1, "반복침수여부": false, "침수이력점수": 1, "기본위험등급": "주의" }, "geometry": { "type": "Polygon", "coordinates": [ [ [ 126.909068875485104, 37.584299960558624 ], [ 126.909193856261027, 37.584216176623322 ], [ 126.909120236610931, 37.584148274815576 ], [ 126.908995709510194, 37.584231428339685 ], [ 126.909068875485104, 37.584299960558624 ] ] ] } },
{ "type": "Feature", "properties": { "ADM_CD": "1138010900", "SGG_CD": "11380", "GU_NM": "은평구", "F_YR": 2025, "F_ZONE_NM": "서울특별시 은평구 신사동 338-28 지층 우측", "F_SHIM": 0.1, "F_AREA": 121.60700488000001, "F_AVR_HGT": 14.498097991943361, "반복침수연도수": 1, "반복침수여부": false, "침수이력점수": 1, "기본위험등급": "주의" }, "geometry": { "type": "Polygon", "coordinates": [ [ [ 126.912431531533755, 37.589503482589194 ], [ 126.912468548841076, 37.589604330706898 ], [ 126.912580211817101, 37.5895841427363 ], [ 126.912548405666868, 37.589480775823866 ], [ 126.912431531533755, 37.589503482589194 ] ] ] } },
{ "type": "Feature", "properties": { "ADM_CD": "1138010900", "SGG_CD": "11380", "GU_NM": "은평구", "F_YR": 2025, "F_ZONE_NM": "서울특별시 은평구 신사동 338-33 지층 우측", "F_SHIM": 0.1, "F_AREA": 153.68982938, "F_AVR_HGT": 15.602876281738279, "반복침수연도수": 1, "반복침수여부": false, "침수이력점수": 1, "기본위험등급": "주의" }, "geometry": { "type": "Polygon", "coordinates": [ [ [ 126.912355556995465, 37.589409632719139 ], [ 126.912316949753517, 37.589313017989497 ], [ 126.912161584426173, 37.589331821161004 ], [ 126.912205058482172, 37.589429791100521 ], [ 126.912355556995465, 37.589409632719139 ] ] ] } },
{ "type": "Feature", "properties": { "ADM_CD": "1138011000", "SGG_CD": "11380", "GU_NM": "은평구", "F_YR": 2025, "F_ZONE_NM": "서울특별시 은평구 증산동 171-17 1층", "F_SHIM": 0.1, "F_AREA": 164.11228612, "F_AVR_HGT": 13.525475120544431, "반복침수연도수": 1, "반복침수여부": false, "침수이력점수": 1, "기본위험등급": "주의" }, "geometry": { "type": "Polygon", "coordinates": [ [ [ 126.908511045255253, 37.584038777174726 ], [ 126.908624692585121, 37.583964715552128 ], [ 126.90853151221242, 37.583876886200358 ], [ 126.908419448257021, 37.583952300461412 ], [ 126.908511045255253, 37.584038777174726 ] ] ] } },
{ "type": "Feature", "properties": { "ADM_CD": "1138011000", "SGG_CD": "11380", "GU_NM": "은평구", "F_YR": 2025, "F_ZONE_NM": "서울특별시 은평구 증산동 172-40 지층", "F_SHIM": 0.1, "F_AREA": 168.8225278, "F_AVR_HGT": 13.18127212524414, "반복침수연도수": 1, "반복침수여부": false, "침수이력점수": 1, "기본위험등급": "주의" }, "geometry": { "type": "Polygon", "coordinates": [ [ [ 126.907912383129172, 37.583885343674702 ], [ 126.907821187025263, 37.583795866531425 ], [ 126.907709915096547, 37.583871190649745 ], [ 126.907794506373335, 37.583964113408619 ], [ 126.907912383129172, 37.583885343674702 ] ] ] } },
{ "type": "Feature", "properties": { "ADM_CD": "1138011000", "SGG_CD": "11380", "GU_NM": "은평구", "F_YR": 2025, "F_ZONE_NM": "서울특별시 은평구 증산동 172-27 지하101호", "F_SHIM": 0.1, "F_AREA": 158.09510469, "F_AVR_HGT": 13.18127212524414, "반복침수연도수": 1, "반복침수여부": false, "침수이력점수": 1, "기본위험등급": "주의" }, "geometry": { "type": "Polygon", "coordinates": [ [ [ 126.907385433124432, 37.583516772949608 ], [ 126.907440153354315, 37.583576984387967 ], [ 126.907542133353573, 37.583508140219529 ], [ 126.907546439477429, 37.583504990197909 ], [ 126.907447152004437, 37.583413461081761 ], [ 126.907385510853658, 37.583455037479304 ], [ 126.907350158714308, 37.583478164613645 ], [ 126.907385433124432, 37.583516772949608 ] ] ] } },
{ "type": "Feature", "properties": { "ADM_CD": "1138011000", "SGG_CD": "11380", "GU_NM": "은평구", "F_YR": 2025, "F_ZONE_NM": "서울특별시 은평구 증산동 172-24 B02호", "F_SHIM": 0.1, "F_AREA": 155.3999481, "F_AVR_HGT": 13.18127212524414, "반복침수연도수": 1, "반복침수여부": false, "침수이력점수": 1, "기본위험등급": "주의" }, "geometry": { "type": "Polygon", "coordinates": [ [ [ 126.907645247574038, 37.583437494892792 ], [ 126.907545960748863, 37.583345425267837 ], [ 126.907451345932458, 37.583409500087143 ], [ 126.907447152004437, 37.583413461081761 ], [ 126.907546439477429, 37.583504990197909 ], [ 126.907645247574038, 37.583437494892792 ] ] ] } },
{ "type": "Feature", "properties": { "ADM_CD": "1138011000", "SGG_CD": "11380", "GU_NM": "은평구", "F_YR": 2025, "F_ZONE_NM": "서울특별시 은평구 증산동 172-15 지하 2호", "F_SHIM": 0.1, "F_AREA": 166.99951756, "F_AVR_HGT": 13.18127212524414, "반복침수연도수": 1, "반복침수여부": false, "침수이력점수": 1, "기본위험등급": "주의" }, "geometry": { "type": "Polygon", "coordinates": [ [ [ 126.907346793685392, 37.583273458000555 ], [ 126.907268543147453, 37.58319897413925 ], [ 126.907249771844249, 37.583181299832511 ], [ 126.907143714827654, 37.583251311774333 ], [ 126.90721889793663, 37.58333417243356 ], [ 126.90725240658206, 37.583336451660067 ], [ 126.907346793685392, 37.583273458000555 ] ] ] } },
{ "type": "Feature", "properties": { "ADM_CD": "1138011000", "SGG_CD": "11380", "GU_NM": "은평구", "F_YR": 2025, "F_ZONE_NM": "서울특별시 은평구 증산동 172-34 101호", "F_SHIM": 0.1, "F_AREA": 133.57847951, "F_AVR_HGT": 13.18127212524414, "반복침수연도수": 1, "반복침수여부": false, "침수이력점수": 1, "기본위험등급": "주의" }, "geometry": { "type": "Polygon", "coordinates": [ [ [ 126.907720000027766, 37.583322768746733 ], [ 126.907850985664169, 37.583235296949148 ], [ 126.907786756508557, 37.583174159142565 ], [ 126.907675713370736, 37.583248312137492 ], [ 126.90765610986891, 37.583262171730738 ], [ 126.907720000027766, 37.583322768746733 ] ] ] } },
{ "type": "Feature", "properties": { "ADM_CD": "1138011000", "SGG_CD": "11380", "GU_NM": "은평구", "F_YR": 2025, "F_ZONE_NM": "서울특별시 은평구 증산동 186-18 지하1호", "F_SHIM": 0.1, "F_AREA": 151.27222588000001, "F_AVR_HGT": 13.357292747497558, "반복침수연도수": 1, "반복침수여부": false, "침수이력점수": 1, "기본위험등급": "주의" }, "geometry": { "type": "Polygon", "coordinates": [ [ [ 126.907044216148449, 37.58323798769937 ], [ 126.90697898330599, 37.583165316034403 ], [ 126.906865006417306, 37.583231086750594 ], [ 126.906860247879607, 37.583233875990466 ], [ 126.906939388831162, 37.583320163746642 ], [ 126.907036596630363, 37.583265011169836 ], [ 126.907044216148449, 37.58323798769937 ] ] ] } },
{ "type": "Feature", "properties": { "ADM_CD": "1138011000", "SGG_CD": "11380", "GU_NM": "은평구", "F_YR": 2025, "F_ZONE_NM": "서울특별시 은평구 증산동 172-7 우측", "F_SHIM": 0.1, "F_AREA": 162.58487561000001, "F_AVR_HGT": 13.18127212524414, "반복침수연도수": 1, "반복침수여부": false, "침수이력점수": 1, "기본위험등급": "주의" }, "geometry": { "type": "Polygon", "coordinates": [ [ [ 126.90765610986891, 37.583262171730738 ], [ 126.907675713370736, 37.583248312137492 ], [ 126.907570431726739, 37.583152003132078 ], [ 126.907558874706439, 37.583159291917674 ], [ 126.907527488430873, 37.583179899503122 ], [ 126.907471628247322, 37.58321607463634 ], [ 126.907575887640803, 37.583314995773556 ], [ 126.90765610986891, 37.583262171730738 ] ] ] } },
{ "type": "Feature", "properties": { "ADM_CD": "1138011000", "SGG_CD": "11380", "GU_NM": "은평구", "F_YR": 2025, "F_ZONE_NM": "서울특별시 은평구 증산동 172-14 지하 1호", "F_SHIM": 0.1, "F_AREA": 181.76180931, "F_AVR_HGT": 13.357292747497558, "반복침수연도수": 1, "반복침수여부": false, "침수이력점수": 1, "기본위험등급": "주의" }, "geometry": { "type": "Polygon", "coordinates": [ [ [ 126.907249771844249, 37.583181299832511 ], [ 126.907136693060849, 37.583073902089403 ], [ 126.907039022024918, 37.583137523644837 ], [ 126.907143714827654, 37.583251311774333 ], [ 126.907249771844249, 37.583181299832511 ] ] ] } },
{ "type": "Feature", "properties": { "ADM_CD": "1138011000", "SGG_CD": "11380", "GU_NM": "은평구", "F_YR": 2025, "F_ZONE_NM": "서울특별시 은평구 증산동 185-17 1층", "F_SHIM": 0.1, "F_AREA": 219.43912502000001, "F_AVR_HGT": 13.38783893585205, "반복침수연도수": 1, "반복침수여부": false, "침수이력점수": 1, "기본위험등급": "주의" }, "geometry": { "type": "Polygon", "coordinates": [ [ [ 126.905826749663532, 37.582674701941691 ], [ 126.905943675920568, 37.582604429681055 ], [ 126.905929317981219, 37.582588650805853 ], [ 126.905834355985604, 37.58248135657297 ], [ 126.905816228613915, 37.582491703214529 ], [ 126.905714146633457, 37.582551626062468 ], [ 126.905826749663532, 37.582674701941691 ] ] ] } },
{ "type": "Feature", "properties": { "ADM_CD": "1138011000", "SGG_CD": "11380", "GU_NM": "은평구", "F_YR": 2025, "F_ZONE_NM": "서울특별시 은평구 증산동 190-3 101호", "F_SHIM": 0.1, "F_AREA": 109.15320646000001, "F_AVR_HGT": 17.312377548217775, "반복침수연도수": 1, "반복침수여부": false, "침수이력점수": 1, "기본위험등급": "주의" }, "geometry": { "type": "Polygon", "coordinates": [ [ [ 126.908598932568253, 37.586199229040162 ], [ 126.908737267797889, 37.586122754108693 ], [ 126.908689672311723, 37.58606667541126 ], [ 126.908555299793164, 37.586143153408472 ], [ 126.908598932568253, 37.586199229040162 ] ] ] } },
{ "type": "Feature", "properties": { "ADM_CD": "1138011000", "SGG_CD": "11380", "GU_NM": "은평구", "F_YR": 2025, "F_ZONE_NM": "서울특별시 은평구 증산동 92-11 지하 102호", "F_SHIM": 0.1, "F_AREA": 158.31653751, "F_AVR_HGT": 23.111703491210939, "반복침수연도수": 1, "반복침수여부": false, "침수이력점수": 1, "기본위험등급": "주의" }, "geometry": { "type": "Polygon", "coordinates": [ [ [ 126.906390957331638, 37.586183234824603 ], [ 126.906466110745484, 37.58611301851991 ], [ 126.906465340210232, 37.586095718984097 ], [ 126.906452003667596, 37.586077418245367 ], [ 126.906379846662176, 37.586017264401114 ], [ 126.906298344297952, 37.586094323018244 ], [ 126.906282588654918, 37.586108635972437 ], [ 126.906390957331638, 37.586183234824603 ] ] ] } },
{ "type": "Feature", "properties": { "ADM_CD": "1138011000", "SGG_CD": "11380", "GU_NM": "은평구", "F_YR": 2025, "F_ZONE_NM": "서울특별시 은평구 증산동 185-16", "F_SHIM": 0.1, "F_AREA": 152.14915871, "F_AVR_HGT": 13.38783893585205, "반복침수연도수": 1, "반복침수여부": false, "침수이력점수": 1, "기본위험등급": "주의" }, "geometry": { "type": "Polygon", "coordinates": [ [ [ 126.905816228613915, 37.582491703214529 ], [ 126.905725104833991, 37.582393241663951 ], [ 126.905622909586597, 37.582453254440722 ], [ 126.905714146633457, 37.582551626062468 ], [ 126.905816228613915, 37.582491703214529 ] ] ] } },
{ "type": "Feature", "properties": { "ADM_CD": "1138011000", "SGG_CD": "11380", "GU_NM": "은평구", "F_YR": 2025, "F_ZONE_NM": "서울특별시 은평구 증산동 204-17 지층", "F_SHIM": 0.1, "F_AREA": 201.68568535, "F_AVR_HGT": 23.111703491210939, "반복침수연도수": 1, "반복침수여부": false, "침수이력점수": 1, "기본위험등급": "주의" }, "geometry": { "type": "Polygon", "coordinates": [ [ [ 126.90660641162691, 37.585916716637172 ], [ 126.906736965092009, 37.585817532962423 ], [ 126.906651458541873, 37.585749349793673 ], [ 126.906544495005818, 37.585816657479825 ], [ 126.906508236085855, 37.58583951332681 ], [ 126.906514305109596, 37.58584801450192 ], [ 126.906552538903256, 37.585901536758442 ], [ 126.906585332641214, 37.585932737223914 ], [ 126.90660641162691, 37.585916716637172 ] ] ] } },
{ "type": "Feature", "properties": { "ADM_CD": "1138011000", "SGG_CD": "11380", "GU_NM": "은평구", "F_YR": 2025, "F_ZONE_NM": "서울특별시 은평구 증산동 176-12 지층 2호", "F_SHIM": 0.1, "F_AREA": 188.34913679, "F_AVR_HGT": 12.966750717163086, "반복침수연도수": 1, "반복침수여부": false, "침수이력점수": 1, "기본위험등급": "주의" }, "geometry": { "type": "Polygon", "coordinates": [ [ [ 126.905722931761275, 37.581703535274805 ], [ 126.905797661430157, 37.581784414322485 ], [ 126.90593703178601, 37.581691095015692 ], [ 126.90594711594467, 37.581684616081894 ], [ 126.905866155296806, 37.581607065726566 ], [ 126.905722931761275, 37.581703535274805 ] ] ] } },
{ "type": "Feature", "properties": { "ADM_CD": "1138011000", "SGG_CD": "11380", "GU_NM": "은평구", "F_YR": 2025, "F_ZONE_NM": "서울특별시 은평구 증산동 184-7 102호", "F_SHIM": 0.1, "F_AREA": 126.44628672, "F_AVR_HGT": 12.966750717163086, "반복침수연도수": 1, "반복침수여부": false, "침수이력점수": 1, "기본위험등급": "주의" }, "geometry": { "type": "Polygon", "coordinates": [ [ [ 126.905615748885424, 37.581680923603678 ], [ 126.905535480001276, 37.58159391323214 ], [ 126.905438272578209, 37.581649605181013 ], [ 126.905517409982281, 37.581736074106182 ], [ 126.905615748885424, 37.581680923603678 ] ] ] } },
{ "type": "Feature", "properties": { "ADM_CD": "1138011000", "SGG_CD": "11380", "GU_NM": "은평구", "F_YR": 2025, "F_ZONE_NM": "서울특별시 은평구 증산동 176-3 B02호", "F_SHIM": 0.1, "F_AREA": 191.91541424, "F_AVR_HGT": 12.966750717163086, "반복침수연도수": 1, "반복침수여부": false, "침수이력점수": 1, "기본위험등급": "주의" }, "geometry": { "type": "Polygon", "coordinates": [ [ [ 126.90594711594467, 37.581684616081894 ], [ 126.906096229734985, 37.581585357966247 ], [ 126.906014589423933, 37.581508077457755 ], [ 126.905866155296806, 37.581607065726566 ], [ 126.90594711594467, 37.581684616081894 ] ] ] } },
{ "type": "Feature", "properties": { "ADM_CD": "1138011000", "SGG_CD": "11380", "GU_NM": "은평구", "F_YR": 2025, "F_ZONE_NM": "서울특별시 은평구 증산동 205-22 지층1호", "F_SHIM": 0.1, "F_AREA": 136.58088339, "F_AVR_HGT": 23.111703491210939, "반복침수연도수": 1, "반복침수여부": false, "침수이력점수": 1, "기본위험등급": "주의" }, "geometry": { "type": "Polygon", "coordinates": [ [ [ 126.906867979182223, 37.585711952515538 ], [ 126.906764603835043, 37.585628258152546 ], [ 126.90667983154087, 37.58569540357631 ], [ 126.906783434692159, 37.585778017013133 ], [ 126.906867979182223, 37.585711952515538 ] ] ] } },
{ "type": "Feature", "properties": { "ADM_CD": "1138011000", "SGG_CD": "11380", "GU_NM": "은평구", "F_YR": 2025, "F_ZONE_NM": "서울특별시 은평구 증산동 177-18 지층 105호", "F_SHIM": 0.1, "F_AREA": 170.93202118, "F_AVR_HGT": 12.756080245971679, "반복침수연도수": 1, "반복침수여부": false, "침수이력점수": 1, "기본위험등급": "주의" }, "geometry": { "type": "Polygon", "coordinates": [ [ [ 126.906203013907771, 37.581476695237505 ], [ 126.906313149487445, 37.581403083464416 ], [ 126.906216246737571, 37.581309212642459 ], [ 126.906106334289973, 37.581385437365853 ], [ 126.906203013907771, 37.581476695237505 ] ] ] } },
{ "type": "Feature", "properties": { "ADM_CD": "1138011400", "SGG_CD": "11380", "GU_NM": "은평구", "F_YR": 2025, "F_ZONE_NM": "서울특별시 은평구 진관동 산109-14 선림사 1호", "F_SHIM": 0.1, "F_AREA": 6084.4824463000004, "F_AVR_HGT": 100.04697570800781, "반복침수연도수": 2, "반복침수여부": true, "침수이력점수": 1, "기본위험등급": "주의" }, "geometry": { "type": "Polygon", "coordinates": [ [ [ 126.936830875488639, 37.626732849697703 ], [ 126.936843472639765, 37.627085427735928 ], [ 126.936865485291491, 37.627187556763779 ], [ 126.936888617099896, 37.627292443394559 ], [ 126.936891323913457, 37.627306229856067 ], [ 126.936879291793289, 37.6273212155564 ], [ 126.936875334017685, 37.627326132733714 ], [ 126.936872383945357, 37.627331627089539 ], [ 126.936859957178385, 37.627357559466596 ], [ 126.936853670029961, 37.627370674275689 ], [ 126.936860184257114, 37.627553126091627 ], [ 126.937206566552035, 37.627604554060603 ], [ 126.937592777290789, 37.627525946281047 ], [ 126.937585341005345, 37.626725016926528 ], [ 126.936830875488639, 37.626732849697703 ] ] ] } },
{ "type": "Feature", "properties": { "ADM_CD": "1138010300", "SGG_CD": "11380", "GU_NM": "은평구", "F_YR": 2025, "F_ZONE_NM": "서울특별시 은평구 불광동 104-66 지층 2호(B02)", "F_SHIM": 0.1, "F_AREA": 168.76138396, "F_AVR_HGT": 39.535096740722658, "반복침수연도수": 1, "반복침수여부": false, "침수이력점수": 1, "기본위험등급": "주의" }, "geometry": { "type": "Polygon", "coordinates": [ [ [ 126.926677386605277, 37.62362248651791 ], [ 126.92673524183499, 37.623764157177817 ], [ 126.926859465362085, 37.623702338544817 ], [ 126.926776770043958, 37.623593177574911 ], [ 126.926677386605277, 37.62362248651791 ] ] ] } },
{ "type": "Feature", "properties": { "ADM_CD": "1138010300", "SGG_CD": "11380", "GU_NM": "은평구", "F_YR": 2025, "F_ZONE_NM": "서울특별시 은평구 불광동 471-21 B01", "F_SHIM": 0.1, "F_AREA": 287.30556078000001, "F_AVR_HGT": 54.814229583740243, "반복침수연도수": 1, "반복침수여부": false, "침수이력점수": 1, "기본위험등급": "주의" }, "geometry": { "type": "Polygon", "coordinates": [ [ [ 126.925523250152153, 37.626931766534241 ], [ 126.92559830150546, 37.626984612215715 ], [ 126.92564387350717, 37.626840574982275 ], [ 126.925557272799438, 37.626782676411786 ], [ 126.925505391937392, 37.626747739074581 ], [ 126.925397834892635, 37.62684505656371 ], [ 126.925397732839102, 37.626845155605594 ], [ 126.925423293443075, 37.626862957417735 ], [ 126.925453857239972, 37.626884510522267 ], [ 126.925523250152153, 37.626931766534241 ] ] ] } },
{ "type": "Feature", "properties": { "ADM_CD": "1138010200", "SGG_CD": "11380", "GU_NM": "은평구", "F_YR": 2025, "F_ZONE_NM": "서울특별시 은평구 녹번동 159-20 지층 B01호", "F_SHIM": 0.1, "F_AREA": 142.30643819, "F_AVR_HGT": 20.277227020263677, "반복침수연도수": 1, "반복침수여부": false, "침수이력점수": 1, "기본위험등급": "주의" }, "geometry": { "type": "Polygon", "coordinates": [ [ [ 126.923294172490245, 37.603411106754081 ], [ 126.923418296577566, 37.603403890995189 ], [ 126.923406755093779, 37.603286485320368 ], [ 126.923282175013469, 37.603296764106076 ], [ 126.923282510030234, 37.603301269241335 ], [ 126.923294172490245, 37.603411106754081 ] ] ] } },
{ "type": "Feature", "properties": { "ADM_CD": "1138010200", "SGG_CD": "11380", "GU_NM": "은평구", "F_YR": 2025, "F_ZONE_NM": "서울특별시 은평구 녹번동 157-2 지층", "F_SHIM": 0.1, "F_AREA": 111.66853654000001, "F_AVR_HGT": 21.58493003845215, "반복침수연도수": 1, "반복침수여부": false, "침수이력점수": 1, "기본위험등급": "주의" }, "geometry": { "type": "Polygon", "coordinates": [ [ [ 126.924525555977056, 37.603123061415886 ], [ 126.924512946646786, 37.603161074658381 ], [ 126.924589030204075, 37.603177432060221 ], [ 126.924675305531423, 37.603083966261259 ], [ 126.9245462344267, 37.603057122971244 ], [ 126.924525555977056, 37.603123061415886 ] ] ] } },
{ "type": "Feature", "properties": { "ADM_CD": "1138010200", "SGG_CD": "11380", "GU_NM": "은평구", "F_YR": 2025, "F_ZONE_NM": "서울특별시 은평구 녹번동 160-6 지하 103호", "F_SHIM": 0.1, "F_AREA": 164.98163464000001, "F_AVR_HGT": 20.277227020263677, "반복침수연도수": 1, "반복침수여부": false, "침수이력점수": 1, "기본위험등급": "주의" }, "geometry": { "type": "Polygon", "coordinates": [ [ [ 126.92336496720489, 37.602853985973269 ], [ 126.9233551163464, 37.602744419951641 ], [ 126.923202229387229, 37.602751616563467 ], [ 126.923208356849315, 37.602847935681424 ], [ 126.923209816934516, 37.602859469228832 ], [ 126.92336496720489, 37.602853985973269 ] ] ] } },
{ "type": "Feature", "properties": { "ADM_CD": "1138010200", "SGG_CD": "11380", "GU_NM": "은평구", "F_YR": 2025, "F_ZONE_NM": "서울특별시 은평구 녹번동 157-38 지층", "F_SHIM": 0.1, "F_AREA": 112.15372209, "F_AVR_HGT": 20.277227020263677, "반복침수연도수": 1, "반복침수여부": false, "침수이력점수": 1, "기본위험등급": "주의" }, "geometry": { "type": "Polygon", "coordinates": [ [ [ 126.923430121454658, 37.602816818512238 ], [ 126.923518771222462, 37.602836338357456 ], [ 126.92354843079265, 37.60273779044514 ], [ 126.92353620374044, 37.602734628927642 ], [ 126.92341981517535, 37.602709504650761 ], [ 126.923430121454658, 37.602816818512238 ] ] ] } },
{ "type": "Feature", "properties": { "ADM_CD": "1138010200", "SGG_CD": "11380", "GU_NM": "은평구", "F_YR": 2025, "F_ZONE_NM": "서울특별시 은평구 녹번동 117-55 지층 01호", "F_SHIM": 0.1, "F_AREA": 199.95252827, "F_AVR_HGT": 30.286859130859376, "반복침수연도수": 1, "반복침수여부": false, "침수이력점수": 1, "기본위험등급": "주의" }, "geometry": { "type": "Polygon", "coordinates": [ [ [ 126.931582331042378, 37.607180703357265 ], [ 126.931526379930659, 37.60706543457902 ], [ 126.931462374214703, 37.60708584889727 ], [ 126.931374005124795, 37.607121655497181 ], [ 126.931428262692307, 37.607231157055445 ], [ 126.931582331042378, 37.607180703357265 ] ] ] } },
{ "type": "Feature", "properties": { "ADM_CD": "1138010300", "SGG_CD": "11380", "GU_NM": "은평구", "F_YR": 2025, "F_ZONE_NM": "서울특별시 은평구 불광동 104-2 1층 금채컴퍼니", "F_SHIM": 0.1, "F_AREA": 175.61720052000001, "F_AVR_HGT": 39.535096740722658, "반복침수연도수": 1, "반복침수여부": false, "침수이력점수": 1, "기본위험등급": "주의" }, "geometry": { "type": "Polygon", "coordinates": [ [ [ 126.927140146049908, 37.624264871144881 ], [ 126.927157497184282, 37.624256358814762 ], [ 126.92723590985041, 37.624231000581226 ], [ 126.927175165862536, 37.624145098986048 ], [ 126.927174475845575, 37.624144125493508 ], [ 126.927157631175305, 37.624121842667698 ], [ 126.927134928056887, 37.624090267048445 ], [ 126.92701902392254, 37.624146757421343 ], [ 126.927038462666701, 37.62415760847491 ], [ 126.927098531640979, 37.624215975782825 ], [ 126.92711731274197, 37.624238863493872 ], [ 126.927140146049908, 37.624264871144881 ] ] ] } },
{ "type": "Feature", "properties": { "ADM_CD": "1138010500", "SGG_CD": "11380", "GU_NM": "은평구", "F_YR": 2025, "F_ZONE_NM": "서울특별시 은평구 구산동 17-50 지층2호", "F_SHIM": 0.1, "F_AREA": 128.92150621, "F_AVR_HGT": 20.502952194213869, "반복침수연도수": 1, "반복침수여부": false, "침수이력점수": 1, "기본위험등급": "주의" }, "geometry": { "type": "Polygon", "coordinates": [ [ [ 126.913546944363645, 37.609279728652382 ], [ 126.913492908780327, 37.60918544567992 ], [ 126.913378873225398, 37.609224120802637 ], [ 126.913430764624238, 37.609321429524663 ], [ 126.913546944363645, 37.609279728652382 ] ] ] } },
{ "type": "Feature", "properties": { "ADM_CD": "1138010500", "SGG_CD": "11380", "GU_NM": "은평구", "F_YR": 2025, "F_ZONE_NM": "서울특별시 은평구 구산동 19-51 지층1호", "F_SHIM": 0.1, "F_AREA": 142.17949989, "F_AVR_HGT": 20.502952194213869, "반복침수연도수": 1, "반복침수여부": false, "침수이력점수": 1, "기본위험등급": "주의" }, "geometry": { "type": "Polygon", "coordinates": [ [ [ 126.914278548083828, 37.609196930913811 ], [ 126.914227123581227, 37.609106254132492 ], [ 126.914095128464723, 37.609152917380626 ], [ 126.91414734361291, 37.609245306669145 ], [ 126.914278548083828, 37.609196930913811 ] ] ] } },
{ "type": "Feature", "properties": { "ADM_CD": "1138010700", "SGG_CD": "11380", "GU_NM": "은평구", "F_YR": 2025, "F_ZONE_NM": "서울특별시 은평구 응암동 227-67 지층 다호", "F_SHIM": 0.1, "F_AREA": 161.02355182, "F_AVR_HGT": 89.295190429687494, "반복침수연도수": 1, "반복침수여부": false, "침수이력점수": 1, "기본위험등급": "주의" }, "geometry": { "type": "Polygon", "coordinates": [ [ [ 126.924940279144749, 37.594925644516728 ], [ 126.924914427128499, 37.59484940450033 ], [ 126.924889758448543, 37.594833891564157 ], [ 126.924745929253078, 37.594857764275993 ], [ 126.924782287261863, 37.594957797135386 ], [ 126.924940279144749, 37.594925644516728 ] ] ] } },
{ "type": "Feature", "properties": { "ADM_CD": "1138010400", "SGG_CD": "11380", "GU_NM": "은평구", "F_YR": 2025, "F_ZONE_NM": "서울특별시 은평구 갈현동 507-8 지층 2호", "F_SHIM": 0.1, "F_AREA": 140.30214733, "F_AVR_HGT": 29.090201950073244, "반복침수연도수": 2, "반복침수여부": true, "침수이력점수": 1, "기본위험등급": "주의" }, "geometry": { "type": "Polygon", "coordinates": [ [ [ 126.912294779875594, 37.614992451106104 ], [ 126.9123867019822, 37.61493702015165 ], [ 126.912326406734508, 37.6148753475116 ], [ 126.912301378135695, 37.614873346435168 ], [ 126.91219007341347, 37.614941106090704 ], [ 126.912261117015007, 37.615012427423778 ], [ 126.912294779875594, 37.614992451106104 ] ] ] } },
{ "type": "Feature", "properties": { "ADM_CD": "1138010600", "SGG_CD": "11380", "GU_NM": "은평구", "F_YR": 2025, "F_ZONE_NM": "서울특별시 은평구 대조동 9-44 지층2호", "F_SHIM": 0.1, "F_AREA": 205.59782742, "F_AVR_HGT": 25.053491210937501, "반복침수연도수": 1, "반복침수여부": false, "침수이력점수": 1, "기본위험등급": "주의" }, "geometry": { "type": "Polygon", "coordinates": [ [ [ 126.927590140746673, 37.610372971531298 ], [ 126.927679632861015, 37.610237970416684 ], [ 126.927626092873112, 37.610207844121625 ], [ 126.927563137669011, 37.610192938491672 ], [ 126.927464932858427, 37.61031973511988 ], [ 126.927590140746673, 37.610372971531298 ] ] ] } },
{ "type": "Feature", "properties": { "ADM_CD": "1138010700", "SGG_CD": "11380", "GU_NM": "은평구", "F_YR": 2025, "F_ZONE_NM": "서울특별시 은평구 응암동 101-31 희망다세연립 B01호", "F_SHIM": 0.1, "F_AREA": 166.2323445, "F_AVR_HGT": 28.50077590942383, "반복침수연도수": 1, "반복침수여부": false, "침수이력점수": 1, "기본위험등급": "주의" }, "geometry": { "type": "Polygon", "coordinates": [ [ [ 126.92367186088056, 37.59883066892003 ], [ 126.923694162010577, 37.598837170706389 ], [ 126.923834087671906, 37.59876347234858 ], [ 126.923775172093002, 37.598685228203287 ], [ 126.923752172539565, 37.598697015933951 ], [ 126.923618142995849, 37.598763330023665 ], [ 126.92367186088056, 37.59883066892003 ] ] ] } },
{ "type": "Feature", "properties": { "ADM_CD": "1138010800", "SGG_CD": "11380", "GU_NM": "은평구", "F_YR": 2025, "F_ZONE_NM": "서울특별시 은평구 역촌동 6-4 지층2호", "F_SHIM": 0.1, "F_AREA": 123.64431077, "F_AVR_HGT": 22.569972610473634, "반복침수연도수": 1, "반복침수여부": false, "침수이력점수": 1, "기본위험등급": "주의" }, "geometry": { "type": "Polygon", "coordinates": [ [ [ 126.918048121797852, 37.609571312104691 ], [ 126.917977306150888, 37.609498372583182 ], [ 126.917870773788593, 37.609563888589335 ], [ 126.917941813280962, 37.609639170884698 ], [ 126.918048121797852, 37.609571312104691 ] ] ] } },
{ "type": "Feature", "properties": { "ADM_CD": "1138010800", "SGG_CD": "11380", "GU_NM": "은평구", "F_YR": 2025, "F_ZONE_NM": "서울특별시 은평구 역촌동 6-42 지층", "F_SHIM": 0.1, "F_AREA": 164.38337307, "F_AVR_HGT": 22.569972610473634, "반복침수연도수": 1, "반복침수여부": false, "침수이력점수": 1, "기본위험등급": "주의" }, "geometry": { "type": "Polygon", "coordinates": [ [ [ 126.917456292013611, 37.609538006214464 ], [ 126.917563503011209, 37.609473572243068 ], [ 126.917468708496429, 37.60937358590531 ], [ 126.917362177491285, 37.609437659883959 ], [ 126.917456292013611, 37.609538006214464 ] ] ] } },
{ "type": "Feature", "properties": { "ADM_CD": "1138010600", "SGG_CD": "11380", "GU_NM": "은평구", "F_YR": 2025, "F_ZONE_NM": "서울특별시 은평구 대조동 215-7 101호", "F_SHIM": 0.1, "F_AREA": 104.2117031, "F_AVR_HGT": 24.521920776367189, "반복침수연도수": 1, "반복침수여부": false, "침수이력점수": 1, "기본위험등급": "주의" }, "geometry": { "type": "Polygon", "coordinates": [ [ [ 126.920178776242906, 37.614666767664467 ], [ 126.920218528878905, 37.61456489411929 ], [ 126.920122054336844, 37.614542303096215 ], [ 126.920083773986931, 37.614644177625209 ], [ 126.920178776242906, 37.614666767664467 ] ] ] } },
{ "type": "Feature", "properties": { "ADM_CD": "1138010600", "SGG_CD": "11380", "GU_NM": "은평구", "F_YR": 2025, "F_ZONE_NM": "서울특별시 은평구 대조동 214-45 지하 101호", "F_SHIM": 0.1, "F_AREA": 332.65901655, "F_AVR_HGT": 26.893546676635744, "반복침수연도수": 1, "반복침수여부": false, "침수이력점수": 1, "기본위험등급": "주의" }, "geometry": { "type": "Polygon", "coordinates": [ [ [ 126.920807122097713, 37.614067776464559 ], [ 126.920950169164556, 37.613859477307493 ], [ 126.920824621665162, 37.613805062375242 ], [ 126.920696662834288, 37.613990486799231 ], [ 126.920685762864878, 37.614015346408898 ], [ 126.920714404545862, 37.61402770946259 ], [ 126.920807122097713, 37.614067776464559 ] ] ] } },
{ "type": "Feature", "properties": { "ADM_CD": "1138010700", "SGG_CD": "11380", "GU_NM": "은평구", "F_YR": 2025, "F_ZONE_NM": "서울특별시 은평구 응암동 118-43 101호(지층)", "F_SHIM": 0.1, "F_AREA": 131.32366353, "F_AVR_HGT": 16.74842987060547, "반복침수연도수": 1, "반복침수여부": false, "침수이력점수": 1, "기본위험등급": "주의" }, "geometry": { "type": "Polygon", "coordinates": [ [ [ 126.91747192747286, 37.59745268759427 ], [ 126.917449034651824, 37.597369060021336 ], [ 126.917295344162, 37.597395169075256 ], [ 126.917317558317038, 37.597477985308231 ], [ 126.91747192747286, 37.59745268759427 ] ] ] } },
{ "type": "Feature", "properties": { "ADM_CD": "1138010600", "SGG_CD": "11380", "GU_NM": "은평구", "F_YR": 2025, "F_ZONE_NM": "서울특별시 은평구 대조동 83-3 반지하 102호", "F_SHIM": 0.1, "F_AREA": 170.53831213000001, "F_AVR_HGT": 31.973338699340822, "반복침수연도수": 1, "반복침수여부": false, "침수이력점수": 1, "기본위험등급": "주의" }, "geometry": { "type": "Polygon", "coordinates": [ [ [ 126.92630429576333, 37.612563796310816 ], [ 126.926396879768618, 37.612625212101833 ], [ 126.926431749113576, 37.612639559893744 ], [ 126.926501836173827, 37.612546983595102 ], [ 126.926507733866373, 37.612538788414568 ], [ 126.926387287512171, 37.612478075760208 ], [ 126.92630429576333, 37.612563796310816 ] ] ] } },
{ "type": "Feature", "properties": { "ADM_CD": "1138010800", "SGG_CD": "11380", "GU_NM": "은평구", "F_YR": 2025, "F_ZONE_NM": "서울특별시 은평구 역촌동 46-5 101호", "F_SHIM": 0.1, "F_AREA": 134.13878665, "F_AVR_HGT": 19.815147018432619, "반복침수연도수": 1, "반복침수여부": false, "침수이력점수": 1, "기본위험등급": "주의" }, "geometry": { "type": "Polygon", "coordinates": [ [ [ 126.913968899524633, 37.607082007146204 ], [ 126.91409879561246, 37.607083995494357 ], [ 126.914100162306141, 37.606980653870316 ], [ 126.913970951179621, 37.606974161121769 ], [ 126.913968899524633, 37.607082007146204 ] ] ] } },
{ "type": "Feature", "properties": { "ADM_CD": "1138010500", "SGG_CD": "11380", "GU_NM": "은평구", "F_YR": 2025, "F_ZONE_NM": "서울특별시 은평구 구산동 3-22 지하2호", "F_SHIM": 0.1, "F_AREA": 177.40807086000001, "F_AVR_HGT": 21.03535614013672, "반복침수연도수": 1, "반복침수여부": false, "침수이력점수": 1, "기본위험등급": "주의" }, "geometry": { "type": "Polygon", "coordinates": [ [ [ 126.91516356872539, 37.611499859838837 ], [ 126.91524831881749, 37.611470730025971 ], [ 126.915255796494279, 37.611468392940395 ], [ 126.915188998786562, 37.611349594756106 ], [ 126.915179052380367, 37.611332108441687 ], [ 126.91506744831446, 37.611371760019168 ], [ 126.915144533287119, 37.611506963661334 ], [ 126.91516356872539, 37.611499859838837 ] ] ] } },
{ "type": "Feature", "properties": { "ADM_CD": "1138010700", "SGG_CD": "11380", "GU_NM": "은평구", "F_YR": 2025, "F_ZONE_NM": "서울특별시 은평구 응암동 120-11 지층", "F_SHIM": 0.1, "F_AREA": 152.80510275, "F_AVR_HGT": 17.255838012695314, "반복침수연도수": 1, "반복침수여부": false, "침수이력점수": 1, "기본위험등급": "주의" }, "geometry": { "type": "Polygon", "coordinates": [ [ [ 126.917748786292606, 37.595839312827614 ], [ 126.917757850321067, 37.595834544046134 ], [ 126.917695100554653, 37.59574998722394 ], [ 126.917568552745891, 37.595808821625425 ], [ 126.91761464575896, 37.59590345769282 ], [ 126.917748786292606, 37.595839312827614 ] ] ] } },
{ "type": "Feature", "properties": { "ADM_CD": "1138010300", "SGG_CD": "11380", "GU_NM": "은평구", "F_YR": 2025, "F_ZONE_NM": "서울특별시 은평구 불광동 188-1", "F_SHIM": 0.1, "F_AREA": 43.50027474, "F_AVR_HGT": 46.598874664306642, "반복침수연도수": 1, "반복침수여부": false, "침수이력점수": 1, "기본위험등급": "주의" }, "geometry": { "type": "Polygon", "coordinates": [ [ [ 126.932823100558238, 37.622331336292554 ], [ 126.932947202810297, 37.622381142555014 ], [ 126.932969863100183, 37.622375119156125 ], [ 126.932963651494717, 37.622355023699058 ], [ 126.932914611849469, 37.622346435891544 ], [ 126.932877019069096, 37.622331097374463 ], [ 126.932823119045608, 37.622311244454544 ], [ 126.932774314703593, 37.622293196438136 ], [ 126.932766704795441, 37.622315536302942 ], [ 126.932823100558238, 37.622331336292554 ] ] ] } },
{ "type": "Feature", "properties": { "ADM_CD": "1138010300", "SGG_CD": "11380", "GU_NM": "은평구", "F_YR": 2025, "F_ZONE_NM": "서울특별시 은평구 불광동 377-5 지층 101호(지하 좌측)", "F_SHIM": 0.1, "F_AREA": 127.77693495, "F_AVR_HGT": 38.493981933593751, "반복침수연도수": 1, "반복침수여부": false, "침수이력점수": 1, "기본위험등급": "주의" }, "geometry": { "type": "Polygon", "coordinates": [ [ [ 126.922696101952525, 37.622223826402326 ], [ 126.92284886237843, 37.622159598387988 ], [ 126.922835505900693, 37.622150309391706 ], [ 126.922818526388809, 37.622139396214166 ], [ 126.922790440110276, 37.622134151797098 ], [ 126.922773455952168, 37.622127653410658 ], [ 126.922762694326337, 37.622096057879183 ], [ 126.922761711643119, 37.622093408342899 ], [ 126.922641471015694, 37.622147927405351 ], [ 126.922696101952525, 37.622223826402326 ] ] ] } },
{ "type": "Feature", "properties": { "ADM_CD": "1138010400", "SGG_CD": "11380", "GU_NM": "은평구", "F_YR": 2025, "F_ZONE_NM": "서울특별시 은평구 갈현동 484-2 1층", "F_SHIM": 0.1, "F_AREA": 187.65403872, "F_AVR_HGT": 26.455358123779298, "반복침수연도수": 1, "반복침수여부": false, "침수이력점수": 1, "기본위험등급": "주의" }, "geometry": { "type": "Polygon", "coordinates": [ [ [ 126.916864431051252, 37.617526131433848 ], [ 126.91703154791935, 37.61748291403741 ], [ 126.916986359934114, 37.617378187751903 ], [ 126.916820825526159, 37.617424469554457 ], [ 126.916864431051252, 37.617526131433848 ] ] ] } },
{ "type": "Feature", "properties": { "ADM_CD": "1138010300", "SGG_CD": "11380", "GU_NM": "은평구", "F_YR": 2025, "F_ZONE_NM": "서울특별시 은평구 불광동 331-162 B01호", "F_SHIM": 0.1, "F_AREA": 224.32821667, "F_AVR_HGT": 53.056150054931642, "반복침수연도수": 1, "반복침수여부": false, "침수이력점수": 1, "기본위험등급": "주의" }, "geometry": { "type": "Polygon", "coordinates": [ [ [ 126.926567124486866, 37.618589722907437 ], [ 126.926572792226068, 37.618585401801582 ], [ 126.926716442177238, 37.618559364514844 ], [ 126.926674227000149, 37.618412658152145 ], [ 126.926587670224606, 37.61843278518355 ], [ 126.926523545034186, 37.618448331409112 ], [ 126.926551201918215, 37.618541690542962 ], [ 126.926567124486866, 37.618589722907437 ] ] ] } },
{ "type": "Feature", "properties": { "ADM_CD": "1138010300", "SGG_CD": "11380", "GU_NM": "은평구", "F_YR": 2025, "F_ZONE_NM": "서울특별시 은평구 불광동 331-154 B01호", "F_SHIM": 0.1, "F_AREA": 173.58200291, "F_AVR_HGT": 53.056150054931642, "반복침수연도수": 1, "반복침수여부": false, "침수이력점수": 1, "기본위험등급": "주의" }, "geometry": { "type": "Polygon", "coordinates": [ [ [ 126.927286406983441, 37.61834263320894 ], [ 126.927314599870172, 37.618353462704036 ], [ 126.927460972901272, 37.618322020339789 ], [ 126.927459504801703, 37.618317604614752 ], [ 126.927426882274077, 37.618216331964554 ], [ 126.927319790507553, 37.618247880080069 ], [ 126.927264352714474, 37.618263963749122 ], [ 126.927286406983441, 37.61834263320894 ] ] ] } },
{ "type": "Feature", "properties": { "ADM_CD": "1138010400", "SGG_CD": "11380", "GU_NM": "은평구", "F_YR": 2025, "F_ZONE_NM": "서울특별시 은평구 갈현동 513-6 지하 좌측", "F_SHIM": 0.1, "F_AREA": 139.59020385, "F_AVR_HGT": 30.606891250610357, "반복침수연도수": 1, "반복침수여부": false, "침수이력점수": 1, "기본위험등급": "주의" }, "geometry": { "type": "Polygon", "coordinates": [ [ [ 126.913166256338883, 37.616878138444221 ], [ 126.913083898836376, 37.616793925178392 ], [ 126.913006708843298, 37.616841439079401 ], [ 126.912977351449669, 37.616859706960909 ], [ 126.913006652134669, 37.616889281100825 ], [ 126.913059710932217, 37.616942208438644 ], [ 126.913166256338883, 37.616878138444221 ] ] ] } },
{ "type": "Feature", "properties": { "ADM_CD": "1138010300", "SGG_CD": "11380", "GU_NM": "은평구", "F_YR": 2025, "F_ZONE_NM": "서울특별시 은평구 불광동 221-32 지층 2호", "F_SHIM": 0.1, "F_AREA": 262.72684958000002, "F_AVR_HGT": 39.501893615722658, "반복침수연도수": 1, "반복침수여부": false, "침수이력점수": 1, "기본위험등급": "주의" }, "geometry": { "type": "Polygon", "coordinates": [ [ [ 126.932255708350169, 37.618184333909483 ], [ 126.932206503283652, 37.618112947371564 ], [ 126.932195900661483, 37.618065008985752 ], [ 126.932084078468108, 37.618094495402474 ], [ 126.93197372916471, 37.618123441992765 ], [ 126.932026902482534, 37.618190416160409 ], [ 126.932080666866256, 37.618230901827765 ], [ 126.932255708350169, 37.618184333909483 ] ] ] } },
{ "type": "Feature", "properties": { "ADM_CD": "1138010400", "SGG_CD": "11380", "GU_NM": "은평구", "F_YR": 2025, "F_ZONE_NM": "서울특별시 은평구 갈현동 414-29 B02호", "F_SHIM": 0.1, "F_AREA": 267.70546935, "F_AVR_HGT": 35.845121002197267, "반복침수연도수": 1, "반복침수여부": false, "침수이력점수": 1, "기본위험등급": "주의" }, "geometry": { "type": "Polygon", "coordinates": [ [ [ 126.917913170053609, 37.62450109404903 ], [ 126.918032232955937, 37.624493249727017 ], [ 126.918024092526252, 37.624378098805757 ], [ 126.918018767210029, 37.62437926631079 ], [ 126.918014192201937, 37.624317275692803 ], [ 126.918010175017216, 37.624262943793504 ], [ 126.917895307245189, 37.624267637638859 ], [ 126.917898423482214, 37.624317193712898 ], [ 126.917904012536241, 37.624383960244536 ], [ 126.917913170053609, 37.62450109404903 ] ] ] } },
{ "type": "Feature", "properties": { "ADM_CD": "1138010400", "SGG_CD": "11380", "GU_NM": "은평구", "F_YR": 2025, "F_ZONE_NM": "서울특별시 은평구 갈현동 422-7", "F_SHIM": 0.1, "F_AREA": 133.95715702000001, "F_AVR_HGT": 38.001798248291017, "반복침수연도수": 1, "반복침수여부": false, "침수이력점수": 1, "기본위험등급": "주의" }, "geometry": { "type": "Polygon", "coordinates": [ [ [ 126.91671052608892, 37.624485279588086 ], [ 126.91683423528157, 37.624475818051174 ], [ 126.916823937800345, 37.624366521865525 ], [ 126.916726741270651, 37.624370956961293 ], [ 126.916700095958632, 37.624393192002259 ], [ 126.91671052608892, 37.624485279588086 ] ] ] } },
{ "type": "Feature", "properties": { "ADM_CD": "1138010400", "SGG_CD": "11380", "GU_NM": "은평구", "F_YR": 2025, "F_ZONE_NM": "서울특별시 은평구 갈현동 436-2", "F_SHIM": 0.1, "F_AREA": 205.54830004, "F_AVR_HGT": 42.770242309570321, "반복침수연도수": 1, "반복침수여부": false, "침수이력점수": 1, "기본위험등급": "주의" }, "geometry": { "type": "Polygon", "coordinates": [ [ [ 126.916222962678788, 37.624403029150002 ], [ 126.916154529762963, 37.624315945059337 ], [ 126.916142200642781, 37.624300169000918 ], [ 126.916110351878643, 37.624315913092637 ], [ 126.915997464778343, 37.624371331661862 ], [ 126.916083546270414, 37.624478069971268 ], [ 126.916222962678788, 37.624403029150002 ] ] ] } },
{ "type": "Feature", "properties": { "ADM_CD": "1138010300", "SGG_CD": "11380", "GU_NM": "은평구", "F_YR": 2025, "F_ZONE_NM": "서울특별시 은평구 불광동 239-11 지하1층 나염공장", "F_SHIM": 0.1, "F_AREA": 257.25750799000002, "F_AVR_HGT": 40.999597167968751, "반복침수연도수": 2, "반복침수여부": true, "침수이력점수": 1, "기본위험등급": "주의" }, "geometry": { "type": "Polygon", "coordinates": [ [ [ 126.9325064441677, 37.616142318276694 ], [ 126.932534741924371, 37.616162156397223 ], [ 126.932592480189086, 37.616190931418586 ], [ 126.932640705785587, 37.616218079094622 ], [ 126.932718495092956, 37.616243442028598 ], [ 126.932747028268679, 37.616253729839769 ], [ 126.932782345731894, 37.616153561361287 ], [ 126.932808123378862, 37.616081137522897 ], [ 126.932775497406539, 37.61608751548561 ], [ 126.93271658898793, 37.616099464199806 ], [ 126.932669349756139, 37.616108176162491 ], [ 126.932643181566377, 37.616112665796408 ], [ 126.932508711451447, 37.616140157248836 ], [ 126.9325064441677, 37.616142318276694 ] ] ] } },
{ "type": "Feature", "properties": { "ADM_CD": "1138010300", "SGG_CD": "11380", "GU_NM": "은평구", "F_YR": 2025, "F_ZONE_NM": "서울특별시 은평구 불광동 238-149 지하 1호", "F_SHIM": 0.1, "F_AREA": 131.74254665000001, "F_AVR_HGT": 34.192849731445314, "반복침수연도수": 1, "반복침수여부": false, "침수이력점수": 1, "기본위험등급": "주의" }, "geometry": { "type": "Polygon", "coordinates": [ [ [ 126.931857595929856, 37.615853262826683 ], [ 126.931873455471091, 37.615850479146943 ], [ 126.931982210138884, 37.615827568269239 ], [ 126.931953536566709, 37.615725109857195 ], [ 126.931831075453601, 37.615749814577484 ], [ 126.931857595929856, 37.615853262826683 ] ] ] } },
{ "type": "Feature", "properties": { "ADM_CD": "1138010300", "SGG_CD": "11380", "GU_NM": "은평구", "F_YR": 2025, "F_ZONE_NM": "서울특별시 은평구 불광동 239-49", "F_SHIM": 0.1, "F_AREA": 105.02335713, "F_AVR_HGT": 34.192849731445314, "반복침수연도수": 1, "반복침수여부": false, "침수이력점수": 1, "기본위험등급": "주의" }, "geometry": { "type": "Polygon", "coordinates": [ [ [ 126.932560294728091, 37.615842863758665 ], [ 126.932687739775318, 37.61581771069865 ], [ 126.93266198874197, 37.615738409368682 ], [ 126.932534543155654, 37.615764283185619 ], [ 126.932560294728091, 37.615842863758665 ] ] ] } },
{ "type": "Feature", "properties": { "ADM_CD": "1138010300", "SGG_CD": "11380", "GU_NM": "은평구", "F_YR": 2025, "F_ZONE_NM": "서울특별시 은평구 불광동 239-59 지하 우측 B01호", "F_SHIM": 0.1, "F_AREA": 109.15889854, "F_AVR_HGT": 44.758096313476557, "반복침수연도수": 1, "반복침수여부": false, "침수이력점수": 1, "기본위험등급": "주의" }, "geometry": { "type": "Polygon", "coordinates": [ [ [ 126.932632011625842, 37.615574683664782 ], [ 126.932762966443264, 37.615550523649745 ], [ 126.932748059238719, 37.615503213471179 ], [ 126.932735858669275, 37.615468608697476 ], [ 126.932606259571088, 37.615496643691991 ], [ 126.932632011625842, 37.615574683664782 ] ] ] } },
{ "type": "Feature", "properties": { "ADM_CD": "1138010300", "SGG_CD": "11380", "GU_NM": "은평구", "F_YR": 2025, "F_ZONE_NM": "서울특별시 은평구 불광동 238-131 지층", "F_SHIM": 0.1, "F_AREA": 70.8779157, "F_AVR_HGT": 34.632752990722658, "반복침수연도수": 1, "반복침수여부": false, "침수이력점수": 1, "기본위험등급": "주의" }, "geometry": { "type": "Polygon", "coordinates": [ [ [ 126.931859796327174, 37.615558553313193 ], [ 126.93192470900911, 37.615544896702858 ], [ 126.931891958652329, 37.615441895278302 ], [ 126.931825460789199, 37.615455100444379 ], [ 126.931859796327174, 37.615558553313193 ] ] ] } },
{ "type": "Feature", "properties": { "ADM_CD": "1138010300", "SGG_CD": "11380", "GU_NM": "은평구", "F_YR": 2025, "F_ZONE_NM": "서울특별시 은평구 불광동 238-132 1층", "F_SHIM": 0.1, "F_AREA": 70.46932161, "F_AVR_HGT": 34.632752990722658, "반복침수연도수": 1, "반복침수여부": false, "침수이력점수": 1, "기본위험등급": "주의" }, "geometry": { "type": "Polygon", "coordinates": [ [ [ 126.93192470900911, 37.615544896702858 ], [ 126.931990527941878, 37.615531060394581 ], [ 126.931957550386457, 37.615428689540657 ], [ 126.931891958652329, 37.615441895278302 ], [ 126.93192470900911, 37.615544896702858 ] ] ] } },
{ "type": "Feature", "properties": { "ADM_CD": "1138010400", "SGG_CD": "11380", "GU_NM": "은평구", "F_YR": 2025, "F_ZONE_NM": "서울특별시 은평구 갈현동 410-1 1층", "F_SHIM": 0.1, "F_AREA": 476.53113999, "F_AVR_HGT": 34.739019012451173, "반복침수연도수": 1, "반복침수여부": false, "침수이력점수": 1, "기본위험등급": "주의" }, "geometry": { "type": "Polygon", "coordinates": [ [ [ 126.918353412884386, 37.62333914166657 ], [ 126.91848697090127, 37.623333289252912 ], [ 126.918588583708356, 37.623328855809518 ], [ 126.918618860385124, 37.623299865542243 ], [ 126.918612284114403, 37.623203546209119 ], [ 126.91847736764106, 37.623208857221172 ], [ 126.918469459524886, 37.623088030297296 ], [ 126.918338846186273, 37.623094695648902 ], [ 126.918343583697691, 37.623214349073123 ], [ 126.91834834154723, 37.623214082132712 ], [ 126.918353412884386, 37.62333914166657 ] ] ] } },
{ "type": "Feature", "properties": { "ADM_CD": "1138010400", "SGG_CD": "11380", "GU_NM": "은평구", "F_YR": 2025, "F_ZONE_NM": "서울특별시 은평구 갈현동 409-2 1층", "F_SHIM": 0.1, "F_AREA": 134.82128832000001, "F_AVR_HGT": 34.739019012451173, "반복침수연도수": 1, "반복침수여부": false, "침수이력점수": 1, "기본위험등급": "주의" }, "geometry": { "type": "Polygon", "coordinates": [ [ [ 126.919003776271609, 37.623191206896209 ], [ 126.918995027672779, 37.623112635360847 ], [ 126.918981548568141, 37.623112085346072 ], [ 126.91897010382759, 37.623115681258874 ], [ 126.918820234662505, 37.623121522789951 ], [ 126.91882535887909, 37.623199551210526 ], [ 126.919003776271609, 37.623191206896209 ] ] ] } },
{ "type": "Feature", "properties": { "ADM_CD": "1138010300", "SGG_CD": "11380", "GU_NM": "은평구", "F_YR": 2025, "F_ZONE_NM": "서울특별시 은평구 불광동 377-18 지층 바깥쪽(첫번째집)", "F_SHIM": 0.1, "F_AREA": 152.10163893000001, "F_AVR_HGT": 41.104394531250001, "반복침수연도수": 1, "반복침수여부": false, "침수이력점수": 1, "기본위험등급": "주의" }, "geometry": { "type": "Polygon", "coordinates": [ [ [ 126.922430504870235, 37.622196078716641 ], [ 126.922574773968691, 37.622128061250756 ], [ 126.922522400014131, 37.622060362623088 ], [ 126.922475509001785, 37.622056457010743 ], [ 126.922377123191097, 37.622117387397147 ], [ 126.922430504870235, 37.622196078716641 ] ] ] } },
{ "type": "Feature", "properties": { "ADM_CD": "1138010300", "SGG_CD": "11380", "GU_NM": "은평구", "F_YR": 2025, "F_ZONE_NM": "서울특별시 은평구 불광동 140-20 지층 안쪽", "F_SHIM": 0.1, "F_AREA": 141.20407474000001, "F_AVR_HGT": 41.34108123779297, "반복침수연도수": 1, "반복침수여부": false, "침수이력점수": 1, "기본위험등급": "주의" }, "geometry": { "type": "Polygon", "coordinates": [ [ [ 126.928960852583586, 37.622015889199467 ], [ 126.929101227525337, 37.622020615473893 ], [ 126.929106273415456, 37.621956829200755 ], [ 126.929108462567669, 37.621918719098367 ], [ 126.92901105310392, 37.621913163309301 ], [ 126.928971068692192, 37.621912147656673 ], [ 126.928963059376244, 37.621994672482195 ], [ 126.928960852583586, 37.622015889199467 ] ] ] } },
{ "type": "Feature", "properties": { "ADM_CD": "1138010300", "SGG_CD": "11380", "GU_NM": "은평구", "F_YR": 2025, "F_ZONE_NM": "서울특별시 은평구 불광동 143-13 지하 1층", "F_SHIM": 0.1, "F_AREA": 120.51168786, "F_AVR_HGT": 41.34108123779297, "반복침수연도수": 1, "반복침수여부": false, "침수이력점수": 1, "기본위험등급": "주의" }, "geometry": { "type": "Polygon", "coordinates": [ [ [ 126.928793708221491, 37.622002586955496 ], [ 126.928919886890213, 37.622010503174117 ], [ 126.928920686723657, 37.622003385925808 ], [ 126.928931788543849, 37.622002311579479 ], [ 126.928933403362223, 37.621972490141509 ], [ 126.928937191652096, 37.621920776231001 ], [ 126.928800478742701, 37.621912853539826 ], [ 126.928793708221491, 37.622002586955496 ] ] ] } },
{ "type": "Feature", "properties": { "ADM_CD": "1138010400", "SGG_CD": "11380", "GU_NM": "은평구", "F_YR": 2025, "F_ZONE_NM": "서울특별시 은평구 갈현동 426-12 나라주택 지층1호", "F_SHIM": 0.1, "F_AREA": 136.52705668, "F_AVR_HGT": 32.592122650146486, "반복침수연도수": 1, "반복침수여부": false, "침수이력점수": 1, "기본위험등급": "주의" }, "geometry": { "type": "Polygon", "coordinates": [ [ [ 126.917555537147365, 37.622804385872591 ], [ 126.917550340226967, 37.622691489429279 ], [ 126.917422561893687, 37.622695903335725 ], [ 126.917429596989891, 37.622785736016475 ], [ 126.917456418551794, 37.622807468734635 ], [ 126.917555537147365, 37.622804385872591 ] ] ] } },
{ "type": "Feature", "properties": { "ADM_CD": "1138010300", "SGG_CD": "11380", "GU_NM": "은평구", "F_YR": 2025, "F_ZONE_NM": "서울특별시 은평구 불광동 243-20 지층 좌측", "F_SHIM": 0.1, "F_AREA": 159.76705446, "F_AVR_HGT": 32.04724464416504, "반복침수연도수": 1, "반복침수여부": false, "침수이력점수": 1, "기본위험등급": "주의" }, "geometry": { "type": "Polygon", "coordinates": [ [ [ 126.931494460008906, 37.614174880923031 ], [ 126.931521428270798, 37.614162012893189 ], [ 126.931663053986284, 37.614109569616552 ], [ 126.931609456153112, 37.614015565557203 ], [ 126.931494000740742, 37.614060726355298 ], [ 126.93148992181996, 37.614062345700823 ], [ 126.931494460008906, 37.614174880923031 ] ] ] } },
{ "type": "Feature", "properties": { "ADM_CD": "1138010400", "SGG_CD": "11380", "GU_NM": "은평구", "F_YR": 2025, "F_ZONE_NM": "서울특별시 은평구 갈현동 393-13 1층", "F_SHIM": 0.1, "F_AREA": 97.99525385, "F_AVR_HGT": 32.848546600341798, "반복침수연도수": 1, "반복침수여부": false, "침수이력점수": 1, "기본위험등급": "주의" }, "geometry": { "type": "Polygon", "coordinates": [ [ [ 126.91901373443163, 37.622277800716446 ], [ 126.919146274417415, 37.622268883511829 ], [ 126.919140012421437, 37.622195179000919 ], [ 126.919047356955673, 37.622193132127322 ], [ 126.919007675214715, 37.622225719853361 ], [ 126.91901373443163, 37.622277800716446 ] ] ] } },
{ "type": "Feature", "properties": { "ADM_CD": "1138010100", "SGG_CD": "11380", "GU_NM": "은평구", "F_YR": 2025, "F_ZONE_NM": "서울특별시 은평구 수색동 310-14 지층2호", "F_SHIM": 0.1, "F_AREA": 146.97136583, "F_AVR_HGT": 40.84175262451172, "반복침수연도수": 1, "반복침수여부": false, "침수이력점수": 1, "기본위험등급": "주의" }, "geometry": { "type": "Polygon", "coordinates": [ [ [ 126.889193933775388, 37.586922608778487 ], [ 126.889245819317736, 37.586902115681909 ], [ 126.889278758039623, 37.586832230574863 ], [ 126.889284711516382, 37.586818406116635 ], [ 126.88929818637213, 37.586787109700722 ], [ 126.889173657358498, 37.586778612091223 ], [ 126.889144830492384, 37.586899857224687 ], [ 126.889142436352444, 37.586910846961601 ], [ 126.889193933775388, 37.586922608778487 ] ] ] } },
{ "type": "Feature", "properties": { "ADM_CD": "1138010400", "SGG_CD": "11380", "GU_NM": "은평구", "F_YR": 2025, "F_ZONE_NM": "서울특별시 은평구 갈현동 403-29 1층", "F_SHIM": 0.1, "F_AREA": 132.88891812, "F_AVR_HGT": 28.752090072631841, "반복침수연도수": 1, "반복침수여부": false, "침수이력점수": 1, "기본위험등급": "주의" }, "geometry": { "type": "Polygon", "coordinates": [ [ [ 126.917791907309393, 37.620713199584436 ], [ 126.917812714758895, 37.620743937761013 ], [ 126.91793933341603, 37.620760605537804 ], [ 126.917949580771733, 37.620713311349064 ], [ 126.917958119569406, 37.620674485160606 ], [ 126.917799451096613, 37.620652659085103 ], [ 126.91778874107186, 37.62070842214434 ], [ 126.917791907309393, 37.620713199584436 ] ] ] } },
{ "type": "Feature", "properties": { "ADM_CD": "1138010400", "SGG_CD": "11380", "GU_NM": "은평구", "F_YR": 2025, "F_ZONE_NM": "서울특별시 은평구 갈현동 403-9 지하 1층", "F_SHIM": 0.1, "F_AREA": 138.31682497, "F_AVR_HGT": 28.657939529418947, "반복침수연도수": 1, "반복침수여부": false, "침수이력점수": 1, "기본위험등급": "주의" }, "geometry": { "type": "Polygon", "coordinates": [ [ [ 126.919194844556486, 37.620749955538223 ], [ 126.91920303952017, 37.620714192351514 ], [ 126.919214422454999, 37.620663565218472 ], [ 126.919056546233804, 37.620642011679514 ], [ 126.919040495390561, 37.620714078857524 ], [ 126.919037306976605, 37.620729303189883 ], [ 126.919194844556486, 37.620749955538223 ] ] ] } },
{ "type": "Feature", "properties": { "ADM_CD": "1138010300", "SGG_CD": "11380", "GU_NM": "은평구", "F_YR": 2025, "F_ZONE_NM": "서울특별시 은평구 불광동 351-16 지층 우측", "F_SHIM": 0.1, "F_AREA": 131.72889252, "F_AVR_HGT": 38.787389373779298, "반복침수연도수": 1, "반복침수여부": false, "침수이력점수": 1, "기본위험등급": "주의" }, "geometry": { "type": "Polygon", "coordinates": [ [ [ 126.926661482239439, 37.621081082913385 ], [ 126.926668743012357, 37.621069735171972 ], [ 126.926694835239914, 37.621030108602177 ], [ 126.926602557883626, 37.620991127723272 ], [ 126.926567458427115, 37.620976419462338 ], [ 126.92651175952733, 37.62105855344219 ], [ 126.926554785318999, 37.621075969694736 ], [ 126.926640835697597, 37.621112063523739 ], [ 126.926661482239439, 37.621081082913385 ] ] ] } },
{ "type": "Feature", "properties": { "ADM_CD": "1138010300", "SGG_CD": "11380", "GU_NM": "은평구", "F_YR": 2025, "F_ZONE_NM": "서울특별시 은평구 불광동 170-139 지하 101호", "F_SHIM": 0.1, "F_AREA": 244.8014825, "F_AVR_HGT": 59.843022918701173, "반복침수연도수": 1, "반복침수여부": false, "침수이력점수": 1, "기본위험등급": "주의" }, "geometry": { "type": "Polygon", "coordinates": [ [ [ 126.930193353462087, 37.624449150390134 ], [ 126.930188585072571, 37.62446040975064 ], [ 126.930104403799092, 37.624477657639751 ], [ 126.930046564786466, 37.624512932005224 ], [ 126.930111379859071, 37.62464533412885 ], [ 126.93012916945743, 37.624640029114161 ], [ 126.930185487403094, 37.624619971331562 ], [ 126.930264354082468, 37.624592989598511 ], [ 126.930193353462087, 37.624449150390134 ] ] ] } },
{ "type": "Feature", "properties": { "ADM_CD": "1138010400", "SGG_CD": "11380", "GU_NM": "은평구", "F_YR": 2025, "F_ZONE_NM": "서울특별시 은평구 갈현동 403-36 1층", "F_SHIM": 0.1, "F_AREA": 117.08565512, "F_AVR_HGT": 28.752090072631841, "반복침수연도수": 1, "반복침수여부": false, "침수이력점수": 1, "기본위험등급": "주의" }, "geometry": { "type": "Polygon", "coordinates": [ [ [ 126.917949956968911, 37.620579606192607 ], [ 126.917969988841634, 37.620493666888976 ], [ 126.91790985020188, 37.62048632635819 ], [ 126.917830798782404, 37.620475909053958 ], [ 126.917815978631495, 37.620560590658982 ], [ 126.917949956968911, 37.620579606192607 ] ] ] } },
{ "type": "Feature", "properties": { "ADM_CD": "1138010400", "SGG_CD": "11380", "GU_NM": "은평구", "F_YR": 2025, "F_ZONE_NM": "서울특별시 은평구 갈현동 402-13 비102호", "F_SHIM": 0.1, "F_AREA": 120.4799519, "F_AVR_HGT": 26.70613250732422, "반복침수연도수": 1, "반복침수여부": false, "침수이력점수": 1, "기본위험등급": "주의" }, "geometry": { "type": "Polygon", "coordinates": [ [ [ 126.918492469714451, 37.62032402072353 ], [ 126.918512279861957, 37.620233125777723 ], [ 126.918381699512011, 37.620214653863613 ], [ 126.91836086967524, 37.620305638167132 ], [ 126.918492469714451, 37.62032402072353 ] ] ] } },
{ "type": "Feature", "properties": { "ADM_CD": "1138010300", "SGG_CD": "11380", "GU_NM": "은평구", "F_YR": 2025, "F_ZONE_NM": "서울특별시 은평구 불광동 348-24 지층", "F_SHIM": 0.1, "F_AREA": 121.54350041, "F_AVR_HGT": 38.787389373779298, "반복침수연도수": 1, "반복침수여부": false, "침수이력점수": 1, "기본위험등급": "주의" }, "geometry": { "type": "Polygon", "coordinates": [ [ [ 126.927107622761213, 37.620652408519767 ], [ 126.927161170438055, 37.620568380839032 ], [ 126.927162089359612, 37.620566948859832 ], [ 126.927038918410418, 37.620532904239113 ], [ 126.927024491659949, 37.620528921811015 ], [ 126.926981606986075, 37.620597279113824 ], [ 126.927107622761213, 37.620652408519767 ] ] ] } },
{ "type": "Feature", "properties": { "ADM_CD": "1138010300", "SGG_CD": "11380", "GU_NM": "은평구", "F_YR": 2025, "F_ZONE_NM": "서울특별시 은평구 불광동 312-122 B102", "F_SHIM": 0.1, "F_AREA": 177.44734996, "F_AVR_HGT": 29.326652145385744, "반복침수연도수": 1, "반복침수여부": false, "침수이력점수": 1, "기본위험등급": "주의" }, "geometry": { "type": "Polygon", "coordinates": [ [ [ 126.922418832543784, 37.62047961416382 ], [ 126.922426194861032, 37.620479889392492 ], [ 126.922489758251629, 37.620483896289556 ], [ 126.922491208022876, 37.62048398735844 ], [ 126.922535731084352, 37.620476809326391 ], [ 126.922534407958025, 37.620442661298995 ], [ 126.922402574495962, 37.620312048013687 ], [ 126.92238604873998, 37.620311640501967 ], [ 126.922367267011069, 37.620398491388713 ], [ 126.922354631391443, 37.620457497102834 ], [ 126.922386233082506, 37.620458329180224 ], [ 126.922418060733619, 37.620459710998425 ], [ 126.922418170959489, 37.620462585198489 ], [ 126.922418832543784, 37.62047961416382 ] ] ] } },
{ "type": "Feature", "properties": { "ADM_CD": "1138010400", "SGG_CD": "11380", "GU_NM": "은평구", "F_YR": 2025, "F_ZONE_NM": "서울특별시 은평구 갈현동 449-33 지하", "F_SHIM": 0.1, "F_AREA": 149.37511471, "F_AVR_HGT": 32.43699417114258, "반복침수연도수": 1, "반복침수여부": false, "침수이력점수": 1, "기본위험등급": "주의" }, "geometry": { "type": "Polygon", "coordinates": [ [ [ 126.915152701057053, 37.620113587441331 ], [ 126.915086115985289, 37.620000285503906 ], [ 126.914975401516216, 37.620043000912361 ], [ 126.915043799826307, 37.620155403260135 ], [ 126.915152701057053, 37.620113587441331 ] ] ] } },
{ "type": "Feature", "properties": { "ADM_CD": "1138010400", "SGG_CD": "11380", "GU_NM": "은평구", "F_YR": 2025, "F_ZONE_NM": "서울특별시 은평구 갈현동 402-20 지층", "F_SHIM": 0.1, "F_AREA": 128.10209947000001, "F_AVR_HGT": 27.039758300781251, "반복침수연도수": 1, "반복침수여부": false, "침수이력점수": 1, "기본위험등급": "주의" }, "geometry": { "type": "Polygon", "coordinates": [ [ [ 126.918371495049158, 37.620122025928559 ], [ 126.918390289570183, 37.620027796658441 ], [ 126.918255632790377, 37.620008510850695 ], [ 126.918236161799356, 37.62009976638813 ], [ 126.91823525322549, 37.620101928098975 ], [ 126.918371495049158, 37.620122025928559 ] ] ] } },
{ "type": "Feature", "properties": { "ADM_CD": "1138010400", "SGG_CD": "11380", "GU_NM": "은평구", "F_YR": 2025, "F_ZONE_NM": "서울특별시 은평구 갈현동 400-16 지층", "F_SHIM": 0.1, "F_AREA": 219.98484105, "F_AVR_HGT": 26.70613250732422, "반복침수연도수": 1, "반복침수여부": false, "침수이력점수": 1, "기본위험등급": "주의" }, "geometry": { "type": "Polygon", "coordinates": [ [ [ 126.918985187805447, 37.619820087829538 ], [ 126.919087070955754, 37.619874217845371 ], [ 126.919171679007377, 37.619775709695787 ], [ 126.919215117433808, 37.619724834624662 ], [ 126.919111990616258, 37.619668721693387 ], [ 126.918985187805447, 37.619820087829538 ] ] ] } },
{ "type": "Feature", "properties": { "ADM_CD": "1138010300", "SGG_CD": "11380", "GU_NM": "은평구", "F_YR": 2025, "F_ZONE_NM": "서울특별시 은평구 불광동 344-17 지층", "F_SHIM": 0.1, "F_AREA": 165.19293863, "F_AVR_HGT": 38.503141021728517, "반복침수연도수": 1, "반복침수여부": false, "침수이력점수": 1, "기본위험등급": "주의" }, "geometry": { "type": "Polygon", "coordinates": [ [ [ 126.925643507085596, 37.620179542885168 ], [ 126.925698300120331, 37.620097408720916 ], [ 126.925558697845588, 37.620038394846787 ], [ 126.925499486242245, 37.620121427080782 ], [ 126.925496422715412, 37.620126560693599 ], [ 126.925563331914518, 37.620159579648657 ], [ 126.925632844743689, 37.620194222004066 ], [ 126.925643507085596, 37.620179542885168 ] ] ] } },
{ "type": "Feature", "properties": { "ADM_CD": "1138010400", "SGG_CD": "11380", "GU_NM": "은평구", "F_YR": 2025, "F_ZONE_NM": "서울특별시 은평구 갈현동 400-5 1층", "F_SHIM": 0.1, "F_AREA": 278.85064434999998, "F_AVR_HGT": 25.794210052490239, "반복침수연도수": 1, "반복침수여부": false, "침수이력점수": 1, "기본위험등급": "주의" }, "geometry": { "type": "Polygon", "coordinates": [ [ [ 126.918419061096401, 37.619518132493539 ], [ 126.918550262987665, 37.619587780475094 ], [ 126.918667081995608, 37.619451364061653 ], [ 126.918678763722966, 37.619437857560641 ], [ 126.918667103890286, 37.619431632612205 ], [ 126.918573937767334, 37.619382553846194 ], [ 126.918548013549469, 37.619369561508059 ], [ 126.918419061096401, 37.619518132493539 ] ] ] } },
{ "type": "Feature", "properties": { "ADM_CD": "1138010400", "SGG_CD": "11380", "GU_NM": "은평구", "F_YR": 2025, "F_ZONE_NM": "서울특별시 은평구 갈현동 453-20 지하", "F_SHIM": 0.1, "F_AREA": 143.58163655000001, "F_AVR_HGT": 26.2982479095459, "반복침수연도수": 1, "반복침수여부": false, "침수이력점수": 1, "기본위험등급": "주의" }, "geometry": { "type": "Polygon", "coordinates": [ [ [ 126.917984581313831, 37.619194914459875 ], [ 126.918099150591132, 37.619146252476405 ], [ 126.918035377200255, 37.619047640146967 ], [ 126.917917978231827, 37.619094588202437 ], [ 126.917984581313831, 37.619194914459875 ] ] ] } },
{ "type": "Feature", "properties": { "ADM_CD": "1138010300", "SGG_CD": "11380", "GU_NM": "은평구", "F_YR": 2025, "F_ZONE_NM": "서울특별시 은평구 불광동 218-28 101호", "F_SHIM": 0.1, "F_AREA": 154.13010645, "F_AVR_HGT": 51.606175994873048, "반복침수연도수": 1, "반복침수여부": false, "침수이력점수": 1, "기본위험등급": "주의" }, "geometry": { "type": "Polygon", "coordinates": [ [ [ 126.931427430425629, 37.62006509162601 ], [ 126.931528702869358, 37.620055691442694 ], [ 126.931584009110125, 37.620023288947742 ], [ 126.931574113754252, 37.61994597898898 ], [ 126.931568563522362, 37.619945975699132 ], [ 126.931416084371079, 37.619964715701904 ], [ 126.931427430425629, 37.62006509162601 ] ] ] } },
{ "type": "Feature", "properties": { "ADM_CD": "1138010300", "SGG_CD": "11380", "GU_NM": "은평구", "F_YR": 2025, "F_ZONE_NM": "서울특별시 은평구 불광동 344-24 지층 좌측", "F_SHIM": 0.1, "F_AREA": 136.61744381, "F_AVR_HGT": 32.444387054443361, "반복침수연도수": 1, "반복침수여부": false, "침수이력점수": 1, "기본위험등급": "주의" }, "geometry": { "type": "Polygon", "coordinates": [ [ [ 126.925229598235958, 37.619865194374384 ], [ 126.925380521596438, 37.619929441628678 ], [ 126.925438829499114, 37.619843976222754 ], [ 126.925340559790001, 37.619796341077631 ], [ 126.925318564760786, 37.619816598929553 ], [ 126.925265637295141, 37.619846387182989 ], [ 126.925229598235958, 37.619865194374384 ] ] ] } },
{ "type": "Feature", "properties": { "ADM_CD": "1138010400", "SGG_CD": "11380", "GU_NM": "은평구", "F_YR": 2025, "F_ZONE_NM": "서울특별시 은평구 갈현동 456-6 1층", "F_SHIM": 0.1, "F_AREA": 118.10601252, "F_AVR_HGT": 25.010064697265623, "반복침수연도수": 1, "반복침수여부": false, "침수이력점수": 1, "기본위험등급": "주의" }, "geometry": { "type": "Polygon", "coordinates": [ [ [ 126.919478793998266, 37.618707991814496 ], [ 126.919391036670092, 37.618581793537565 ], [ 126.9193154515456, 37.618613905906045 ], [ 126.919382848460685, 37.618714682426358 ], [ 126.919435956657793, 37.618727963787777 ], [ 126.919478793998266, 37.618707991814496 ] ] ] } },
{ "type": "Feature", "properties": { "ADM_CD": "1138010400", "SGG_CD": "11380", "GU_NM": "은평구", "F_YR": 2025, "F_ZONE_NM": "서울특별시 은평구 갈현동 456-32 1층", "F_SHIM": 0.1, "F_AREA": 246.04245947000001, "F_AVR_HGT": 25.518722152709959, "반복침수연도수": 1, "반복침수여부": false, "침수이력점수": 1, "기본위험등급": "주의" }, "geometry": { "type": "Polygon", "coordinates": [ [ [ 126.919633250092559, 37.61864277802249 ], [ 126.919543679700666, 37.618517119187622 ], [ 126.919457442871888, 37.618553458855132 ], [ 126.919391036670092, 37.618581793537565 ], [ 126.919478793998266, 37.618707991814496 ], [ 126.919633250092559, 37.61864277802249 ] ] ] } },
{ "type": "Feature", "properties": { "ADM_CD": "1138010400", "SGG_CD": "11380", "GU_NM": "은평구", "F_YR": 2025, "F_ZONE_NM": "서울특별시 은평구 갈현동 517-4 B01호", "F_SHIM": 0.1, "F_AREA": 285.53565817999998, "F_AVR_HGT": 39.402410125732423, "반복침수연도수": 1, "반복침수여부": false, "침수이력점수": 1, "기본위험등급": "주의" }, "geometry": { "type": "Polygon", "coordinates": [ [ [ 126.912540641454413, 37.618440869335352 ], [ 126.912631336700969, 37.618372823576642 ], [ 126.912550112549752, 37.618287169244475 ], [ 126.912469344340366, 37.618199262748632 ], [ 126.912358708709263, 37.618271798222416 ], [ 126.912392086686253, 37.618301916176542 ], [ 126.912459858368095, 37.618365306253487 ], [ 126.912540641454413, 37.618440869335352 ] ] ] } },
{ "type": "Feature", "properties": { "ADM_CD": "1138010400", "SGG_CD": "11380", "GU_NM": "은평구", "F_YR": 2025, "F_ZONE_NM": "서울특별시 은평구 갈현동 12-12 302호", "F_SHIM": 0.1, "F_AREA": 165.71414835, "F_AVR_HGT": 58.581349945068361, "반복침수연도수": 1, "반복침수여부": false, "침수이력점수": 1, "기본위험등급": "주의" }, "geometry": { "type": "Polygon", "coordinates": [ [ [ 126.916816632025444, 37.627710410460757 ], [ 126.91668734502349, 37.627639230354447 ], [ 126.916610778227806, 37.627728552386557 ], [ 126.916741992229305, 37.627798742883478 ], [ 126.916816632025444, 37.627710410460757 ] ] ] } },
{ "type": "Feature", "properties": { "ADM_CD": "1138010300", "SGG_CD": "11380", "GU_NM": "은평구", "F_YR": 2025, "F_ZONE_NM": "서울특별시 은평구 불광동 326-1 지하 우측", "F_SHIM": 0.1, "F_AREA": 187.73639678000001, "F_AVR_HGT": 30.643134689331056, "반복침수연도수": 2, "반복침수여부": true, "침수이력점수": 1, "기본위험등급": "주의" }, "geometry": { "type": "Polygon", "coordinates": [ [ [ 126.923943339155002, 37.619068610159488 ], [ 126.923972570804381, 37.619060610647857 ], [ 126.923955842699172, 37.619026272307906 ], [ 126.92393598465506, 37.618951928385385 ], [ 126.923968408925916, 37.618923568820136 ], [ 126.923941016023491, 37.618906161896966 ], [ 126.923916542642687, 37.61891326354985 ], [ 126.923814679049812, 37.618947073377981 ], [ 126.923837337660757, 37.619051241609768 ], [ 126.923854289536678, 37.619088192956262 ], [ 126.923943339155002, 37.619068610159488 ] ] ] } },
{ "type": "Feature", "properties": { "ADM_CD": "1138010400", "SGG_CD": "11380", "GU_NM": "은평구", "F_YR": 2025, "F_ZONE_NM": "서울특별시 은평구 갈현동 6-12 102호", "F_SHIM": 0.1, "F_AREA": 370.81574573, "F_AVR_HGT": 52.76933059692383, "반복침수연도수": 1, "반복침수여부": false, "침수이력점수": 1, "기본위험등급": "주의" }, "geometry": { "type": "Polygon", "coordinates": [ [ [ 126.918810119497053, 37.627139342585863 ], [ 126.918949899914239, 37.627044477296103 ], [ 126.918914927661319, 37.627015981884462 ], [ 126.918775941865221, 37.626904973996972 ], [ 126.918741955098639, 37.626907292705667 ], [ 126.918628587089245, 37.62698595868644 ], [ 126.918644430880448, 37.626999934988902 ], [ 126.918777186808299, 37.627110398073924 ], [ 126.918786693214713, 37.627118693745736 ], [ 126.918810119497053, 37.627139342585863 ] ] ] } },
{ "type": "Feature", "properties": { "ADM_CD": "1138010300", "SGG_CD": "11380", "GU_NM": "은평구", "F_YR": 2025, "F_ZONE_NM": "서울특별시 은평구 불광동 184-9 101호", "F_SHIM": 0.1, "F_AREA": 405.00878583000002, "F_AVR_HGT": 45.784951782226557, "반복침수연도수": 1, "반복침수여부": false, "침수이력점수": 1, "기본위험등급": "주의" }, "geometry": { "type": "Polygon", "coordinates": [ [ [ 126.932320263402829, 37.622592056330085 ], [ 126.932421637928044, 37.62259833249297 ], [ 126.932420214732062, 37.62254499365995 ], [ 126.932419660870735, 37.622531478639679 ], [ 126.932448095636232, 37.622528251759498 ], [ 126.932439004813062, 37.622437067288637 ], [ 126.932359375404459, 37.622434768197671 ], [ 126.932364886239455, 37.622355214915252 ], [ 126.932335438501809, 37.622351503637518 ], [ 126.932332308640142, 37.622428625669265 ], [ 126.932243602542016, 37.622442268519606 ], [ 126.932162392406326, 37.622434472391305 ], [ 126.932201332421698, 37.622584688592916 ], [ 126.932320263402829, 37.622592056330085 ] ] ] } },
{ "type": "Feature", "properties": { "ADM_CD": "1138010300", "SGG_CD": "11380", "GU_NM": "은평구", "F_YR": 2025, "F_ZONE_NM": "서울특별시 은평구 불광동 185-2", "F_SHIM": 0.1, "F_AREA": 57.54475059, "F_AVR_HGT": 45.784951782226557, "반복침수연도수": 1, "반복침수여부": false, "침수이력점수": 1, "기본위험등급": "주의" }, "geometry": { "type": "Polygon", "coordinates": [ [ [ 126.932016730164776, 37.622425917480285 ], [ 126.932153217813294, 37.622433836312865 ], [ 126.932145685900153, 37.622372024674455 ], [ 126.93209628925851, 37.62238199650001 ], [ 126.932013466865641, 37.622402670280785 ], [ 126.932016730164776, 37.622425917480285 ] ] ] } },
{ "type": "Feature", "properties": { "ADM_CD": "1138011400", "SGG_CD": "11380", "GU_NM": "은평구", "F_YR": 2025, "F_ZONE_NM": "서울특별시 은평구 진관동 293-6", "F_SHIM": 0.1, "F_AREA": 708.80030714999998, "F_AVR_HGT": 38.429200744628908, "반복침수연도수": 1, "반복침수여부": false, "침수이력점수": 1, "기본위험등급": "주의" }, "geometry": { "type": "Polygon", "coordinates": [ [ [ 126.940762717171296, 37.656766352837195 ], [ 126.940478728295872, 37.656509698786202 ], [ 126.940274924081464, 37.656288223705751 ], [ 126.940122963760956, 37.656318714782785 ], [ 126.940164690634546, 37.656359442523097 ], [ 126.940284453991254, 37.656482325602148 ], [ 126.940353026188504, 37.65653894237802 ], [ 126.940421605274437, 37.656587279161208 ], [ 126.940494106811329, 37.65663404122791 ], [ 126.940679009218911, 37.656759029821316 ], [ 126.940672056397034, 37.656766306109247 ], [ 126.940754543680171, 37.656825272359477 ], [ 126.940852444448623, 37.656827304891472 ], [ 126.940762717171296, 37.656766352837195 ] ] ] } },
{ "type": "Feature", "properties": { "ADM_CD": "1138010900", "SGG_CD": "11380", "GU_NM": "은평구", "F_YR": 2025, "F_ZONE_NM": "서울특별시 은평구 신사동 204-8 지층", "F_SHIM": 0.1, "F_AREA": 141.99222091, "F_AVR_HGT": 43.989755249023439, "반복침수연도수": 1, "반복침수여부": false, "침수이력점수": 1, "기본위험등급": "주의" }, "geometry": { "type": "Polygon", "coordinates": [ [ [ 126.908248517721844, 37.595183930350032 ], [ 126.908248017447647, 37.595312590438795 ], [ 126.908324808492893, 37.595297154172265 ], [ 126.908371231389111, 37.595299172980035 ], [ 126.908374314010999, 37.595187994013713 ], [ 126.908248517721844, 37.595183930350032 ] ] ] } },
{ "type": "Feature", "properties": { "ADM_CD": "1138010400", "SGG_CD": "11380", "GU_NM": "은평구", "F_YR": 2025, "F_ZONE_NM": "서울특별시 은평구 갈현동 13-9 202호", "F_SHIM": 0.1, "F_AREA": 335.80201714999998, "F_AVR_HGT": 78.804292297363276, "반복침수연도수": 1, "반복침수여부": false, "침수이력점수": 1, "기본위험등급": "주의" }, "geometry": { "type": "Polygon", "coordinates": [ [ [ 126.916846530436715, 37.62901567982572 ], [ 126.91669652227975, 37.628834205085127 ], [ 126.916549251646288, 37.628935459228458 ], [ 126.916551966043357, 37.628939335391266 ], [ 126.916655627530176, 37.629032931572567 ], [ 126.916662656143998, 37.629028521831927 ], [ 126.916701360495651, 37.62906260665158 ], [ 126.916846530436715, 37.62901567982572 ] ] ] } },
{ "type": "Feature", "properties": { "ADM_CD": "1138011000", "SGG_CD": "11380", "GU_NM": "은평구", "F_YR": 2025, "F_ZONE_NM": "서울특별시 은평구 증산동 169-13 B01호", "F_SHIM": 0.1, "F_AREA": 144.8221811, "F_AVR_HGT": 13.525475120544431, "반복침수연도수": 1, "반복침수여부": false, "침수이력점수": 1, "기본위험등급": "주의" }, "geometry": { "type": "Polygon", "coordinates": [ [ [ 126.908973091770605, 37.584210868141369 ], [ 126.909087875741093, 37.584133022826897 ], [ 126.909011207809385, 37.58405836117219 ], [ 126.908893480935632, 37.584135663512782 ], [ 126.908973091770605, 37.584210868141369 ] ] ] } },
{ "type": "Feature", "properties": { "ADM_CD": "1138011000", "SGG_CD": "11380", "GU_NM": "은평구", "F_YR": 2025, "F_ZONE_NM": "서울특별시 은평구 증산동 186-12 지층 102호", "F_SHIM": 0.1, "F_AREA": 614.26873716, "F_AVR_HGT": 13.357292747497558, "반복침수연도수": 1, "반복침수여부": false, "침수이력점수": 1, "기본위험등급": "주의" }, "geometry": { "type": "Polygon", "coordinates": [ [ [ 126.907155217191388, 37.583735871015541 ], [ 126.907065219664389, 37.583639483685474 ], [ 126.906990035280501, 37.583557523917172 ], [ 126.906761957888548, 37.58369618293716 ], [ 126.906922956636365, 37.583869751775026 ], [ 126.907155217191388, 37.583735871015541 ] ] ] } },
{ "type": "Feature", "properties": { "ADM_CD": "1138011000", "SGG_CD": "11380", "GU_NM": "은평구", "F_YR": 2025, "F_ZONE_NM": "서울특별시 은평구 증산동 172-23 101호", "F_SHIM": 0.1, "F_AREA": 161.93335236, "F_AVR_HGT": 13.18127212524414, "반복침수연도수": 1, "반복침수여부": false, "침수이력점수": 1, "기본위험등급": "주의" }, "geometry": { "type": "Polygon", "coordinates": [ [ [ 126.907744194095287, 37.583530284951074 ], [ 126.907645247574038, 37.583437494892792 ], [ 126.907546439477429, 37.583504990197909 ], [ 126.907542133353573, 37.583508140219529 ], [ 126.907642325656212, 37.583600570959561 ], [ 126.907744194095287, 37.583530284951074 ] ] ] } },
{ "type": "Feature", "properties": { "ADM_CD": "1138011000", "SGG_CD": "11380", "GU_NM": "은평구", "F_YR": 2025, "F_ZONE_NM": "서울특별시 은평구 증산동 185-3 103호", "F_SHIM": 0.1, "F_AREA": 170.9882124, "F_AVR_HGT": 13.100908851623537, "반복침수연도수": 1, "반복침수여부": false, "침수이력점수": 1, "기본위험등급": "주의" }, "geometry": { "type": "Polygon", "coordinates": [ [ [ 126.906245770061886, 37.582572598782257 ], [ 126.906369036508764, 37.58250170052542 ], [ 126.906294871112266, 37.582421182698049 ], [ 126.906261022234361, 37.582419713812271 ], [ 126.906160300759964, 37.582478466863414 ], [ 126.906245770061886, 37.582572598782257 ] ] ] } },
{ "type": "Feature", "properties": { "ADM_CD": "1138011000", "SGG_CD": "11380", "GU_NM": "은평구", "F_YR": 2025, "F_ZONE_NM": "서울특별시 은평구 증산동 184-10 B02호", "F_SHIM": 0.1, "F_AREA": 116.21209156, "F_AVR_HGT": 12.966750717163086, "반복침수연도수": 1, "반복침수여부": false, "침수이력점수": 1, "기본위험등급": "주의" }, "geometry": { "type": "Polygon", "coordinates": [ [ [ 126.905619354681107, 37.582223770482564 ], [ 126.905726306166798, 37.582162500185817 ], [ 126.905656886677193, 37.582089824380915 ], [ 126.905552880503194, 37.582149745531225 ], [ 126.905619354681107, 37.582223770482564 ] ] ] } },
{ "type": "Feature", "properties": { "ADM_CD": "1138011400", "SGG_CD": "11380", "GU_NM": "은평구", "F_YR": 2025, "F_ZONE_NM": "서울특별시 은평구 진관동 290", "F_SHIM": 0.1, "F_AREA": 5996.7513485299996, "F_AVR_HGT": 40.207513427734376, "반복침수연도수": 2, "반복침수여부": true, "침수이력점수": 1, "기본위험등급": "주의" }, "geometry": { "type": "Polygon", "coordinates": [ [ [ 126.944123024573074, 37.658019849502089 ], [ 126.944069536243475, 37.658016670054934 ], [ 126.943892413061704, 37.658005862067434 ], [ 126.943859223467229, 37.657985844219347 ], [ 126.943611977834564, 37.657939773418484 ], [ 126.943402152696251, 37.657865429946426 ], [ 126.943315776354083, 37.657891876006069 ], [ 126.943311023985203, 37.657896919117483 ], [ 126.943295927546103, 37.65791294901063 ], [ 126.94328212510996, 37.657911815979524 ], [ 126.943146571139238, 37.657900712045695 ], [ 126.942898544838258, 37.657839502993887 ], [ 126.9426011768781, 37.65773431925745 ], [ 126.942475611190147, 37.657689910518386 ], [ 126.942357344593731, 37.657630386956264 ], [ 126.942337535451387, 37.657615510942726 ], [ 126.94226697487494, 37.657562236946113 ], [ 126.942228324067599, 37.657555811598201 ], [ 126.942193486880541, 37.657542072243551 ], [ 126.942026642451651, 37.657476235107175 ], [ 126.942001740998109, 37.657466410934994 ], [ 126.941815057909324, 37.657366578732884 ], [ 126.941750397659447, 37.657304919339481 ], [ 126.941505474412821, 37.657193885039568 ], [ 126.941494940839647, 37.65718667188473 ], [ 126.941255934712032, 37.657046718795243 ], [ 126.941191599376893, 37.657004592384943 ], [ 126.940827324305701, 37.656766386094169 ], [ 126.940762717171296, 37.656766352837195 ], [ 126.940852444448623, 37.656827304891472 ], [ 126.940754543680171, 37.656825272359477 ], [ 126.940723254869965, 37.656824625556304 ], [ 126.940714528910561, 37.656824440863979 ], [ 126.940625842067476, 37.656766282262872 ], [ 126.940332214486645, 37.656766130329494 ], [ 126.940334932905174, 37.656767843590998 ], [ 126.940768913071139, 37.656978715714494 ], [ 126.941021290812301, 37.657118406357782 ], [ 126.941443129100904, 37.657353956461449 ], [ 126.941801195117421, 37.657554154586066 ], [ 126.942069546778981, 37.657705293434368 ], [ 126.942099678439988, 37.657722156836208 ], [ 126.942696985241056, 37.657919409181751 ], [ 126.943338085241109, 37.658058477164282 ], [ 126.944122950707722, 37.658115803230885 ], [ 126.944123024573074, 37.658019849502089 ] ] ] } },
{ "type": "Feature", "properties": { "ADM_CD": "1138010700", "SGG_CD": "11380", "GU_NM": "은평구", "F_YR": 2025, "F_ZONE_NM": "서울특별시 은평구 응암동 592-49 지하", "F_SHIM": 0.1, "F_AREA": 128.1412401, "F_AVR_HGT": 13.933221435546876, "반복침수연도수": 1, "반복침수여부": false, "침수이력점수": 1, "기본위험등급": "주의" }, "geometry": { "type": "Polygon", "coordinates": [ [ [ 126.914199830791162, 37.588174139424623 ], [ 126.914320337600557, 37.588140982160418 ], [ 126.914288393090686, 37.588057617453636 ], [ 126.914146936700675, 37.588093912628757 ], [ 126.9141573692457, 37.588138230788331 ], [ 126.914171772233303, 37.588156612529147 ], [ 126.914199830791162, 37.588174139424623 ] ] ] } },
{ "type": "Feature", "properties": { "ADM_CD": "1138010700", "SGG_CD": "11380", "GU_NM": "은평구", "F_YR": 2025, "F_ZONE_NM": "서울특별시 은평구 응암동 592-31 지하2호", "F_SHIM": 0.1, "F_AREA": 198.18179026000001, "F_AVR_HGT": 14.32761821746826, "반복침수연도수": 1, "반복침수여부": false, "침수이력점수": 1, "기본위험등급": "주의" }, "geometry": { "type": "Polygon", "coordinates": [ [ [ 126.914837549636474, 37.588128479004062 ], [ 126.914783146001767, 37.58798256958184 ], [ 126.914696505988914, 37.588004489921985 ], [ 126.914655620646442, 37.588015091465749 ], [ 126.91469130217861, 37.588098188527354 ], [ 126.914708465422464, 37.588138204881041 ], [ 126.914716639599234, 37.588158086619366 ], [ 126.91478954311988, 37.588148382538797 ], [ 126.914837549636474, 37.588128479004062 ] ] ] } },
{ "type": "Feature", "properties": { "ADM_CD": "1138010700", "SGG_CD": "11380", "GU_NM": "은평구", "F_YR": 2025, "F_ZONE_NM": "서울특별시 은평구 응암동 596-31 지층 좌측", "F_SHIM": 0.1, "F_AREA": 117.82025074000001, "F_AVR_HGT": 14.32761821746826, "반복침수연도수": 1, "반복침수여부": false, "침수이력점수": 1, "기본위험등급": "주의" }, "geometry": { "type": "Polygon", "coordinates": [ [ [ 126.915006561594012, 37.588055082620436 ], [ 126.915111552850547, 37.588025066622812 ], [ 126.915072710478412, 37.587933498113749 ], [ 126.91506988806907, 37.587926468364181 ], [ 126.914960373290754, 37.587951976083708 ], [ 126.915003964691095, 37.588048863921152 ], [ 126.915006561594012, 37.588055082620436 ] ] ] } },
{ "type": "Feature", "properties": { "ADM_CD": "1138010700", "SGG_CD": "11380", "GU_NM": "은평구", "F_YR": 2025, "F_ZONE_NM": "서울특별시 은평구 응암동 592-54 지층", "F_SHIM": 0.1, "F_AREA": 92.78822298, "F_AVR_HGT": 13.933221435546876, "반복침수연도수": 1, "반복침수여부": false, "침수이력점수": 1, "기본위험등급": "주의" }, "geometry": { "type": "Polygon", "coordinates": [ [ [ 126.914296357714548, 37.588024106699514 ], [ 126.914258768929997, 37.587926412151752 ], [ 126.914200102745824, 37.587941325120454 ], [ 126.914170882129554, 37.587949412366548 ], [ 126.914207678890662, 37.58804656576509 ], [ 126.914296357714548, 37.588024106699514 ] ] ] } },
{ "type": "Feature", "properties": { "ADM_CD": "1138010700", "SGG_CD": "11380", "GU_NM": "은평구", "F_YR": 2025, "F_ZONE_NM": "서울특별시 은평구 응암동 592-38 행보공간빌라 1동 101호", "F_SHIM": 0.1, "F_AREA": 134.44799949, "F_AVR_HGT": 14.054449653625488, "반복침수연도수": 1, "반복침수여부": false, "침수이력점수": 1, "기본위험등급": "주의" }, "geometry": { "type": "Polygon", "coordinates": [ [ [ 126.914498786403797, 37.588034166933888 ], [ 126.914634237788363, 37.588001290659655 ], [ 126.91459833998023, 37.587909543964713 ], [ 126.914463458211401, 37.587939537466617 ], [ 126.914498786403797, 37.588034166933888 ] ] ] } },
{ "type": "Feature", "properties": { "ADM_CD": "1138010700", "SGG_CD": "11380", "GU_NM": "은평구", "F_YR": 2025, "F_ZONE_NM": "서울특별시 은평구 응암동 596-7 B02호", "F_SHIM": 0.1, "F_AREA": 116.13102033, "F_AVR_HGT": 14.968293762207033, "반복침수연도수": 1, "반복침수여부": false, "침수이력점수": 1, "기본위험등급": "주의" }, "geometry": { "type": "Polygon", "coordinates": [ [ [ 126.915658083267729, 37.587819860644927 ], [ 126.9156534651014, 37.587799044532851 ], [ 126.915632740150258, 37.587705236918936 ], [ 126.91553547211609, 37.587714806648727 ], [ 126.915557073914698, 37.587833662300284 ], [ 126.915658083267729, 37.587819860644927 ] ] ] } },
{ "type": "Feature", "properties": { "ADM_CD": "1138010800", "SGG_CD": "11380", "GU_NM": "은평구", "F_YR": 2025, "F_ZONE_NM": "서울특별시 은평구 역촌동 55-34 지층", "F_SHIM": 0.1, "F_AREA": 338.57702081000002, "F_AVR_HGT": 27.013753509521489, "반복침수연도수": 1, "반복침수여부": false, "침수이력점수": 1, "기본위험등급": "주의" }, "geometry": { "type": "Polygon", "coordinates": [ [ [ 126.911030444093086, 37.605445319169092 ], [ 126.911022177296402, 37.605258088719822 ], [ 126.910923083477073, 37.60525972456356 ], [ 126.910830105139382, 37.605261274925091 ], [ 126.910835108371643, 37.605431113922869 ], [ 126.911030444093086, 37.605445319169092 ] ] ] } },
{ "type": "Feature", "properties": { "ADM_CD": "1138010900", "SGG_CD": "11380", "GU_NM": "은평구", "F_YR": 2025, "F_ZONE_NM": "서울특별시 은평구 신사동 338-29 지층 좌측", "F_SHIM": 0.1, "F_AREA": 132.81704298, "F_AVR_HGT": 14.498097991943361, "반복침수연도수": 1, "반복침수여부": false, "침수이력점수": 1, "기본위험등급": "주의" }, "geometry": { "type": "Polygon", "coordinates": [ [ [ 126.912580211817101, 37.5895841427363 ], [ 126.912696743040769, 37.589564228618606 ], [ 126.912676491559623, 37.589455824919753 ], [ 126.912563354961833, 37.589477633643952 ], [ 126.912548405666868, 37.589480775823866 ], [ 126.912580211817101, 37.5895841427363 ] ] ] } },
{ "type": "Feature", "properties": { "ADM_CD": "1138010900", "SGG_CD": "11380", "GU_NM": "은평구", "F_YR": 2025, "F_ZONE_NM": "서울특별시 은평구 신사동 338-32 지층 103호", "F_SHIM": 0.1, "F_AREA": 169.38553981000001, "F_AVR_HGT": 14.498097991943361, "반복침수연도수": 1, "반복침수여부": false, "침수이력점수": 1, "기본위험등급": "주의" }, "geometry": { "type": "Polygon", "coordinates": [ [ [ 126.912404445141362, 37.589430212087805 ], [ 126.912538506270778, 37.589398220143536 ], [ 126.912537976135866, 37.589396525892624 ], [ 126.912504928956437, 37.589289554090882 ], [ 126.912357830440328, 37.58930719247418 ], [ 126.912404445141362, 37.589430212087805 ] ] ] } },
{ "type": "Feature", "properties": { "ADM_CD": "1138010700", "SGG_CD": "11380", "GU_NM": "은평구", "F_YR": 2025, "F_ZONE_NM": "서울특별시 은평구 응암동 593-13 1층", "F_SHIM": 0.1, "F_AREA": 66.31441099, "F_AVR_HGT": 13.544816589355468, "반복침수연도수": 1, "반복침수여부": false, "침수이력점수": 1, "기본위험등급": "주의" }, "geometry": { "type": "Polygon", "coordinates": [ [ [ 126.914112257396354, 37.58696053791288 ], [ 126.914092885872435, 37.586873037914266 ], [ 126.914012809163452, 37.586898836853955 ], [ 126.914026880559703, 37.586968133038276 ], [ 126.914112257396354, 37.58696053791288 ] ] ] } },
{ "type": "Feature", "properties": { "ADM_CD": "1138011000", "SGG_CD": "11380", "GU_NM": "은평구", "F_YR": 2025, "F_ZONE_NM": "서울특별시 은평구 증산동 202-4 B01호", "F_SHIM": 0.1, "F_AREA": 288.53038076000001, "F_AVR_HGT": 23.713452911376955, "반복침수연도수": 1, "반복침수여부": false, "침수이력점수": 1, "기본위험등급": "주의" }, "geometry": { "type": "Polygon", "coordinates": [ [ [ 126.90836219204111, 37.586925867148523 ], [ 126.908427450360776, 37.586890870310498 ], [ 126.908345372670212, 37.586794580349057 ], [ 126.908134748640862, 37.586913343945305 ], [ 126.908212868211422, 37.587005846785452 ], [ 126.90836219204111, 37.586925867148523 ] ] ] } },
{ "type": "Feature", "properties": { "ADM_CD": "1138010800", "SGG_CD": "11380", "GU_NM": "은평구", "F_YR": 2025, "F_ZONE_NM": "서울특별시 은평구 역촌동 64-11 지층", "F_SHIM": 0.1, "F_AREA": 138.82400664, "F_AVR_HGT": 18.932853317260744, "반복침수연도수": 1, "반복침수여부": false, "침수이력점수": 1, "기본위험등급": "주의" }, "geometry": { "type": "Polygon", "coordinates": [ [ [ 126.913946273343967, 37.6039701779019 ], [ 126.913958150271284, 37.603885404261767 ], [ 126.913794414539538, 37.603870416466066 ], [ 126.913782875261532, 37.60395681210926 ], [ 126.913946273343967, 37.6039701779019 ] ] ] } },
{ "type": "Feature", "properties": { "ADM_CD": "1138010700", "SGG_CD": "11380", "GU_NM": "은평구", "F_YR": 2025, "F_ZONE_NM": "서울특별시 은평구 응암동 596-6 지층 좌측", "F_SHIM": 0.1, "F_AREA": 164.57034515000001, "F_AVR_HGT": 14.968293762207033, "반복침수연도수": 1, "반복침수여부": false, "침수이력점수": 1, "기본위험등급": "주의" }, "geometry": { "type": "Polygon", "coordinates": [ [ [ 126.9156534651014, 37.587799044532851 ], [ 126.915780543366722, 37.587780513541368 ], [ 126.915782343884075, 37.587780253563466 ], [ 126.915757876591698, 37.587671838286191 ], [ 126.915615099605134, 37.587686123201017 ], [ 126.915532325242864, 37.587694532194242 ], [ 126.91553547211609, 37.587714806648727 ], [ 126.915632740150258, 37.587705236918936 ], [ 126.9156534651014, 37.587799044532851 ] ] ] } },
{ "type": "Feature", "properties": { "ADM_CD": "1138010700", "SGG_CD": "11380", "GU_NM": "은평구", "F_YR": 2025, "F_ZONE_NM": "서울특별시 은평구 응암동 595-56 지층", "F_SHIM": 0.1, "F_AREA": 92.57523451, "F_AVR_HGT": 14.054449653625488, "반복침수연도수": 1, "반복침수여부": false, "침수이력점수": 1, "기본위험등급": "주의" }, "geometry": { "type": "Polygon", "coordinates": [ [ [ 126.915165381813722, 37.587492894185182 ], [ 126.915338300099918, 37.587466891987795 ], [ 126.915324549811317, 37.587412552551079 ], [ 126.915153099872128, 37.587441709250555 ], [ 126.915165381813722, 37.587492894185182 ] ] ] } },
{ "type": "Feature", "properties": { "ADM_CD": "1138010700", "SGG_CD": "11380", "GU_NM": "은평구", "F_YR": 2025, "F_ZONE_NM": "서울특별시 은평구 응암동 595-15 지층", "F_SHIM": 0.1, "F_AREA": 305.18230204000002, "F_AVR_HGT": 14.968293762207033, "반복침수연도수": 1, "반복침수여부": false, "침수이력점수": 1, "기본위험등급": "주의" }, "geometry": { "type": "Polygon", "coordinates": [ [ [ 126.915506191014941, 37.587283663983811 ], [ 126.915492682631182, 37.587215809965286 ], [ 126.915489873792353, 37.587196977330393 ], [ 126.915471852496353, 37.587115334947704 ], [ 126.915470499453974, 37.58711046864196 ], [ 126.91529271377469, 37.587136287282796 ], [ 126.915315030708982, 37.587223609035327 ], [ 126.915336218190703, 37.587308587396649 ], [ 126.915506191014941, 37.587283663983811 ] ] ] } },
{ "type": "Feature", "properties": { "ADM_CD": "1138010700", "SGG_CD": "11380", "GU_NM": "은평구", "F_YR": 2025, "F_ZONE_NM": "서울특별시 은평구 응암동 593-8 지하 101호", "F_SHIM": 0.1, "F_AREA": 308.50117113, "F_AVR_HGT": 13.544816589355468, "반복침수연도수": 1, "반복침수여부": false, "침수이력점수": 1, "기본위험등급": "주의" }, "geometry": { "type": "Polygon", "coordinates": [ [ [ 126.914009530097161, 37.587282023375664 ], [ 126.914031810306639, 37.587205996751962 ], [ 126.914056178616903, 37.587183850577098 ], [ 126.914157424967925, 37.587160499937916 ], [ 126.914153933250006, 37.587145000410615 ], [ 126.914047364299407, 37.58716942828503 ], [ 126.913998442754121, 37.587081545979792 ], [ 126.913977313735202, 37.587044680022835 ], [ 126.913895804543571, 37.587036690879479 ], [ 126.913805628797931, 37.587081402867597 ], [ 126.913826522952348, 37.587125386462596 ], [ 126.91383138053699, 37.587134670217232 ], [ 126.913893279698968, 37.587162286324485 ], [ 126.913975614072456, 37.587239201438337 ], [ 126.913990204630906, 37.587251916147139 ], [ 126.914009530097161, 37.587282023375664 ] ] ] } },
{ "type": "Feature", "properties": { "ADM_CD": "1138010700", "SGG_CD": "11380", "GU_NM": "은평구", "F_YR": 2025, "F_ZONE_NM": "서울특별시 은평구 응암동 595-25", "F_SHIM": 0.1, "F_AREA": 181.10170007, "F_AVR_HGT": 14.590073204040529, "반복침수연도수": 1, "반복침수여부": false, "침수이력점수": 1, "기본위험등급": "주의" }, "geometry": { "type": "Polygon", "coordinates": [ [ [ 126.914953054366919, 37.587232624289463 ], [ 126.914950131504028, 37.587214602444789 ], [ 126.914925697107236, 37.587098537646092 ], [ 126.914793435945967, 37.587115649365806 ], [ 126.914817056386838, 37.587250003590242 ], [ 126.914832456977578, 37.587247762438011 ], [ 126.914953054366919, 37.587232624289463 ] ] ] } },
{ "type": "Feature", "properties": { "ADM_CD": "1138010700", "SGG_CD": "11380", "GU_NM": "은평구", "F_YR": 2025, "F_ZONE_NM": "서울특별시 은평구 응암동 593-21 B01호", "F_SHIM": 0.1, "F_AREA": 90.37492459000001, "F_AVR_HGT": 13.544816589355468, "반복침수연도수": 1, "반복침수여부": false, "침수이력점수": 1, "기본위험등급": "주의" }, "geometry": { "type": "Polygon", "coordinates": [ [ [ 126.913826522952348, 37.587125386462596 ], [ 126.913805628797931, 37.587081402867597 ], [ 126.913776607249076, 37.58701660047241 ], [ 126.913707864459866, 37.587032046299939 ], [ 126.913745430495624, 37.587148121115817 ], [ 126.913826522952348, 37.587125386462596 ] ] ] } },
{ "type": "Feature", "properties": { "ADM_CD": "1138010700", "SGG_CD": "11380", "GU_NM": "은평구", "F_YR": 2025, "F_ZONE_NM": "서울특별시 은평구 응암동 594-85 B01호", "F_SHIM": 0.1, "F_AREA": 199.76844156000001, "F_AVR_HGT": 15.895234680175779, "반복침수연도수": 1, "반복침수여부": false, "침수이력점수": 1, "기본위험등급": "주의" }, "geometry": { "type": "Polygon", "coordinates": [ [ [ 126.915551277308296, 37.586967000571455 ], [ 126.915523898342556, 37.58685093374681 ], [ 126.915475196211005, 37.586767827429007 ], [ 126.91543192065653, 37.586790050210297 ], [ 126.915445144024289, 37.586810332018338 ], [ 126.915400747863131, 37.586822462937484 ], [ 126.915421924226322, 37.586917081821817 ], [ 126.915437361175464, 37.586981513514871 ], [ 126.915551277308296, 37.586967000571455 ] ] ] } },
{ "type": "Feature", "properties": { "ADM_CD": "1138010700", "SGG_CD": "11380", "GU_NM": "은평구", "F_YR": 2025, "F_ZONE_NM": "서울특별시 은평구 응암동 593-14 B02호", "F_SHIM": 0.1, "F_AREA": 174.36395438, "F_AVR_HGT": 13.544816589355468, "반복침수연도수": 1, "반복침수여부": false, "침수이력점수": 1, "기본위험등급": "주의" }, "geometry": { "type": "Polygon", "coordinates": [ [ [ 126.914012809163452, 37.586898836853955 ], [ 126.914092885872435, 37.586873037914266 ], [ 126.914074754646492, 37.586789953657046 ], [ 126.914068338433097, 37.586758054030568 ], [ 126.914015713321518, 37.586739184444028 ], [ 126.913924411404736, 37.586779120469465 ], [ 126.913953438689077, 37.586839057515611 ], [ 126.913979644595997, 37.586891243989875 ], [ 126.9139939239098, 37.586879631870246 ], [ 126.914012809163452, 37.586898836853955 ] ] ] } },
{ "type": "Feature", "properties": { "ADM_CD": "1138010700", "SGG_CD": "11380", "GU_NM": "은평구", "F_YR": 2025, "F_ZONE_NM": "서울특별시 은평구 응암동 594-70 지하", "F_SHIM": 0.1, "F_AREA": 121.25513447, "F_AVR_HGT": 14.590073204040529, "반복침수연도수": 1, "반복침수여부": false, "침수이력점수": 1, "기본위험등급": "주의" }, "geometry": { "type": "Polygon", "coordinates": [ [ [ 126.914609320305345, 37.586840172910975 ], [ 126.914558470644494, 37.586754812171449 ], [ 126.914552653739946, 37.58674285181349 ], [ 126.914460983861431, 37.58675872267024 ], [ 126.914471954250587, 37.586866200265533 ], [ 126.914568778810249, 37.586847711330869 ], [ 126.914609320305345, 37.586840172910975 ] ] ] } },
{ "type": "Feature", "properties": { "ADM_CD": "1138010700", "SGG_CD": "11380", "GU_NM": "은평구", "F_YR": 2025, "F_ZONE_NM": "서울특별시 은평구 응암동 594-13 지층 좌", "F_SHIM": 0.1, "F_AREA": 124.59696135, "F_AVR_HGT": 14.590073204040529, "반복침수연도수": 1, "반복침수여부": false, "침수이력점수": 1, "기본위험등급": "주의" }, "geometry": { "type": "Polygon", "coordinates": [ [ [ 126.914621890636838, 37.586837659406704 ], [ 126.914730171972963, 37.586800528380607 ], [ 126.914677062309067, 37.586711291793833 ], [ 126.914558470644494, 37.586754812171449 ], [ 126.914609320305345, 37.586840172910975 ], [ 126.914621890636838, 37.586837659406704 ] ] ] } },
{ "type": "Feature", "properties": { "ADM_CD": "1138010700", "SGG_CD": "11380", "GU_NM": "은평구", "F_YR": 2025, "F_ZONE_NM": "서울특별시 은평구 응암동 594-61 B02호", "F_SHIM": 0.1, "F_AREA": 170.26204853, "F_AVR_HGT": 14.590073204040529, "반복침수연도수": 1, "반복침수여부": false, "침수이력점수": 1, "기본위험등급": "주의" }, "geometry": { "type": "Polygon", "coordinates": [ [ [ 126.915149498175211, 37.586541262108675 ], [ 126.915222489136312, 37.586474011898119 ], [ 126.915224075870015, 37.586472571481771 ], [ 126.915196605726393, 37.58643606149738 ], [ 126.915173543663499, 37.586406041824141 ], [ 126.915168455254005, 37.586400451993917 ], [ 126.915071114988905, 37.586473901140636 ], [ 126.915030659543362, 37.58650513569286 ], [ 126.915035407666309, 37.586511265870712 ], [ 126.915095546909441, 37.586592128284146 ], [ 126.915149498175211, 37.586541262108675 ] ] ] } },
{ "type": "Feature", "properties": { "ADM_CD": "1138010800", "SGG_CD": "11380", "GU_NM": "은평구", "F_YR": 2025, "F_ZONE_NM": "서울특별시 은평구 역촌동 64-58 성림연립 B01호", "F_SHIM": 0.1, "F_AREA": 291.37936409000002, "F_AVR_HGT": 18.932853317260744, "반복침수연도수": 1, "반복침수여부": false, "침수이력점수": 1, "기본위험등급": "주의" }, "geometry": { "type": "Polygon", "coordinates": [ [ [ 126.914446790665352, 37.603606731473874 ], [ 126.914463228790794, 37.603494481174344 ], [ 126.91433391546272, 37.60348366403084 ], [ 126.914205280589456, 37.603473748230087 ], [ 126.914190197653198, 37.603588882640736 ], [ 126.914319059213014, 37.603598798625278 ], [ 126.914446790665352, 37.603606731473874 ] ] ] } },
{ "type": "Feature", "properties": { "ADM_CD": "1138010300", "SGG_CD": "11380", "GU_NM": "은평구", "F_YR": 2025, "F_ZONE_NM": "서울특별시 은평구 불광동 281-89 지하1층 몰디브태닝", "F_SHIM": 0.1, "F_AREA": 231.70270291, "F_AVR_HGT": 27.793798065185548, "반복침수연도수": 1, "반복침수여부": false, "침수이력점수": 1, "기본위험등급": "주의" }, "geometry": { "type": "Polygon", "coordinates": [ [ [ 126.930240215107688, 37.610958978449993 ], [ 126.930348091196649, 37.611019139019533 ], [ 126.930458234734274, 37.611077048401498 ], [ 126.930519010066774, 37.611003654988338 ], [ 126.930411585944185, 37.610944485926773 ], [ 126.93030427713812, 37.610883334677204 ], [ 126.930240215107688, 37.610958978449993 ] ] ] } },
{ "type": "Feature", "properties": { "ADM_CD": "1138010700", "SGG_CD": "11380", "GU_NM": "은평구", "F_YR": 2025, "F_ZONE_NM": "서울특별시 은평구 응암동 583-51 지층 뒤", "F_SHIM": 0.1, "F_AREA": 166.03406619, "F_AVR_HGT": 14.942345237731931, "반복침수연도수": 1, "반복침수여부": false, "침수이력점수": 1, "기본위험등급": "주의" }, "geometry": { "type": "Polygon", "coordinates": [ [ [ 126.916511151052063, 37.592448205367965 ], [ 126.916503041247907, 37.592410718581675 ], [ 126.916509323217866, 37.592362880840874 ], [ 126.916519126522459, 37.592305134807923 ], [ 126.916375075650549, 37.592326744711031 ], [ 126.916405490774551, 37.592464166747909 ], [ 126.916511151052063, 37.592448205367965 ] ] ] } },
{ "type": "Feature", "properties": { "ADM_CD": "1138010700", "SGG_CD": "11380", "GU_NM": "은평구", "F_YR": 2025, "F_ZONE_NM": "서울특별시 은평구 응암동 594-63 지층", "F_SHIM": 0.1, "F_AREA": 175.72721479, "F_AVR_HGT": 14.590073204040529, "반복침수연도수": 1, "반복침수여부": false, "침수이력점수": 1, "기본위험등급": "주의" }, "geometry": { "type": "Polygon", "coordinates": [ [ [ 126.915030659543362, 37.58650513569286 ], [ 126.915071114988905, 37.586473901140636 ], [ 126.915168455254005, 37.586400451993917 ], [ 126.915115887910375, 37.586331578260591 ], [ 126.915105600287234, 37.58631832624777 ], [ 126.914969393464077, 37.586419767493098 ], [ 126.915006217710683, 37.586473853597106 ], [ 126.915030659543362, 37.58650513569286 ] ] ] } },
{ "type": "Feature", "properties": { "ADM_CD": "1138010800", "SGG_CD": "11380", "GU_NM": "은평구", "F_YR": 2025, "F_ZONE_NM": "서울특별시 은평구 역촌동 34-11 b02호", "F_SHIM": 0.1, "F_AREA": 151.20099645, "F_AVR_HGT": 18.296643829345705, "반복침수연도수": 1, "반복침수여부": false, "침수이력점수": 1, "기본위험등급": "주의" }, "geometry": { "type": "Polygon", "coordinates": [ [ [ 126.917137189896081, 37.603078547441172 ], [ 126.91715088829676, 37.602981971894415 ], [ 126.916991681117111, 37.602969244226166 ], [ 126.91697866330486, 37.60306464896459 ], [ 126.917137189896081, 37.603078547441172 ] ] ] } },
{ "type": "Feature", "properties": { "ADM_CD": "1138010800", "SGG_CD": "11380", "GU_NM": "은평구", "F_YR": 2025, "F_ZONE_NM": "서울특별시 은평구 역촌동 63-61 1층", "F_SHIM": 0.1, "F_AREA": 164.40422859, "F_AVR_HGT": 18.482789611816408, "반복침수연도수": 1, "반복침수여부": false, "침수이력점수": 1, "기본위험등급": "주의" }, "geometry": { "type": "Polygon", "coordinates": [ [ [ 126.915066593061184, 37.602912349316306 ], [ 126.915078488665841, 37.602810186595683 ], [ 126.914936786619975, 37.602800153902933 ], [ 126.914911786226526, 37.602816326219134 ], [ 126.914901496441587, 37.602900695693911 ], [ 126.915066593061184, 37.602912349316306 ] ] ] } },
{ "type": "Feature", "properties": { "ADM_CD": "1138010800", "SGG_CD": "11380", "GU_NM": "은평구", "F_YR": 2025, "F_ZONE_NM": "서울특별시 은평구 역촌동 66-39 B1층", "F_SHIM": 0.1, "F_AREA": 135.04757376000001, "F_AVR_HGT": 18.482789611816408, "반복침수연도수": 1, "반복침수여부": false, "침수이력점수": 1, "기본위험등급": "주의" }, "geometry": { "type": "Polygon", "coordinates": [ [ [ 126.914678876779433, 37.602884764913036 ], [ 126.914693723221063, 37.602777468800852 ], [ 126.914696803319046, 37.602758099939251 ], [ 126.914587984814673, 37.602750361488823 ], [ 126.914585477408465, 37.60276414467684 ], [ 126.914571192735536, 37.602875135218298 ], [ 126.914678876779433, 37.602884764913036 ] ] ] } },
{ "type": "Feature", "properties": { "ADM_CD": "1138010700", "SGG_CD": "11380", "GU_NM": "은평구", "F_YR": 2025, "F_ZONE_NM": "서울특별시 은평구 응암동 585-31 지층 좌", "F_SHIM": 0.1, "F_AREA": 144.56318543, "F_AVR_HGT": 14.323570823669431, "반복침수연도수": 1, "반복침수여부": false, "침수이력점수": 1, "기본위험등급": "주의" }, "geometry": { "type": "Polygon", "coordinates": [ [ [ 126.915454550367926, 37.590932614680426 ], [ 126.915561411192215, 37.590855568271543 ], [ 126.915476011830947, 37.59078063424009 ], [ 126.915470912418058, 37.590784324559408 ], [ 126.915366885573462, 37.590858489805306 ], [ 126.915454550367926, 37.590932614680426 ] ] ] } },
{ "type": "Feature", "properties": { "ADM_CD": "1138010700", "SGG_CD": "11380", "GU_NM": "은평구", "F_YR": 2025, "F_ZONE_NM": "서울특별시 은평구 응암동 585-32 지층 가호", "F_SHIM": 0.1, "F_AREA": 124.37748885000001, "F_AVR_HGT": 14.323570823669431, "반복침수연도수": 1, "반복침수여부": false, "침수이력점수": 1, "기본위험등급": "주의" }, "geometry": { "type": "Polygon", "coordinates": [ [ [ 126.915653313676415, 37.590789232600514 ], [ 126.915570067244104, 37.590712858627043 ], [ 126.915476011830947, 37.59078063424009 ], [ 126.915561411192215, 37.590855568271543 ], [ 126.915653313676415, 37.590789232600514 ] ] ] } },
{ "type": "Feature", "properties": { "ADM_CD": "1138010700", "SGG_CD": "11380", "GU_NM": "은평구", "F_YR": 2025, "F_ZONE_NM": "서울특별시 은평구 응암동 589-26 지층좌(시온교회)", "F_SHIM": 0.1, "F_AREA": 138.91886581, "F_AVR_HGT": 14.502810096740722, "반복침수연도수": 1, "반복침수여부": false, "침수이력점수": 1, "기본위험등급": "주의" }, "geometry": { "type": "Polygon", "coordinates": [ [ [ 126.915655922959786, 37.590291981122583 ], [ 126.91566068161984, 37.590289191531632 ], [ 126.915677645586541, 37.590207844959814 ], [ 126.915557198005999, 37.590187124760234 ], [ 126.915526009472089, 37.590330448693209 ], [ 126.915655922959786, 37.590291981122583 ] ] ] } },
{ "type": "Feature", "properties": { "ADM_CD": "1138010900", "SGG_CD": "11380", "GU_NM": "은평구", "F_YR": 2025, "F_ZONE_NM": "서울특별시 은평구 신사동 349-3 지층", "F_SHIM": 0.1, "F_AREA": 113.05747604, "F_AVR_HGT": 15.871092414855957, "반복침수연도수": 1, "반복침수여부": false, "침수이력점수": 1, "기본위험등급": "주의" }, "geometry": { "type": "Polygon", "coordinates": [ [ [ 126.912355656008074, 37.591794448731441 ], [ 126.912486345758055, 37.591773194048343 ], [ 126.912456424164503, 37.59170298479512 ], [ 126.912434597845504, 37.591680714011353 ], [ 126.912339542119852, 37.591729385488733 ], [ 126.912311783602618, 37.59174432085414 ], [ 126.912355656008074, 37.591794448731441 ] ] ] } },
{ "type": "Feature", "properties": { "ADM_CD": "1138010800", "SGG_CD": "11380", "GU_NM": "은평구", "F_YR": 2025, "F_ZONE_NM": "서울특별시 은평구 역촌동 39-38 B2호", "F_SHIM": 0.1, "F_AREA": 137.04621347, "F_AVR_HGT": 17.85084686279297, "반복침수연도수": 1, "반복침수여부": false, "침수이력점수": 1, "기본위험등급": "주의" }, "geometry": { "type": "Polygon", "coordinates": [ [ [ 126.918090576873823, 37.601168330801109 ], [ 126.918102124917581, 37.601069230839407 ], [ 126.91796216935461, 37.601059491326204 ], [ 126.917951104641688, 37.601151527910268 ], [ 126.917950281704535, 37.601158320738925 ], [ 126.918090576873823, 37.601168330801109 ] ] ] } },
{ "type": "Feature", "properties": { "ADM_CD": "1138010800", "SGG_CD": "11380", "GU_NM": "은평구", "F_YR": 2025, "F_ZONE_NM": "서울특별시 은평구 역촌동 48-27 B02호", "F_SHIM": 0.1, "F_AREA": 176.03633172, "F_AVR_HGT": 19.656392669677736, "반복침수연도수": 1, "반복침수여부": false, "침수이력점수": 1, "기본위험등급": "주의" }, "geometry": { "type": "Polygon", "coordinates": [ [ [ 126.913299973155731, 37.606372796557615 ], [ 126.913451261400937, 37.606383901525234 ], [ 126.913462805160137, 37.606294352516592 ], [ 126.913466919941513, 37.606262280623014 ], [ 126.913457067895166, 37.606261732683201 ], [ 126.913334985644553, 37.6062612811374 ], [ 126.913312109937408, 37.606260723453886 ], [ 126.913310846216319, 37.606275949107285 ], [ 126.913308672883161, 37.606294237419966 ], [ 126.913299973155731, 37.606372796557615 ] ] ] } },
{ "type": "Feature", "properties": { "ADM_CD": "1138010800", "SGG_CD": "11380", "GU_NM": "은평구", "F_YR": 2025, "F_ZONE_NM": "서울특별시 은평구 역촌동 83-33 지층 101호", "F_SHIM": 0.1, "F_AREA": 151.26013224, "F_AVR_HGT": 17.689494705200197, "반복침수연도수": 1, "반복침수여부": false, "침수이력점수": 1, "기본위험등급": "주의" }, "geometry": { "type": "Polygon", "coordinates": [ [ [ 126.915295299061697, 37.600990900505018 ], [ 126.915449748090467, 37.601001464634713 ], [ 126.915456493565131, 37.600945698708891 ], [ 126.915464597922849, 37.600889933772898 ], [ 126.915469050020704, 37.60085894320477 ], [ 126.91546939648849, 37.600853087068081 ], [ 126.91544675056322, 37.600851088393433 ], [ 126.915441496738552, 37.600889916927827 ], [ 126.915438869460843, 37.600909646538575 ], [ 126.915305254701067, 37.600901079777046 ], [ 126.915295299061697, 37.600990900505018 ] ] ] } },
{ "type": "Feature", "properties": { "ADM_CD": "1138010700", "SGG_CD": "11380", "GU_NM": "은평구", "F_YR": 2025, "F_ZONE_NM": "서울특별시 은평구 응암동 587-25 지층 나호", "F_SHIM": 0.1, "F_AREA": 144.42921961, "F_AVR_HGT": 14.16219482421875, "반복침수연도수": 1, "반복침수여부": false, "침수이력점수": 1, "기본위험등급": "주의" }, "geometry": { "type": "Polygon", "coordinates": [ [ [ 126.914477738675586, 37.589774493654289 ], [ 126.914458939782349, 37.589680416991229 ], [ 126.914312063196647, 37.589701661910816 ], [ 126.914307646403856, 37.589702559632379 ], [ 126.914324407180047, 37.589796544715163 ], [ 126.914477738675586, 37.589774493654289 ] ] ] } },
{ "type": "Feature", "properties": { "ADM_CD": "1138010700", "SGG_CD": "11380", "GU_NM": "은평구", "F_YR": 2025, "F_ZONE_NM": "서울특별시 은평구 응암동 590-31 지하상가", "F_SHIM": 0.1, "F_AREA": 117.2006465, "F_AVR_HGT": 14.16219482421875, "반복침수연도수": 1, "반복침수여부": false, "침수이력점수": 1, "기본위험등급": "주의" }, "geometry": { "type": "Polygon", "coordinates": [ [ [ 126.915373082100459, 37.589706405328535 ], [ 126.915253798744459, 37.589658746225602 ], [ 126.915220002108143, 37.589707104399842 ], [ 126.915235126926987, 37.589748020160748 ], [ 126.915335959113463, 37.589791971775 ], [ 126.915373082100459, 37.589706405328535 ] ] ] } },
{ "type": "Feature", "properties": { "ADM_CD": "1138010400", "SGG_CD": "11380", "GU_NM": "은평구", "F_YR": 2025, "F_ZONE_NM": "서울특별시 은평구 갈현동 400-7 1층", "F_SHIM": 0.1, "F_AREA": 340.32581111000002, "F_AVR_HGT": 25.794210052490239, "반복침수연도수": 1, "반복침수여부": false, "침수이력점수": 1, "기본위험등급": "주의" }, "geometry": { "type": "Polygon", "coordinates": [ [ [ 126.918573937767334, 37.619382553846194 ], [ 126.918631447741078, 37.619308263392334 ], [ 126.9186672916438, 37.619262428673196 ], [ 126.918694627942429, 37.619227760126101 ], [ 126.918667346030034, 37.619213415390718 ], [ 126.918614819875586, 37.619185808508625 ], [ 126.918557279599924, 37.619185497777295 ], [ 126.91846843553337, 37.619222555668507 ], [ 126.918357947273307, 37.619268337749375 ], [ 126.918548013549469, 37.619369561508059 ], [ 126.918573937767334, 37.619382553846194 ] ] ] } },
{ "type": "Feature", "properties": { "ADM_CD": "1138010400", "SGG_CD": "11380", "GU_NM": "은평구", "F_YR": 2025, "F_ZONE_NM": "서울특별시 은평구 갈현동 411-22", "F_SHIM": 0.1, "F_AREA": 309.77340918, "F_AVR_HGT": 34.045850372314455, "반복침수연도수": 1, "반복침수여부": false, "침수이력점수": 1, "기본위험등급": "주의" }, "geometry": { "type": "Polygon", "coordinates": [ [ [ 126.918110512670836, 37.623576017937694 ], [ 126.918119668805161, 37.623694593308613 ], [ 126.918252433943053, 37.623689281188412 ], [ 126.918242484669989, 37.623570705267852 ], [ 126.918232763486529, 37.623450778035753 ], [ 126.918100678121391, 37.623456360908634 ], [ 126.918110512670836, 37.623576017937694 ] ] ] } },
{ "type": "Feature", "properties": { "ADM_CD": "1138010700", "SGG_CD": "11380", "GU_NM": "은평구", "F_YR": 2025, "F_ZONE_NM": "서울특별시 은평구 응암동 751-16", "F_SHIM": 0.1, "F_AREA": 127.04318907, "F_AVR_HGT": 19.415355300903322, "반복침수연도수": 1, "반복침수여부": false, "침수이력점수": 1, "기본위험등급": "주의" }, "geometry": { "type": "Polygon", "coordinates": [ [ [ 126.918672369973166, 37.586701909977911 ], [ 126.918676066786688, 37.586635329768299 ], [ 126.918660670031485, 37.586634327878407 ], [ 126.918662716970218, 37.586626220448601 ], [ 126.918498666119675, 37.586622321050015 ], [ 126.918475952260692, 37.586685283936895 ], [ 126.918672369973166, 37.586701909977911 ] ] ] } },
{ "type": "Feature", "properties": { "ADM_CD": "1138010200", "SGG_CD": "11380", "GU_NM": "은평구", "F_YR": 2025, "F_ZONE_NM": "서울특별시 은평구 녹번동 156-21 지층", "F_SHIM": 0.1, "F_AREA": 133.45395186, "F_AVR_HGT": 20.487279510498048, "반복침수연도수": 1, "반복침수여부": false, "침수이력점수": 1, "기본위험등급": "주의" }, "geometry": { "type": "Polygon", "coordinates": [ [ [ 126.924348117676161, 37.602449794310729 ], [ 126.92434811429797, 37.602453064876009 ], [ 126.924304046586286, 37.602578083452826 ], [ 126.924347976099, 37.602586860726248 ], [ 126.924405604958523, 37.602598701266096 ], [ 126.924445028607849, 37.602474571592076 ], [ 126.924442995522426, 37.60246943466263 ], [ 126.924348117676161, 37.602449794310729 ] ] ] } },
{ "type": "Feature", "properties": { "ADM_CD": "1138010700", "SGG_CD": "11380", "GU_NM": "은평구", "F_YR": 2025, "F_ZONE_NM": "서울특별시 은평구 응암동 584-56 지하 우측", "F_SHIM": 0.1, "F_AREA": 130.02369267, "F_AVR_HGT": 14.337142562866211, "반복침수연도수": 1, "반복침수여부": false, "침수이력점수": 1, "기본위험등급": "주의" }, "geometry": { "type": "Polygon", "coordinates": [ [ [ 126.915997582400848, 37.591922506488757 ], [ 126.916018874633039, 37.592016728835638 ], [ 126.916019077412159, 37.592017629966854 ], [ 126.916157489054413, 37.591996016418904 ], [ 126.91613143928744, 37.591903376387648 ], [ 126.915997582400848, 37.591922506488757 ] ] ] } },
{ "type": "Feature", "properties": { "ADM_CD": "1138011000", "SGG_CD": "11380", "GU_NM": "은평구", "F_YR": 2025, "F_ZONE_NM": "서울특별시 은평구 증산동 188-12 상가 지하1층", "F_SHIM": 0.1, "F_AREA": 1172.84316732, "F_AVR_HGT": 13.649833297729492, "반복침수연도수": 1, "반복침수여부": false, "침수이력점수": 1, "기본위험등급": "주의" }, "geometry": { "type": "Polygon", "coordinates": [ [ [ 126.907540832739741, 37.584542830936044 ], [ 126.907652648804657, 37.584666264802905 ], [ 126.907723312693534, 37.584743175024883 ], [ 126.907782215969874, 37.584809083843929 ], [ 126.90781753710003, 37.584811094053435 ], [ 126.907924720762722, 37.584746758627048 ], [ 126.907938402718486, 37.584760554550456 ], [ 126.90795230964666, 37.584775521931611 ], [ 126.908023992222184, 37.584852973371028 ], [ 126.908131286620957, 37.584790529914486 ], [ 126.908081087778413, 37.584734989491373 ], [ 126.908046490247472, 37.584697571207471 ], [ 126.908018564523545, 37.584666555194204 ], [ 126.908002623199494, 37.584648793154223 ], [ 126.907962485923079, 37.584605153657165 ], [ 126.907936707995873, 37.584576842282495 ], [ 126.907892613078005, 37.58452932538637 ], [ 126.907780342487769, 37.584407062663978 ], [ 126.907776836629623, 37.584403996529502 ], [ 126.907540832739741, 37.584542830936044 ] ] ] } },
{ "type": "Feature", "properties": { "ADM_CD": "1138010800", "SGG_CD": "11380", "GU_NM": "은평구", "F_YR": 2025, "F_ZONE_NM": "서울특별시 은평구 역촌동 23-9 지하2호", "F_SHIM": 0.1, "F_AREA": 157.49568314000001, "F_AVR_HGT": 18.717252349853521, "반복침수연도수": 1, "반복침수여부": false, "침수이력점수": 1, "기본위험등급": "주의" }, "geometry": { "type": "Polygon", "coordinates": [ [ [ 126.917480721717865, 37.604836249013466 ], [ 126.917495683755178, 37.60472363686894 ], [ 126.917353117561078, 37.604713173991648 ], [ 126.917339515291062, 37.604824886105668 ], [ 126.917480721717865, 37.604836249013466 ] ] ] } },
{ "type": "Feature", "properties": { "ADM_CD": "1138010800", "SGG_CD": "11380", "GU_NM": "은평구", "F_YR": 2025, "F_ZONE_NM": "서울특별시 은평구 역촌동 11-53 B02호", "F_SHIM": 0.1, "F_AREA": 188.75746936, "F_AVR_HGT": 19.706746673583982, "반복침수연도수": 1, "반복침수여부": false, "침수이력점수": 1, "기본위험등급": "주의" }, "geometry": { "type": "Polygon", "coordinates": [ [ [ 126.91652266037633, 37.60741552537818 ], [ 126.916535812676159, 37.607302641808012 ], [ 126.916367989746007, 37.607289546706177 ], [ 126.916365821958422, 37.607303600461066 ], [ 126.916352798677408, 37.607402428786585 ], [ 126.91652266037633, 37.60741552537818 ] ] ] } },
{ "type": "Feature", "properties": { "ADM_CD": "1138010800", "SGG_CD": "11380", "GU_NM": "은평구", "F_YR": 2025, "F_ZONE_NM": "서울특별시 은평구 역촌동 11-38 지층 1호", "F_SHIM": 0.1, "F_AREA": 158.58751081, "F_AVR_HGT": 19.706746673583982, "반복침수연도수": 1, "반복침수여부": false, "침수이력점수": 1, "기본위험등급": "주의" }, "geometry": { "type": "Polygon", "coordinates": [ [ [ 126.917083527471092, 37.607172933122499 ], [ 126.917091419156307, 37.60710446413519 ], [ 126.917099992467712, 37.607034103571877 ], [ 126.916983918742574, 37.60702699283042 ], [ 126.916967115105791, 37.607164650845675 ], [ 126.917083527471092, 37.607172933122499 ] ] ] } },
{ "type": "Feature", "properties": { "ADM_CD": "1138010500", "SGG_CD": "11380", "GU_NM": "은평구", "F_YR": 2025, "F_ZONE_NM": "서울특별시 은평구 구산동 7-9 지하 101호", "F_SHIM": 0.1, "F_AREA": 146.18340007, "F_AVR_HGT": 21.374545669555665, "반복침수연도수": 1, "반복침수여부": false, "침수이력점수": 1, "기본위험등급": "주의" }, "geometry": { "type": "Polygon", "coordinates": [ [ [ 126.914319556632307, 37.610933963537541 ], [ 126.914326482412434, 37.610919282657534 ], [ 126.914266691186043, 37.610815355310883 ], [ 126.914157464525886, 37.610856088966813 ], [ 126.914192614835343, 37.610918012404255 ], [ 126.914221777041334, 37.610967587956246 ], [ 126.914319556632307, 37.610933963537541 ] ] ] } },
{ "type": "Feature", "properties": { "ADM_CD": "1138011400", "SGG_CD": "11380", "GU_NM": "은평구", "F_YR": 2025, "F_ZONE_NM": "서울특별시 은평구 진관동 335-4 진관동다육이농장", "F_SHIM": 0.1, "F_AREA": 214.37486083, "F_AVR_HGT": 49.794507598876962, "반복침수연도수": 1, "반복침수여부": false, "침수이력점수": 1, "기본위험등급": "주의" }, "geometry": { "type": "Polygon", "coordinates": [ [ [ 126.938734499691222, 37.647262434821371 ], [ 126.938781238677322, 37.647197499318672 ], [ 126.938819283434299, 37.647095889454036 ], [ 126.938855483924669, 37.647031398806767 ], [ 126.938888176475189, 37.646961230136618 ], [ 126.938827189526663, 37.646991650733483 ], [ 126.938700602221488, 37.647148443317619 ], [ 126.938666062264616, 37.647259154867427 ], [ 126.938716937239604, 37.647261434400221 ], [ 126.938734499691222, 37.647262434821371 ] ] ] } },
{ "type": "Feature", "properties": { "ADM_CD": "1138010600", "SGG_CD": "11380", "GU_NM": "은평구", "F_YR": 2025, "F_ZONE_NM": "서울특별시 은평구 대조동 79-5 지층 우측", "F_SHIM": 0.1, "F_AREA": 373.41521047999998, "F_AVR_HGT": 25.717261886596681, "반복침수연도수": 1, "반복침수여부": false, "침수이력점수": 1, "기본위험등급": "주의" }, "geometry": { "type": "Polygon", "coordinates": [ [ [ 126.926543591032384, 37.610440876015588 ], [ 126.926534535287175, 37.610436185158164 ], [ 126.926619379768979, 37.61030730857162 ], [ 126.926444811112077, 37.610236380502037 ], [ 126.926436423155465, 37.610243402822434 ], [ 126.926408119203927, 37.610233564113067 ], [ 126.92632624747489, 37.610334241720096 ], [ 126.926350899442042, 37.6103717382572 ], [ 126.926364921638807, 37.610393100450423 ], [ 126.926480515352011, 37.610433177584653 ], [ 126.926532700402916, 37.610458888727614 ], [ 126.926543591032384, 37.610440876015588 ] ] ] } },
{ "type": "Feature", "properties": { "ADM_CD": "1138010200", "SGG_CD": "11380", "GU_NM": "은평구", "F_YR": 2025, "F_ZONE_NM": "서울특별시 은평구 녹번동 280-1 (상가동) 진로상가 B02호", "F_SHIM": 0.1, "F_AREA": 8595.9212096899992, "F_AVR_HGT": 83.645089721679682, "반복침수연도수": 1, "반복침수여부": false, "침수이력점수": 1, "기본위험등급": "주의" }, "geometry": { "type": "Polygon", "coordinates": [ [ [ 126.937411212682477, 37.600606479901387 ], [ 126.937475885417044, 37.600592189378723 ], [ 126.937520713610837, 37.60060987296329 ], [ 126.937618741558524, 37.600654975231549 ], [ 126.937625516513847, 37.600677773772205 ], [ 126.937811135222546, 37.600657962380666 ], [ 126.937818166752891, 37.600645532608716 ], [ 126.93782665750787, 37.600648240140224 ], [ 126.937846515032632, 37.600600859141714 ], [ 126.937868477975826, 37.600607628361274 ], [ 126.937913854451622, 37.600646485195675 ], [ 126.938001622497268, 37.600638964202062 ], [ 126.93801167615797, 37.600401650651783 ], [ 126.938181540604887, 37.60039723701086 ], [ 126.938600443653542, 37.599827769375722 ], [ 126.938504461497772, 37.599774379962874 ], [ 126.938345962000483, 37.59959806290815 ], [ 126.937895092756435, 37.599539977604252 ], [ 126.937759026925207, 37.599616848153346 ], [ 126.937646206864315, 37.599788784860479 ], [ 126.937426839949239, 37.599814343968369 ], [ 126.937476320786587, 37.599952131163974 ], [ 126.937369627605946, 37.599976940361906 ], [ 126.937435255243329, 37.600168975534153 ], [ 126.937463397873785, 37.600232149732292 ], [ 126.937456881842692, 37.600435768392309 ], [ 126.937411212682477, 37.600606479901387 ] ] ] } },
{ "type": "Feature", "properties": { "ADM_CD": "1138010300", "SGG_CD": "11380", "GU_NM": "은평구", "F_YR": 2025, "F_ZONE_NM": "서울특별시 은평구 불광동 310-253 1층, 두드림마을", "F_SHIM": 0.1, "F_AREA": 8.48274228, "F_AVR_HGT": 29.326652145385744, "반복침수연도수": 1, "반복침수여부": false, "침수이력점수": 1, "기본위험등급": "주의" }, "geometry": { "type": "Polygon", "coordinates": [ [ [ 126.921984603895226, 37.619686459860191 ], [ 126.922022308481232, 37.619699819771533 ], [ 126.922032972612541, 37.619684059802999 ], [ 126.921991309066769, 37.619665561640488 ], [ 126.921984603895226, 37.619686459860191 ] ] ] } },
{ "type": "Feature", "properties": { "ADM_CD": "1138010400", "SGG_CD": "11380", "GU_NM": "은평구", "F_YR": 2025, "F_ZONE_NM": "서울특별시 은평구 갈현동 478-6 B01호", "F_SHIM": 0.1, "F_AREA": 217.80396857, "F_AVR_HGT": 23.612083053588869, "반복침수연도수": 1, "반복침수여부": false, "침수이력점수": 1, "기본위험등급": "주의" }, "geometry": { "type": "Polygon", "coordinates": [ [ [ 126.915722087428335, 37.615402416039792 ], [ 126.915840050863366, 37.615353218094832 ], [ 126.915904981566968, 37.615326235794825 ], [ 126.915852406988279, 37.615245379669247 ], [ 126.915843316675833, 37.615231407868507 ], [ 126.915658894765372, 37.615306622858313 ], [ 126.915703431423267, 37.615374201778302 ], [ 126.915722087428335, 37.615402416039792 ] ] ] } },
{ "type": "Feature", "properties": { "ADM_CD": "1138010300", "SGG_CD": "11380", "GU_NM": "은평구", "F_YR": 2025, "F_ZONE_NM": "서울특별시 은평구 불광동 486-2 지층", "F_SHIM": 0.1, "F_AREA": 417.30644088999998, "F_AVR_HGT": 29.326652145385744, "반복침수연도수": 1, "반복침수여부": false, "침수이력점수": 1, "기본위험등급": "주의" }, "geometry": { "type": "Polygon", "coordinates": [ [ [ 126.921714401821532, 37.619938182466271 ], [ 126.921598745323749, 37.619850177549999 ], [ 126.921498456750967, 37.619786167031201 ], [ 126.921472420477457, 37.619771436368481 ], [ 126.921468785509759, 37.619781074389778 ], [ 126.921427319112624, 37.619895650920832 ], [ 126.921428688722003, 37.619896543820637 ], [ 126.921426216876227, 37.619898929740224 ], [ 126.921373230939423, 37.619950033395426 ], [ 126.921367433277197, 37.619969490627192 ], [ 126.921462067469889, 37.619982853330598 ], [ 126.921528614208881, 37.619992935374931 ], [ 126.921635677785758, 37.61999235919221 ], [ 126.921686691646542, 37.619984591226533 ], [ 126.921714401821532, 37.619938182466271 ] ] ] } },
{ "type": "Feature", "properties": { "ADM_CD": "1138010700", "SGG_CD": "11380", "GU_NM": "은평구", "F_YR": 2025, "F_ZONE_NM": "서울특별시 은평구 응암동 583-16 b01호", "F_SHIM": 0.1, "F_AREA": 92.96482882, "F_AVR_HGT": 14.650294876098632, "반복침수연도수": 1, "반복침수여부": false, "침수이력점수": 1, "기본위험등급": "주의" }, "geometry": { "type": "Polygon", "coordinates": [ [ [ 126.91621723460193, 37.592228333366073 ], [ 126.916196948294754, 37.59214533804986 ], [ 126.916088459020926, 37.592160125822545 ], [ 126.916109420975985, 37.592246275091043 ], [ 126.91621723460193, 37.592228333366073 ] ] ] } },
{ "type": "Feature", "properties": { "ADM_CD": "1138010700", "SGG_CD": "11380", "GU_NM": "은평구", "F_YR": 2025, "F_ZONE_NM": "서울특별시 은평구 응암동 594-14 지층 101호", "F_SHIM": 0.1, "F_AREA": 127.33853615, "F_AVR_HGT": 14.590073204040529, "반복침수연도수": 1, "반복침수여부": false, "침수이력점수": 1, "기본위험등급": "주의" }, "geometry": { "type": "Polygon", "coordinates": [ [ [ 126.914558470644494, 37.586754812171449 ], [ 126.914677062309067, 37.586711291793833 ], [ 126.914628484588036, 37.586619445660851 ], [ 126.914512048511796, 37.586659273540135 ], [ 126.914552653739946, 37.58674285181349 ], [ 126.914558470644494, 37.586754812171449 ] ] ] } },
{ "type": "Feature", "properties": { "ADM_CD": "1138010300", "SGG_CD": "11380", "GU_NM": "은평구", "F_YR": 2025, "F_ZONE_NM": "서울특별시 은평구 불광동 353-16 지층 우측", "F_SHIM": 0.1, "F_AREA": 138.15614738, "F_AVR_HGT": 33.619119262695314, "반복침수연도수": 1, "반복침수여부": false, "침수이력점수": 1, "기본위험등급": "주의" }, "geometry": { "type": "Polygon", "coordinates": [ [ [ 126.926353466969474, 37.620648777136921 ], [ 126.926396920596943, 37.620578438269398 ], [ 126.926407467034849, 37.620566281752623 ], [ 126.926418131543471, 37.620549350116043 ], [ 126.926333328898608, 37.620512265838457 ], [ 126.926310012340323, 37.620495132360439 ], [ 126.926304902535662, 37.620507652725891 ], [ 126.926257938915469, 37.620576547753799 ], [ 126.926243868061121, 37.620601586023014 ], [ 126.926353466969474, 37.620648777136921 ] ] ] } },
{ "type": "Feature", "properties": { "ADM_CD": "1138010800", "SGG_CD": "11380", "GU_NM": "은평구", "F_YR": 2025, "F_ZONE_NM": "서울특별시 은평구 역촌동 47-16 B02호", "F_SHIM": 0.1, "F_AREA": 139.14574104, "F_AVR_HGT": 19.656392669677736, "반복침수연도수": 1, "반복침수여부": false, "침수이력점수": 1, "기본위험등급": "주의" }, "geometry": { "type": "Polygon", "coordinates": [ [ [ 126.913736647223274, 37.606579176753456 ], [ 126.913750036962668, 37.606460437272737 ], [ 126.913632833337033, 37.60645215111856 ], [ 126.913619778815303, 37.606574584862209 ], [ 126.913736647223274, 37.606579176753456 ] ] ] } },
{ "type": "Feature", "properties": { "ADM_CD": "1138010700", "SGG_CD": "11380", "GU_NM": "은평구", "F_YR": 2025, "F_ZONE_NM": "서울특별시 은평구 응암동 593-26 동화아르빌 B01호", "F_SHIM": 0.1, "F_AREA": 213.12623132, "F_AVR_HGT": 13.312471961975096, "반복침수연도수": 1, "반복침수여부": false, "침수이력점수": 1, "기본위험등급": "주의" }, "geometry": { "type": "Polygon", "coordinates": [ [ [ 126.913849627067961, 37.587312358022459 ], [ 126.913836069667497, 37.587287570864291 ], [ 126.913810652248301, 37.587238808690699 ], [ 126.913778358771964, 37.587164183129403 ], [ 126.913670421075139, 37.587197078905525 ], [ 126.91369578885076, 37.587288007172837 ], [ 126.913719126970832, 37.587371906240456 ], [ 126.913849627067961, 37.587312358022459 ] ] ] } },
{ "type": "Feature", "properties": { "ADM_CD": "1138011000", "SGG_CD": "11380", "GU_NM": "은평구", "F_YR": 2025, "F_ZONE_NM": "서울특별시 은평구 증산동 184-16 B02호", "F_SHIM": 0.1, "F_AREA": 272.89227237, "F_AVR_HGT": 12.966750717163086, "반복침수연도수": 1, "반복침수여부": false, "침수이력점수": 1, "기본위험등급": "주의" }, "geometry": { "type": "Polygon", "coordinates": [ [ [ 126.905342645084659, 37.581902731361239 ], [ 126.905375500519114, 37.581884197816152 ], [ 126.905386720565744, 37.581892459983507 ], [ 126.905467907046898, 37.581846945195132 ], [ 126.905417484574599, 37.581792304417618 ], [ 126.905387184266303, 37.58176074524318 ], [ 126.905317089800747, 37.581685275628075 ], [ 126.905203103343254, 37.581750305940631 ], [ 126.905308990416884, 37.581864907583025 ], [ 126.905342645084659, 37.581902731361239 ] ] ] } },
{ "type": "Feature", "properties": { "ADM_CD": "1138011000", "SGG_CD": "11380", "GU_NM": "은평구", "F_YR": 2025, "F_ZONE_NM": "서울특별시 은평구 증산동 184-9 지층", "F_SHIM": 0.1, "F_AREA": 3309.5388893899999, "F_AVR_HGT": 13.251619911193847, "반복침수연도수": 1, "반복침수여부": false, "침수이력점수": 1, "기본위험등급": "주의" }, "geometry": { "type": "Polygon", "coordinates": [ [ [ 126.905203103343254, 37.581750305940631 ], [ 126.905317089800747, 37.581685275628075 ], [ 126.905514904368559, 37.581571371854473 ], [ 126.905078746949016, 37.58109520569576 ], [ 126.90502985185428, 37.581085795488121 ], [ 126.904687198219989, 37.581319771264248 ], [ 126.904661956975062, 37.58140336204837 ], [ 126.905057529840178, 37.581833366092241 ], [ 126.905203103343254, 37.581750305940631 ] ] ] } },
{ "type": "Feature", "properties": { "ADM_CD": "1138010300", "SGG_CD": "11380", "GU_NM": "은평구", "F_YR": 2025, "F_ZONE_NM": "서울특별시 은평구 불광동 242-13 지층1호", "F_SHIM": 0.1, "F_AREA": 141.58113939, "F_AVR_HGT": 35.376397705078126, "반복침수연도수": 2, "반복침수여부": true, "침수이력점수": 1, "기본위험등급": "주의" }, "geometry": { "type": "Polygon", "coordinates": [ [ [ 126.93170691703699, 37.613712983712567 ], [ 126.931799485084028, 37.613676458602818 ], [ 126.931834043332984, 37.613661702923686 ], [ 126.931780895785877, 37.613570762536696 ], [ 126.93169977331263, 37.613600717242406 ], [ 126.931654679653434, 37.613617809196803 ], [ 126.93170691703699, 37.613712983712567 ] ] ] } },
{ "type": "Feature", "properties": { "ADM_CD": "1138010300", "SGG_CD": "11380", "GU_NM": "은평구", "F_YR": 2025, "F_ZONE_NM": "서울특별시 은평구 불광동 242-12   지층 좌측", "F_SHIM": 0.1, "F_AREA": 190.55792038000001, "F_AVR_HGT": 31.056546783447267, "반복침수연도수": 1, "반복침수여부": false, "침수이력점수": 1, "기본위험등급": "주의" }, "geometry": { "type": "Polygon", "coordinates": [ [ [ 126.931531568121741, 37.613735854872104 ], [ 126.931521889709927, 37.613790538683311 ], [ 126.931661367825114, 37.613732688244802 ], [ 126.93170691703699, 37.613712983712567 ], [ 126.931654679653434, 37.613617809196803 ], [ 126.931645631968564, 37.613603748535134 ], [ 126.93164472706539, 37.613602486625851 ], [ 126.931559413612888, 37.613632709047764 ], [ 126.931539812883358, 37.613639815177471 ], [ 126.931550654571978, 37.613673248004226 ], [ 126.931531568121741, 37.613735854872104 ] ] ] } },
{ "type": "Feature", "properties": { "ADM_CD": "1138010700", "SGG_CD": "11380", "GU_NM": "은평구", "F_YR": 2025, "F_ZONE_NM": "서울특별시 은평구 응암동 593-38 지층 101호", "F_SHIM": 0.1, "F_AREA": 167.9510134, "F_AVR_HGT": 13.544816589355468, "반복침수연도수": 1, "반복침수여부": false, "침수이력점수": 1, "기본위험등급": "주의" }, "geometry": { "type": "Polygon", "coordinates": [ [ [ 126.913953438689077, 37.586839057515611 ], [ 126.913924411404736, 37.586779120469465 ], [ 126.913903114904699, 37.586788655107036 ], [ 126.913815890471213, 37.58682715249828 ], [ 126.91380873278213, 37.586848320330347 ], [ 126.913892836737062, 37.58696064553498 ], [ 126.913979644595997, 37.586891243989875 ], [ 126.913953438689077, 37.586839057515611 ] ] ] } },
{ "type": "Feature", "properties": { "ADM_CD": "1138010700", "SGG_CD": "11380", "GU_NM": "은평구", "F_YR": 2025, "F_ZONE_NM": "서울특별시 은평구 응암동 590-35 나동", "F_SHIM": 0.1, "F_AREA": 326.80608349, "F_AVR_HGT": 14.502810096740722, "반복침수연도수": 1, "반복침수여부": false, "침수이력점수": 1, "기본위험등급": "주의" }, "geometry": { "type": "Polygon", "coordinates": [ [ [ 126.915907041168154, 37.58990978564271 ], [ 126.915923257750833, 37.589887543081929 ], [ 126.916001907806972, 37.589923369177761 ], [ 126.916046586457753, 37.589863756352905 ], [ 126.915880459241379, 37.589788403726729 ], [ 126.915869351905528, 37.58979830649934 ], [ 126.915836710155901, 37.589827204418398 ], [ 126.915788199710036, 37.58987113724821 ], [ 126.915698433500268, 37.589951620047422 ], [ 126.915728197073292, 37.589964255467748 ], [ 126.915807753533031, 37.589999541760442 ], [ 126.915834574233102, 37.590011364130845 ], [ 126.91586916318191, 37.589963006357898 ], [ 126.915907041168154, 37.58990978564271 ] ] ] } },
{ "type": "Feature", "properties": { "ADM_CD": "1138010800", "SGG_CD": "11380", "GU_NM": "은평구", "F_YR": 2025, "F_ZONE_NM": "서울특별시 은평구 역촌동 81-6 203호", "F_SHIM": 0.1, "F_AREA": 354.68750086, "F_AVR_HGT": 19.47089347839356, "반복침수연도수": 1, "반복침수여부": false, "침수이력점수": 1, "기본위험등급": "주의" }, "geometry": { "type": "Polygon", "coordinates": [ [ [ 126.912615186650697, 37.602062523351186 ], [ 126.912761956151144, 37.602056957620889 ], [ 126.912887662032091, 37.602051736285716 ], [ 126.912884898512146, 37.601994792099312 ], [ 126.912880347056841, 37.601917664555231 ], [ 126.912744788219314, 37.601923779455248 ], [ 126.912612968083337, 37.60192845544335 ], [ 126.912613623416675, 37.601948728049585 ], [ 126.912615186650697, 37.602062523351186 ] ] ] } },
{ "type": "Feature", "properties": { "ADM_CD": "1138010200", "SGG_CD": "11380", "GU_NM": "은평구", "F_YR": 2025, "F_ZONE_NM": "서울특별시 은평구 녹번동 221-15", "F_SHIM": 0.1, "F_AREA": 28.17804067, "F_AVR_HGT": 32.57060012817383, "반복침수연도수": 1, "반복침수여부": false, "침수이력점수": 1, "기본위험등급": "주의" }, "geometry": { "type": "Polygon", "coordinates": [ [ [ 126.932174043981362, 37.601470445033918 ], [ 126.932178929229607, 37.601514388843256 ], [ 126.932252411743207, 37.601490303666253 ], [ 126.932241888485407, 37.601456970130116 ], [ 126.932174043981362, 37.601470445033918 ] ] ] } },
{ "type": "Feature", "properties": { "ADM_CD": "1138010700", "SGG_CD": "11380", "GU_NM": "은평구", "F_YR": 2025, "F_ZONE_NM": "서울특별시 은평구 응암동 591-3 해창위너스빌라 B동 101호", "F_SHIM": 0.1, "F_AREA": 844.77754593999998, "F_AVR_HGT": 14.423204040527343, "반복침수연도수": 1, "반복침수여부": false, "침수이력점수": 1, "기본위험등급": "주의" }, "geometry": { "type": "Polygon", "coordinates": [ [ [ 126.915119423693227, 37.589443763096455 ], [ 126.915273327746348, 37.589513431663661 ], [ 126.915342283985623, 37.589412751933452 ], [ 126.915392526489114, 37.589339538543271 ], [ 126.915432675090059, 37.58928100382132 ], [ 126.915315434967937, 37.589229381934715 ], [ 126.91513674461001, 37.589151856716256 ], [ 126.915046231891793, 37.589290542097899 ], [ 126.915036385927706, 37.589286660650394 ], [ 126.914992608017741, 37.589350238091605 ], [ 126.915000622178653, 37.589371597303909 ], [ 126.915130763562459, 37.589428634852609 ], [ 126.915119423693227, 37.589443763096455 ] ] ] } },
{ "type": "Feature", "properties": { "ADM_CD": "1138010700", "SGG_CD": "11380", "GU_NM": "은평구", "F_YR": 2025, "F_ZONE_NM": "서울특별시 은평구 응암동 749-43 지층 우측", "F_SHIM": 0.1, "F_AREA": 165.18943996, "F_AVR_HGT": 19.822244262695317, "반복침수연도수": 1, "반복침수여부": false, "침수이력점수": 1, "기본위험등급": "주의" }, "geometry": { "type": "Polygon", "coordinates": [ [ [ 126.918431687695616, 37.588209359097 ], [ 126.918494999693237, 37.588292474453198 ], [ 126.918637493834822, 37.58823770460566 ], [ 126.918642034399809, 37.588227166269924 ], [ 126.91858800408211, 37.588146219876563 ], [ 126.918540996132066, 37.588165017427485 ], [ 126.918431687695616, 37.588209359097 ] ] ] } },
{ "type": "Feature", "properties": { "ADM_CD": "1138010400", "SGG_CD": "11380", "GU_NM": "은평구", "F_YR": 2025, "F_ZONE_NM": "서울특별시 은평구 갈현동 455-9 지층", "F_SHIM": 0.1, "F_AREA": 312.4426653, "F_AVR_HGT": 25.010064697265623, "반복침수연도수": 1, "반복침수여부": false, "침수이력점수": 1, "기본위험등급": "주의" }, "geometry": { "type": "Polygon", "coordinates": [ [ [ 126.918813393531337, 37.618018340497443 ], [ 126.918645565378895, 37.618089949804045 ], [ 126.918668555689692, 37.61812323014076 ], [ 126.918747149680058, 37.618237619695101 ], [ 126.918795650890786, 37.618217111352365 ], [ 126.91891305111794, 37.618167279279547 ], [ 126.918813393531337, 37.618018340497443 ] ] ] } },
{ "type": "Feature", "properties": { "ADM_CD": "1138010300", "SGG_CD": "11380", "GU_NM": "은평구", "F_YR": 2025, "F_ZONE_NM": "서울특별시 은평구 불광동 314-19 b01호", "F_SHIM": 0.1, "F_AREA": 116.04582585, "F_AVR_HGT": 29.823581314086915, "반복침수연도수": 1, "반복침수여부": false, "침수이력점수": 1, "기본위험등급": "주의" }, "geometry": { "type": "Polygon", "coordinates": [ [ [ 126.923660614325371, 37.620627678139471 ], [ 126.923737852526855, 37.620607258808761 ], [ 126.923757114512298, 37.620601595329255 ], [ 126.923768093757261, 37.620598449133652 ], [ 126.923767540230529, 37.620597007200978 ], [ 126.9237302615212, 37.620500307480697 ], [ 126.923620698802097, 37.620528796273803 ], [ 126.923660614325371, 37.620627678139471 ] ] ] } },
{ "type": "Feature", "properties": { "ADM_CD": "1138010300", "SGG_CD": "11380", "GU_NM": "은평구", "F_YR": 2025, "F_ZONE_NM": "서울특별시 은평구 불광동 367-9", "F_SHIM": 0.1, "F_AREA": 138.84943376000001, "F_AVR_HGT": 29.823581314086915, "반복침수연도수": 1, "반복침수여부": false, "침수이력점수": 1, "기본위험등급": "주의" }, "geometry": { "type": "Polygon", "coordinates": [ [ [ 126.924057451164686, 37.620887043110677 ], [ 126.924129000522484, 37.620923940134183 ], [ 126.924176666638701, 37.620944423628714 ], [ 126.924230395152961, 37.620853225601834 ], [ 126.92423610154529, 37.620844688049218 ], [ 126.924200506694234, 37.620827600172682 ], [ 126.924194869101768, 37.620835326886734 ], [ 126.924165465810503, 37.620822486671976 ], [ 126.924114131774047, 37.620800081679441 ], [ 126.924057451164686, 37.620887043110677 ] ] ] } },
{ "type": "Feature", "properties": { "ADM_CD": "1138010700", "SGG_CD": "11380", "GU_NM": "은평구", "F_YR": 2025, "F_ZONE_NM": "서울특별시 은평구 응암동 397-282 지하 2호", "F_SHIM": 0.1, "F_AREA": 146.09372596, "F_AVR_HGT": 26.327411270141603, "반복침수연도수": 1, "반복침수여부": false, "침수이력점수": 1, "기본위험등급": "주의" }, "geometry": { "type": "Polygon", "coordinates": [ [ [ 126.919773707763525, 37.592340319475902 ], [ 126.919798704528489, 37.592447562925145 ], [ 126.919937637726065, 37.592425035313006 ], [ 126.91990497210638, 37.592320642710874 ], [ 126.919773707763525, 37.592340319475902 ] ] ] } },
{ "type": "Feature", "properties": { "ADM_CD": "1138010700", "SGG_CD": "11380", "GU_NM": "은평구", "F_YR": 2025, "F_ZONE_NM": "서울특별시 은평구 응암동 397-265 지층 02호", "F_SHIM": 0.1, "F_AREA": 232.4395997, "F_AVR_HGT": 19.319778060913087, "반복침수연도수": 1, "반복침수여부": false, "침수이력점수": 1, "기본위험등급": "주의" }, "geometry": { "type": "Polygon", "coordinates": [ [ [ 126.918620140453839, 37.592144532951671 ], [ 126.918646953054719, 37.592307720038363 ], [ 126.918795776965581, 37.592290174146662 ], [ 126.91877469760648, 37.592143623282901 ], [ 126.918620140453839, 37.592144532951671 ] ] ] } },
{ "type": "Feature", "properties": { "ADM_CD": "1138010700", "SGG_CD": "11380", "GU_NM": "은평구", "F_YR": 2025, "F_ZONE_NM": "서울특별시 은평구 응암동 588-17 지층 뒤쪽", "F_SHIM": 0.1, "F_AREA": 150.67800803, "F_AVR_HGT": 14.16219482421875, "반복침수연도수": 1, "반복침수여부": false, "침수이력점수": 1, "기본위험등급": "주의" }, "geometry": { "type": "Polygon", "coordinates": [ [ [ 126.915282271622559, 37.590004835238631 ], [ 126.915419403235347, 37.590029829546921 ], [ 126.915435833138773, 37.589979809852821 ], [ 126.915459011656779, 37.589909730148229 ], [ 126.915416121277005, 37.58989086829159 ], [ 126.915403965780015, 37.589925997825802 ], [ 126.915307740138218, 37.589912773211644 ], [ 126.915282271622559, 37.590004835238631 ] ] ] } },
{ "type": "Feature", "properties": { "ADM_CD": "1138010700", "SGG_CD": "11380", "GU_NM": "은평구", "F_YR": 2025, "F_ZONE_NM": "서울특별시 은평구 응암동 376-60 지층 1호", "F_SHIM": 0.1, "F_AREA": 186.3916121, "F_AVR_HGT": 15.874965286254882, "반복침수연도수": 1, "반복침수여부": false, "침수이력점수": 1, "기본위험등급": "주의" }, "geometry": { "type": "Polygon", "coordinates": [ [ [ 126.917957925276724, 37.591588888467534 ], [ 126.917974132479671, 37.591676115229625 ], [ 126.918135506794215, 37.591653254232163 ], [ 126.918164248605194, 37.591598233394549 ], [ 126.918157540974505, 37.591551584694741 ], [ 126.918124406082114, 37.591555759877295 ], [ 126.917956466420534, 37.591577174637479 ], [ 126.917957925276724, 37.591588888467534 ] ] ] } },
{ "type": "Feature", "properties": { "ADM_CD": "1138010600", "SGG_CD": "11380", "GU_NM": "은평구", "F_YR": 2025, "F_ZONE_NM": "서울특별시 은평구 대조동 9-53 지층우측", "F_SHIM": 0.1, "F_AREA": 84.21797926000001, "F_AVR_HGT": 25.053491210937501, "반복침수연도수": 1, "반복침수여부": false, "침수이력점수": 1, "기본위험등급": "주의" }, "geometry": { "type": "Polygon", "coordinates": [ [ [ 126.92728659279112, 37.610396116417185 ], [ 126.927373195985183, 37.610433741788917 ], [ 126.92739542877564, 37.610398797669809 ], [ 126.927422652473822, 37.610356108238278 ], [ 126.92740691765006, 37.610348349916855 ], [ 126.927336614995454, 37.610319113945067 ], [ 126.927308712355298, 37.61036117224296 ], [ 126.92728659279112, 37.610396116417185 ] ] ] } },
{ "type": "Feature", "properties": { "ADM_CD": "1138010300", "SGG_CD": "11380", "GU_NM": "은평구", "F_YR": 2025, "F_ZONE_NM": "서울특별시 은평구 불광동 366-1 1층", "F_SHIM": 0.1, "F_AREA": 201.54459923, "F_AVR_HGT": 29.823581314086915, "반복침수연도수": 1, "반복침수여부": false, "침수이력점수": 1, "기본위험등급": "주의" }, "geometry": { "type": "Polygon", "coordinates": [ [ [ 126.924467529269634, 37.621072462953052 ], [ 126.924445791142588, 37.621062718174336 ], [ 126.924384779938848, 37.621131423077749 ], [ 126.924365500546514, 37.621153844873923 ], [ 126.924381795403235, 37.621169622674635 ], [ 126.9244784398702, 37.621256630367569 ], [ 126.924492074542556, 37.621248836782314 ], [ 126.924565611313881, 37.621127423659559 ], [ 126.924467529269634, 37.621072462953052 ] ] ] } },
{ "type": "Feature", "properties": { "ADM_CD": "1138010400", "SGG_CD": "11380", "GU_NM": "은평구", "F_YR": 2025, "F_ZONE_NM": "서울특별시 은평구 갈현동 416-8 1층", "F_SHIM": 0.1, "F_AREA": 146.12935557, "F_AVR_HGT": 39.05912551879883, "반복침수연도수": 1, "반복침수여부": false, "침수이력점수": 1, "기본위험등급": "주의" }, "geometry": { "type": "Polygon", "coordinates": [ [ [ 126.918905004616249, 37.625029946669514 ], [ 126.918910651073858, 37.625107119496455 ], [ 126.918914266491583, 37.62515663083736 ], [ 126.918931952498085, 37.625143398821677 ], [ 126.918936365950259, 37.62514736621916 ], [ 126.918948603052414, 37.625144581746802 ], [ 126.919044573715126, 37.625122664967712 ], [ 126.919048085030141, 37.62512293771551 ], [ 126.919041282688539, 37.625025537102822 ], [ 126.918905004616249, 37.625029946669514 ] ] ] } },
{ "type": "Feature", "properties": { "ADM_CD": "1138010500", "SGG_CD": "11380", "GU_NM": "은평구", "F_YR": 2025, "F_ZONE_NM": "서울특별시 은평구 구산동 321-54 지층1호", "F_SHIM": 0.1, "F_AREA": 146.04614558, "F_AVR_HGT": 33.307504272460939, "반복침수연도수": 1, "반복침수여부": false, "침수이력점수": 1, "기본위험등급": "주의" }, "geometry": { "type": "Polygon", "coordinates": [ [ [ 126.907949118578259, 37.615446783780676 ], [ 126.908045033142827, 37.615371808098963 ], [ 126.907952933327167, 37.615294881461729 ], [ 126.907867461001075, 37.615352296233233 ], [ 126.907851045324406, 37.615346336732678 ], [ 126.907878171954096, 37.61539140729424 ], [ 126.907949118578259, 37.615446783780676 ] ] ] } },
{ "type": "Feature", "properties": { "ADM_CD": "1138010500", "SGG_CD": "11380", "GU_NM": "은평구", "F_YR": 2025, "F_ZONE_NM": "서울특별시 은평구 구산동 321-84 B02호", "F_SHIM": 0.1, "F_AREA": 152.99450978, "F_AVR_HGT": 33.775628662109376, "반복침수연도수": 1, "반복침수여부": false, "침수이력점수": 1, "기본위험등급": "주의" }, "geometry": { "type": "Polygon", "coordinates": [ [ [ 126.908264241999348, 37.615063936216529 ], [ 126.908444829846644, 37.614935238531935 ], [ 126.908252723361741, 37.614945898636577 ], [ 126.90818617618288, 37.614995580163217 ], [ 126.908264241999348, 37.615063936216529 ] ] ] } },
{ "type": "Feature", "properties": { "ADM_CD": "1138010500", "SGG_CD": "11380", "GU_NM": "은평구", "F_YR": 2025, "F_ZONE_NM": "서울특별시 은평구 구산동 323-4", "F_SHIM": 0.1, "F_AREA": 136.7352217, "F_AVR_HGT": 35.772359466552736, "반복침수연도수": 1, "반복침수여부": false, "침수이력점수": 1, "기본위험등급": "주의" }, "geometry": { "type": "Polygon", "coordinates": [ [ [ 126.907261457192902, 37.615658057101669 ], [ 126.907302394296764, 37.615619257525459 ], [ 126.907224890093431, 37.615554865606164 ], [ 126.907115942685735, 37.615634965783315 ], [ 126.907200803089793, 37.615704048751958 ], [ 126.907261457192902, 37.615658057101669 ] ] ] } },
{ "type": "Feature", "properties": { "ADM_CD": "1138010500", "SGG_CD": "11380", "GU_NM": "은평구", "F_YR": 2025, "F_ZONE_NM": "서울특별시 은평구 구산동 323-7 지하", "F_SHIM": 0.1, "F_AREA": 134.70795948, "F_AVR_HGT": 33.307504272460939, "반복침수연도수": 1, "반복침수여부": false, "침수이력점수": 1, "기본위험등급": "주의" }, "geometry": { "type": "Polygon", "coordinates": [ [ [ 126.907952933327167, 37.615294881461729 ], [ 126.908004972002104, 37.615254198380825 ], [ 126.907936857878695, 37.615198193485867 ], [ 126.907833683075438, 37.615282353321753 ], [ 126.907822635756702, 37.615330817312667 ], [ 126.907838139220502, 37.615341641388781 ], [ 126.907851045324406, 37.615346336732678 ], [ 126.907867461001075, 37.615352296233233 ], [ 126.907952933327167, 37.615294881461729 ] ] ] } },
{ "type": "Feature", "properties": { "ADM_CD": "1138010500", "SGG_CD": "11380", "GU_NM": "은평구", "F_YR": 2025, "F_ZONE_NM": "서울특별시 은평구 구산동 323-25 지하1층", "F_SHIM": 0.1, "F_AREA": 106.1245448, "F_AVR_HGT": 33.307504272460939, "반복침수연도수": 1, "반복침수여부": false, "침수이력점수": 1, "기본위험등급": "주의" }, "geometry": { "type": "Polygon", "coordinates": [ [ [ 126.907815078583042, 37.615215485783004 ], [ 126.907805092038217, 37.61514069645397 ], [ 126.907794363745197, 37.61511546047408 ], [ 126.907673059719755, 37.615205281949891 ], [ 126.90772510752538, 37.615247579322407 ], [ 126.907771543255237, 37.615249237984145 ], [ 126.907815078583042, 37.615215485783004 ] ] ] } },
{ "type": "Feature", "properties": { "ADM_CD": "1138010300", "SGG_CD": "11380", "GU_NM": "은평구", "F_YR": 2025, "F_ZONE_NM": "서울특별시 은평구 불광동 242-19 지하 좌측", "F_SHIM": 0.1, "F_AREA": 135.24789548000001, "F_AVR_HGT": 35.376397705078126, "반복침수연도수": 2, "반복침수여부": true, "침수이력점수": 1, "기본위험등급": "주의" }, "geometry": { "type": "Polygon", "coordinates": [ [ [ 126.931668633608837, 37.613593310770703 ], [ 126.931801195381695, 37.613542934214209 ], [ 126.931785025739615, 37.61351445365775 ], [ 126.931753137176557, 37.613460015551333 ], [ 126.931630289141737, 37.613502685409152 ], [ 126.931617406001806, 37.613508498117049 ], [ 126.931620911589064, 37.613514356570619 ], [ 126.931668633608837, 37.613593310770703 ] ] ] } },
{ "type": "Feature", "properties": { "ADM_CD": "1138010300", "SGG_CD": "11380", "GU_NM": "은평구", "F_YR": 2025, "F_ZONE_NM": "서울특별시 은평구 불광동 184-5 1층", "F_SHIM": 0.1, "F_AREA": 228.50190681000001, "F_AVR_HGT": 45.784951782226557, "반복침수연도수": 1, "반복침수여부": false, "침수이력점수": 1, "기본위험등급": "주의" }, "geometry": { "type": "Polygon", "coordinates": [ [ [ 126.931775637812549, 37.622474698436612 ], [ 126.931944334022134, 37.622562643542153 ], [ 126.931997001318436, 37.622568170558736 ], [ 126.932007102394948, 37.622425371221524 ], [ 126.931833793648153, 37.622425088809763 ], [ 126.931792863667368, 37.622429515472412 ], [ 126.931775637812549, 37.622474698436612 ] ] ] } },
{ "type": "Feature", "properties": { "ADM_CD": "1138010300", "SGG_CD": "11380", "GU_NM": "은평구", "F_YR": 2025, "F_ZONE_NM": "서울특별시 은평구 불광동 189 1층", "F_SHIM": 0.1, "F_AREA": 204.24836837000001, "F_AVR_HGT": 45.784951782226557, "반복침수연도수": 1, "반복침수여부": false, "침수이력점수": 1, "기본위험등급": "주의" }, "geometry": { "type": "Polygon", "coordinates": [ [ [ 126.932130959359611, 37.622129292065502 ], [ 126.932149314504301, 37.622245979738736 ], [ 126.932270389559264, 37.622237095111629 ], [ 126.932356022781036, 37.622189915972179 ], [ 126.932366181879132, 37.622179344423309 ], [ 126.932250926121526, 37.622118280494114 ], [ 126.932130959359611, 37.622129292065502 ] ] ] } },
{ "type": "Feature", "properties": { "ADM_CD": "1138010300", "SGG_CD": "11380", "GU_NM": "은평구", "F_YR": 2025, "F_ZONE_NM": "서울특별시 은평구 불광동 279-4 지층 우측", "F_SHIM": 0.1, "F_AREA": 88.37959357, "F_AVR_HGT": 33.834283447265626, "반복침수연도수": 2, "반복침수여부": true, "침수이력점수": 1, "기본위험등급": "주의" }, "geometry": { "type": "Polygon", "coordinates": [ [ [ 126.931771976892819, 37.612812401420335 ], [ 126.931806241477233, 37.612747821311508 ], [ 126.931750307463417, 37.612730669614407 ], [ 126.931721208296366, 37.612721642595709 ], [ 126.931669597131787, 37.612805313216555 ], [ 126.93170333591047, 37.612818667702491 ], [ 126.931758136376885, 37.612836899929057 ], [ 126.931771976892819, 37.612812401420335 ] ] ] } },
{ "type": "Feature", "properties": { "ADM_CD": "1138010700", "SGG_CD": "11380", "GU_NM": "은평구", "F_YR": 2025, "F_ZONE_NM": "서울특별시 은평구 응암동 594-96 지층 우", "F_SHIM": 0.1, "F_AREA": 135.71951753, "F_AVR_HGT": 14.590073204040529, "반복침수연도수": 1, "반복침수여부": false, "침수이력점수": 1, "기본위험등급": "주의" }, "geometry": { "type": "Polygon", "coordinates": [ [ [ 126.915421924226322, 37.586917081821817 ], [ 126.915400747863131, 37.586822462937484 ], [ 126.915314447165017, 37.586846005757067 ], [ 126.915307649715587, 37.586849694831933 ], [ 126.915243440451832, 37.58686145082622 ], [ 126.915247380063136, 37.586881455575082 ], [ 126.915255362530928, 37.586930114604634 ], [ 126.915313556545655, 37.586931058101513 ], [ 126.915421924226322, 37.586917081821817 ] ] ] } },
{ "type": "Feature", "properties": { "ADM_CD": "1138010900", "SGG_CD": "11380", "GU_NM": "은평구", "F_YR": 2025, "F_ZONE_NM": "서울특별시 은평구 신사동 237-291 B01호", "F_SHIM": 0.1, "F_AREA": 77.05355008, "F_AVR_HGT": 36.911309814453126, "반복침수연도수": 1, "반복침수여부": false, "침수이력점수": 1, "기본위험등급": "주의" }, "geometry": { "type": "Polygon", "coordinates": [ [ [ 126.90673332175291, 37.596279941290128 ], [ 126.906816730744595, 37.596315146601178 ], [ 126.906825218738305, 37.596318757345415 ], [ 126.906865061952772, 37.596241394810441 ], [ 126.906803943555332, 37.59621927168439 ], [ 126.906763847297213, 37.596228249339369 ], [ 126.90673332175291, 37.596279941290128 ] ] ] } },
{ "type": "Feature", "properties": { "ADM_CD": "1138010300", "SGG_CD": "11380", "GU_NM": "은평구", "F_YR": 2025, "F_ZONE_NM": "서울특별시 은평구 불광동 242-28 지층 안쪽", "F_SHIM": 0.1, "F_AREA": 149.45289892, "F_AVR_HGT": 31.056546783447267, "반복침수연도수": 1, "반복침수여부": false, "침수이력점수": 1, "기본위험등급": "주의" }, "geometry": { "type": "Polygon", "coordinates": [ [ [ 126.931575619605937, 37.613380443941523 ], [ 126.931698547477112, 37.613336999343126 ], [ 126.931639411293546, 37.613231369351524 ], [ 126.93152962677884, 37.613269415797696 ], [ 126.931529493254274, 37.613291039266073 ], [ 126.931575619605937, 37.613380443941523 ] ] ] } },
{ "type": "Feature", "properties": { "ADM_CD": "1138010300", "SGG_CD": "11380", "GU_NM": "은평구", "F_YR": 2025, "F_ZONE_NM": "서울특별시 은평구 불광동 242-33 좌측", "F_SHIM": 0.1, "F_AREA": 138.48468761000001, "F_AVR_HGT": 35.376397705078126, "반복침수연도수": 1, "반복침수여부": false, "침수이력점수": 1, "기본위험등급": "주의" }, "geometry": { "type": "Polygon", "coordinates": [ [ [ 126.931625603456794, 37.6132208196953 ], [ 126.931762579455622, 37.613172878442001 ], [ 126.931699132791792, 37.613074363680873 ], [ 126.931590795943038, 37.613139080084217 ], [ 126.931587162942449, 37.613148358037563 ], [ 126.931625603456794, 37.6132208196953 ] ] ] } },
{ "type": "Feature", "properties": { "ADM_CD": "1138010400", "SGG_CD": "11380", "GU_NM": "은평구", "F_YR": 2025, "F_ZONE_NM": "서울특별시 은평구 갈현동 548 130호", "F_SHIM": 0.1, "F_AREA": 1529.9887212399999, "F_AVR_HGT": 34.045850372314455, "반복침수연도수": 1, "반복침수여부": false, "침수이력점수": 1, "기본위험등급": "주의" }, "geometry": { "type": "Polygon", "coordinates": [ [ [ 126.917714842735862, 37.623473566530897 ], [ 126.917645287620303, 37.623477121032025 ], [ 126.917595896728258, 37.623479608659004 ], [ 126.917501306731509, 37.623484046247739 ], [ 126.917448743713933, 37.6234868919463 ], [ 126.917360157700742, 37.623490973307341 ], [ 126.917311106921289, 37.623493190763767 ], [ 126.917218894656585, 37.623498530802323 ], [ 126.917168711419563, 37.623500477096734 ], [ 126.917159535807386, 37.623500740831439 ], [ 126.917076416078999, 37.623579246792751 ], [ 126.917078535499343, 37.623608259848609 ], [ 126.917080431325402, 37.623634659903836 ], [ 126.917088014642815, 37.623740260123178 ], [ 126.917186229506825, 37.623736095750537 ], [ 126.917236413817236, 37.623733338568108 ], [ 126.917327945395456, 37.623729169303921 ], [ 126.917376316675075, 37.623726951356105 ], [ 126.917468527892211, 37.623722782467482 ], [ 126.917520750842485, 37.623720296910001 ], [ 126.917615567992726, 37.623715589173692 ], [ 126.917663032442235, 37.623713911051283 ], [ 126.917742216213156, 37.623710363376127 ], [ 126.917763198198045, 37.623687223097988 ], [ 126.917756492941734, 37.623605859891981 ], [ 126.91775403373471, 37.623576576313113 ], [ 126.91774733011566, 37.623493771538996 ], [ 126.917714842735862, 37.623473566530897 ] ] ] } },
{ "type": "Feature", "properties": { "ADM_CD": "1138011400", "SGG_CD": "11380", "GU_NM": "은평구", "F_YR": 2025, "F_ZONE_NM": "서울특별시 은평구 진관동 66 B102호", "F_SHIM": 0.1, "F_AREA": 4917.2317500600002, "F_AVR_HGT": 32.85337600708008, "반복침수연도수": 2, "반복침수여부": true, "침수이력점수": 1, "기본위험등급": "주의" }, "geometry": { "type": "Polygon", "coordinates": [ [ [ 126.920463045938291, 37.640033394126583 ], [ 126.919920964038681, 37.639459278312522 ], [ 126.919368509962055, 37.639875146333402 ], [ 126.919391267147432, 37.639889848101291 ], [ 126.919413230446537, 37.639905270093848 ], [ 126.919434286459989, 37.639921502330367 ], [ 126.919454548686474, 37.639938364694892 ], [ 126.919473903825548, 37.639955857108966 ], [ 126.919498236762919, 37.639980110307711 ], [ 126.919878372657749, 37.640382660160924 ], [ 126.920463045938291, 37.640033394126583 ] ] ] } },
{ "type": "Feature", "properties": { "ADM_CD": "1138011400", "SGG_CD": "11380", "GU_NM": "은평구", "F_YR": 2025, "F_ZONE_NM": "서울특별시 은평구 진관동 산27-2", "F_SHIM": 0.1, "F_AREA": 163.67491685, "F_AVR_HGT": 49.794507598876962, "반복침수연도수": 2, "반복침수여부": true, "침수이력점수": 1, "기본위험등급": "주의" }, "geometry": { "type": "Polygon", "coordinates": [ [ [ 126.939023341023315, 37.646844625420506 ], [ 126.939057696861184, 37.646858203303751 ], [ 126.939281564315465, 37.646506328292027 ], [ 126.939222346221385, 37.646508801751075 ], [ 126.939142821412887, 37.646648546168443 ], [ 126.939023341023315, 37.646844625420506 ] ] ] } },
{ "type": "Feature", "properties": { "ADM_CD": "1138010300", "SGG_CD": "11380", "GU_NM": "은평구", "F_YR": 2025, "F_ZONE_NM": "서울특별시 은평구 불광동 281-132 지층2호", "F_SHIM": 0.1, "F_AREA": 114.33163861, "F_AVR_HGT": 30.191871261596681, "반복침수연도수": 1, "반복침수여부": false, "침수이력점수": 1, "기본위험등급": "주의" }, "geometry": { "type": "Polygon", "coordinates": [ [ [ 126.931368569455913, 37.610256618629009 ], [ 126.93147520056155, 37.610315786355699 ], [ 126.931537900797224, 37.610241132175766 ], [ 126.931434565720622, 37.610181705177659 ], [ 126.931368569455913, 37.610256618629009 ] ] ] } },
{ "type": "Feature", "properties": { "ADM_CD": "1138010300", "SGG_CD": "11380", "GU_NM": "은평구", "F_YR": 2025, "F_ZONE_NM": "서울특별시 은평구 불광동 281-75 지층", "F_SHIM": 0.1, "F_AREA": 117.76419006, "F_AVR_HGT": 27.793798065185548, "반복침수연도수": 1, "반복침수여부": false, "침수이력점수": 1, "기본위험등급": "주의" }, "geometry": { "type": "Polygon", "coordinates": [ [ [ 126.930458234734274, 37.611077048401498 ], [ 126.930348091196649, 37.611019139019533 ], [ 126.930276432564682, 37.611103517749164 ], [ 126.930375270324632, 37.611140607710418 ], [ 126.930407557914677, 37.611130716373381 ], [ 126.930458234734274, 37.611077048401498 ] ] ] } },
{ "type": "Feature", "properties": { "ADM_CD": "1138010700", "SGG_CD": "11380", "GU_NM": "은평구", "F_YR": 2025, "F_ZONE_NM": "서울특별시 은평구 응암동 583-49 지층 1", "F_SHIM": 0.1, "F_AREA": 133.81499737, "F_AVR_HGT": 14.650294876098632, "반복침수연도수": 1, "반복침수여부": false, "침수이력점수": 1, "기본위험등급": "주의" }, "geometry": { "type": "Polygon", "coordinates": [ [ [ 126.916405490774551, 37.592464166747909 ], [ 126.916375075650549, 37.592326744711031 ], [ 126.916371677882992, 37.592327553145964 ], [ 126.916279155089299, 37.592341001133164 ], [ 126.916308438067205, 37.592478152081796 ], [ 126.91640152716721, 37.592464704480406 ], [ 126.916405490774551, 37.592464166747909 ] ] ] } },
{ "type": "Feature", "properties": { "ADM_CD": "1138010300", "SGG_CD": "11380", "GU_NM": "은평구", "F_YR": 2025, "F_ZONE_NM": "서울특별시 은평구 불광동 242-39 지하101호", "F_SHIM": 0.1, "F_AREA": 233.14576971, "F_AVR_HGT": 34.632752990722658, "반복침수연도수": 1, "반복침수여부": false, "침수이력점수": 1, "기본위험등급": "주의" }, "geometry": { "type": "Polygon", "coordinates": [ [ [ 126.932214297788008, 37.615206568624629 ], [ 126.932220627799225, 37.615220267250848 ], [ 126.93236246679038, 37.615183770631489 ], [ 126.932383538929244, 37.615178106798545 ], [ 126.932326241325654, 37.615041394420004 ], [ 126.932195498982111, 37.615081501439214 ], [ 126.932171027470204, 37.615088785006755 ], [ 126.932195656924208, 37.615155381963284 ], [ 126.932214297788008, 37.615206568624629 ] ] ] } },
{ "type": "Feature", "properties": { "ADM_CD": "1138010800", "SGG_CD": "11380", "GU_NM": "은평구", "F_YR": 2025, "F_ZONE_NM": "서울특별시 은평구 역촌동 27-25 1층", "F_SHIM": 0.1, "F_AREA": 248.77620362, "F_AVR_HGT": 21.162955856323244, "반복침수연도수": 1, "반복침수여부": false, "침수이력점수": 1, "기본위험등급": "주의" }, "geometry": { "type": "Polygon", "coordinates": [ [ [ 126.921713133944763, 37.605236519968734 ], [ 126.921760484307796, 37.605330614531134 ], [ 126.92180410401879, 37.605418697001518 ], [ 126.921924946679951, 37.60538026156398 ], [ 126.921896841343994, 37.605324489821186 ], [ 126.921880228489243, 37.605292043249051 ], [ 126.921848699328251, 37.605229223501865 ], [ 126.921833104110505, 37.605198309279523 ], [ 126.921713133944763, 37.605236519968734 ] ] ] } },
{ "type": "Feature", "properties": { "ADM_CD": "1138010300", "SGG_CD": "11380", "GU_NM": "은평구", "F_YR": 2025, "F_ZONE_NM": "서울특별시 은평구 불광동 242-42 지층 101호", "F_SHIM": 0.1, "F_AREA": 183.56540303, "F_AVR_HGT": 34.632752990722658, "반복침수연도수": 1, "반복침수여부": false, "침수이력점수": 1, "기본위험등급": "주의" }, "geometry": { "type": "Polygon", "coordinates": [ [ [ 126.932451912963174, 37.61497290339009 ], [ 126.932397784984062, 37.614838084956403 ], [ 126.932267725616839, 37.614874948925909 ], [ 126.932324578367528, 37.615002561168836 ], [ 126.932451912963174, 37.61497290339009 ] ] ] } },
{ "type": "Feature", "properties": { "ADM_CD": "1138010300", "SGG_CD": "11380", "GU_NM": "은평구", "F_YR": 2025, "F_ZONE_NM": "서울특별시 은평구 불광동 242-48 지층2호", "F_SHIM": 0.1, "F_AREA": 151.26425731, "F_AVR_HGT": 34.632752990722658, "반복침수연도수": 1, "반복침수여부": false, "침수이력점수": 1, "기본위험등급": "주의" }, "geometry": { "type": "Polygon", "coordinates": [ [ [ 126.932198492487785, 37.61489484698668 ], [ 126.932143812552383, 37.614781705711714 ], [ 126.932183376086982, 37.614768403454853 ], [ 126.932174274318356, 37.614751342538135 ], [ 126.93203040033859, 37.61479678447661 ], [ 126.932035941050387, 37.614806608430932 ], [ 126.932083325467161, 37.614884571168695 ], [ 126.932110022223313, 37.614920265716904 ], [ 126.932198492487785, 37.61489484698668 ] ] ] } },
{ "type": "Feature", "properties": { "ADM_CD": "1138010500", "SGG_CD": "11380", "GU_NM": "은평구", "F_YR": 2025, "F_ZONE_NM": "서울특별시 은평구 구산동 22-34 에이동 101호", "F_SHIM": 0.1, "F_AREA": 583.79555511000001, "F_AVR_HGT": 20.101111984252931, "반복침수연도수": 1, "반복침수여부": false, "침수이력점수": 1, "기본위험등급": "주의" }, "geometry": { "type": "Polygon", "coordinates": [ [ [ 126.914165183928532, 37.60750940724683 ], [ 126.914237772910013, 37.607852969313655 ], [ 126.914261774797367, 37.607849680457853 ], [ 126.914415481865575, 37.607828711021554 ], [ 126.914348665368976, 37.607535842569554 ], [ 126.914304419296329, 37.607505717084926 ], [ 126.914165183928532, 37.60750940724683 ] ] ] } },
{ "type": "Feature", "properties": { "ADM_CD": "1138010300", "SGG_CD": "11380", "GU_NM": "은평구", "F_YR": 2025, "F_ZONE_NM": "서울특별시 은평구 불광동 244-81 102호", "F_SHIM": 0.1, "F_AREA": 240.97634521000001, "F_AVR_HGT": 34.802758789062501, "반복침수연도수": 1, "반복침수여부": false, "침수이력점수": 1, "기본위험등급": "주의" }, "geometry": { "type": "Polygon", "coordinates": [ [ [ 126.929560355894992, 37.61470043093712 ], [ 126.929602501968546, 37.614687392404591 ], [ 126.929731091472703, 37.614648908711757 ], [ 126.929740042374817, 37.614645580526783 ], [ 126.929743883333259, 37.614644150303192 ], [ 126.929686808724725, 37.614528330516826 ], [ 126.92968240148079, 37.614517966553279 ], [ 126.929657590644126, 37.614524708805199 ], [ 126.92953365304281, 37.614554906231788 ], [ 126.929560355894992, 37.61470043093712 ] ] ] } },
{ "type": "Feature", "properties": { "ADM_CD": "1138010300", "SGG_CD": "11380", "GU_NM": "은평구", "F_YR": 2025, "F_ZONE_NM": "서울특별시 은평구 불광동 244-93 지하 좌측", "F_SHIM": 0.1, "F_AREA": 211.00351249, "F_AVR_HGT": 34.802758789062501, "반복침수연도수": 1, "반복침수여부": false, "침수이력점수": 1, "기본위험등급": "주의" }, "geometry": { "type": "Polygon", "coordinates": [ [ [ 126.929743883333259, 37.614644150303192 ], [ 126.929905227351242, 37.614594595261302 ], [ 126.929846329699174, 37.614478062669811 ], [ 126.929686808724725, 37.614528330516826 ], [ 126.929743883333259, 37.614644150303192 ] ] ] } },
{ "type": "Feature", "properties": { "ADM_CD": "1138010700", "SGG_CD": "11380", "GU_NM": "은평구", "F_YR": 2025, "F_ZONE_NM": "서울특별시 은평구 응암동 584-51 B02호", "F_SHIM": 0.1, "F_AREA": 158.13025192000001, "F_AVR_HGT": 14.762639617919922, "반복침수연도수": 1, "반복침수여부": false, "침수이력점수": 1, "기본위험등급": "주의" }, "geometry": { "type": "Polygon", "coordinates": [ [ [ 126.915235015495952, 37.592002373399247 ], [ 126.915269171981251, 37.592133671776836 ], [ 126.915381060288283, 37.592117085268974 ], [ 126.915346182000945, 37.591973325783073 ], [ 126.915346159480066, 37.591973217648494 ], [ 126.915235015495952, 37.592002373399247 ] ] ] } },
{ "type": "Feature", "properties": { "ADM_CD": "1138010300", "SGG_CD": "11380", "GU_NM": "은평구", "F_YR": 2025, "F_ZONE_NM": "서울특별시 은평구 불광동 243-14 지층 102호", "F_SHIM": 0.1, "F_AREA": 169.50254608, "F_AVR_HGT": 35.690789794921884, "반복침수연도수": 1, "반복침수여부": false, "침수이력점수": 1, "기본위험등급": "주의" }, "geometry": { "type": "Polygon", "coordinates": [ [ [ 126.932047997947478, 37.61462993316858 ], [ 126.932160044166565, 37.614597563759027 ], [ 126.932195277575062, 37.614587943964857 ], [ 126.932149841862127, 37.61448502524086 ], [ 126.932019208377994, 37.614530808312978 ], [ 126.932001196057399, 37.614534762020199 ], [ 126.931987941151533, 37.614538268037215 ], [ 126.932047997947478, 37.61462993316858 ] ] ] } },
{ "type": "Feature", "properties": { "ADM_CD": "1138010300", "SGG_CD": "11380", "GU_NM": "은평구", "F_YR": 2025, "F_ZONE_NM": "서울특별시 은평구 불광동 243-16 1층", "F_SHIM": 0.1, "F_AREA": 196.0475908, "F_AVR_HGT": 35.690789794921884, "반복침수연도수": 1, "반복침수여부": false, "침수이력점수": 1, "기본위험등급": "주의" }, "geometry": { "type": "Polygon", "coordinates": [ [ [ 126.931983862718681, 37.614539346811398 ], [ 126.931924497483195, 37.614434978222185 ], [ 126.931752397607241, 37.614494161155214 ], [ 126.931825589937432, 37.614588537107771 ], [ 126.931983862718681, 37.614539346811398 ] ] ] } },
{ "type": "Feature", "properties": { "ADM_CD": "1138010300", "SGG_CD": "11380", "GU_NM": "은평구", "F_YR": 2025, "F_ZONE_NM": "서울특별시 은평구 불광동 238-63 지층 2호", "F_SHIM": 0.1, "F_AREA": 171.39851669000001, "F_AVR_HGT": 32.04724464416504, "반복침수연도수": 1, "반복침수여부": false, "침수이력점수": 1, "기본위험등급": "주의" }, "geometry": { "type": "Polygon", "coordinates": [ [ [ 126.931615847429782, 37.61456859147706 ], [ 126.931746173849902, 37.614488120903303 ], [ 126.931708841517974, 37.614440977521056 ], [ 126.931662091915797, 37.61441157787791 ], [ 126.93153643206783, 37.614467724641202 ], [ 126.931615847429782, 37.61456859147706 ] ] ] } },
{ "type": "Feature", "properties": { "ADM_CD": "1138010300", "SGG_CD": "11380", "GU_NM": "은평구", "F_YR": 2025, "F_ZONE_NM": "서울특별시 은평구 불광동 243-13 B02호", "F_SHIM": 0.1, "F_AREA": 167.40811805000001, "F_AVR_HGT": 35.690789794921884, "반복침수연도수": 1, "반복침수여부": false, "침수이력점수": 1, "기본위험등급": "주의" }, "geometry": { "type": "Polygon", "coordinates": [ [ [ 126.932001196057399, 37.614534762020199 ], [ 126.932019208377994, 37.614530808312978 ], [ 126.932149841862127, 37.61448502524086 ], [ 126.932101684310851, 37.614386069212976 ], [ 126.932093413617039, 37.614388857388832 ], [ 126.932095041460059, 37.614392219005488 ], [ 126.932093410015398, 37.614392731604951 ], [ 126.931950205114802, 37.614437966616663 ], [ 126.932001196057399, 37.614534762020199 ] ] ] } },
{ "type": "Feature", "properties": { "ADM_CD": "1138010300", "SGG_CD": "11380", "GU_NM": "은평구", "F_YR": 2025, "F_ZONE_NM": "서울특별시 은평구 불광동 238-80 지층 1호", "F_SHIM": 0.1, "F_AREA": 133.45886844, "F_AVR_HGT": 32.04724464416504, "반복침수연도수": 1, "반복침수여부": false, "침수이력점수": 1, "기본위험등급": "주의" }, "geometry": { "type": "Polygon", "coordinates": [ [ [ 126.931371818514847, 37.614514748214987 ], [ 126.931517421072726, 37.614449603648737 ], [ 126.931465398615828, 37.614378575478817 ], [ 126.93132344593009, 37.614440793964597 ], [ 126.931371818514847, 37.614514748214987 ] ] ] } },
{ "type": "Feature", "properties": { "ADM_CD": "1138010200", "SGG_CD": "11380", "GU_NM": "은평구", "F_YR": 2025, "F_ZONE_NM": "서울특별시 은평구 녹번동 158-47 A동 101호", "F_SHIM": 0.1, "F_AREA": 823.52868497999998, "F_AVR_HGT": 21.00264129638672, "반복침수연도수": 1, "반복침수여부": false, "침수이력점수": 1, "기본위험등급": "주의" }, "geometry": { "type": "Polygon", "coordinates": [ [ [ 126.923488382016544, 37.603416551107884 ], [ 126.923490174174574, 37.60343547292775 ], [ 126.923502719211982, 37.603568015762498 ], [ 126.923673372941906, 37.603574615516528 ], [ 126.923821582788335, 37.603601742654334 ], [ 126.92382938354497, 37.603581736965872 ], [ 126.923863936203219, 37.603493112026015 ], [ 126.923874268378583, 37.603467260622516 ], [ 126.923896987873221, 37.603399431575006 ], [ 126.92376939168885, 37.603369705262409 ], [ 126.923763938024308, 37.603386910437948 ], [ 126.923733043552673, 37.603366347677024 ], [ 126.923634428116998, 37.603346280828809 ], [ 126.923597858301193, 37.603338328044046 ], [ 126.92347829792088, 37.603313201732909 ], [ 126.923488382016544, 37.603416551107884 ] ] ] } },
{ "type": "Feature", "properties": { "ADM_CD": "1138010300", "SGG_CD": "11380", "GU_NM": "은평구", "F_YR": 2025, "F_ZONE_NM": "서울특별시 은평구 불광동 281-70 지하 102호", "F_SHIM": 0.1, "F_AREA": 121.02038762, "F_AVR_HGT": 30.229314422607423, "반복침수연도수": 1, "반복침수여부": false, "침수이력점수": 1, "기본위험등급": "주의" }, "geometry": { "type": "Polygon", "coordinates": [ [ [ 126.930688120308588, 37.610865005452119 ], [ 126.930798938302786, 37.610928320811482 ], [ 126.930863114446709, 37.610851145134504 ], [ 126.930752067097714, 37.610790893034249 ], [ 126.930688120308588, 37.610865005452119 ] ] ] } },
{ "type": "Feature", "properties": { "ADM_CD": "1138010300", "SGG_CD": "11380", "GU_NM": "은평구", "F_YR": 2025, "F_ZONE_NM": "서울특별시 은평구 불광동 606-7 지층 02호", "F_SHIM": 0.1, "F_AREA": 167.3618863, "F_AVR_HGT": 35.43721160888672, "반복침수연도수": 1, "반복침수여부": false, "침수이력점수": 1, "기본위험등급": "주의" }, "geometry": { "type": "Polygon", "coordinates": [ [ [ 126.93250797743795, 37.610806078268936 ], [ 126.93251192562596, 37.610700575638909 ], [ 126.932454054216734, 37.610697928940084 ], [ 126.932450430190926, 37.610697746622904 ], [ 126.932473486377347, 37.610627213258027 ], [ 126.932443248550072, 37.610625573797087 ], [ 126.932434980869047, 37.610625568957758 ], [ 126.932409521677357, 37.610722679863727 ], [ 126.93240747281402, 37.610733760736949 ], [ 126.932365795999004, 37.610732204655093 ], [ 126.932346590304775, 37.610802830352654 ], [ 126.932478757260697, 37.61080615127706 ], [ 126.93250797743795, 37.610806078268936 ] ] ] } },
{ "type": "Feature", "properties": { "ADM_CD": "1138010700", "SGG_CD": "11380", "GU_NM": "은평구", "F_YR": 2025, "F_ZONE_NM": "서울특별시 은평구 응암동 119-1 지층", "F_SHIM": 0.1, "F_AREA": 332.7675334, "F_AVR_HGT": 18.505620574951173, "반복침수연도수": 1, "반복침수여부": false, "침수이력점수": 1, "기본위험등급": "주의" }, "geometry": { "type": "Polygon", "coordinates": [ [ [ 126.918968325873891, 37.596031360787762 ], [ 126.918852099488063, 37.595870453847077 ], [ 126.918694734772629, 37.595945575674051 ], [ 126.918809603425842, 37.596105310537311 ], [ 126.918968325873891, 37.596031360787762 ] ] ] } },
{ "type": "Feature", "properties": { "ADM_CD": "1138010600", "SGG_CD": "11380", "GU_NM": "은평구", "F_YR": 2025, "F_ZONE_NM": "서울특별시 은평구 대조동 179-49 지하 우측", "F_SHIM": 0.1, "F_AREA": 357.4991383, "F_AVR_HGT": 21.778274154663087, "반복침수연도수": 1, "반복침수여부": false, "침수이력점수": 1, "기본위험등급": "주의" }, "geometry": { "type": "Polygon", "coordinates": [ [ [ 126.922647271299539, 37.606994063207893 ], [ 126.922708385493237, 37.606925629395512 ], [ 126.922833225413768, 37.606782006048661 ], [ 126.922724805326567, 37.606712287798864 ], [ 126.922534087327364, 37.606931189065456 ], [ 126.922647271299539, 37.606994063207893 ] ] ] } },
{ "type": "Feature", "properties": { "ADM_CD": "1138010300", "SGG_CD": "11380", "GU_NM": "은평구", "F_YR": 2025, "F_ZONE_NM": "서울특별시 은평구 불광동 432-1 지층", "F_SHIM": 0.1, "F_AREA": 487.45693474000001, "F_AVR_HGT": 33.727498626708986, "반복침수연도수": 1, "반복침수여부": false, "침수이력점수": 1, "기본위험등급": "주의" }, "geometry": { "type": "Polygon", "coordinates": [ [ [ 126.926971403332672, 37.622886752495944 ], [ 126.927160519924797, 37.622825154709105 ], [ 126.927180122764952, 37.62281877010421 ], [ 126.927160551333131, 37.62279362044081 ], [ 126.927158956408363, 37.622791366986618 ], [ 126.927019044721789, 37.622593513700494 ], [ 126.926865258779159, 37.622666485963755 ], [ 126.926970338201613, 37.622887103205137 ], [ 126.926971403332672, 37.622886752495944 ] ] ] } },
{ "type": "Feature", "properties": { "ADM_CD": "1138010400", "SGG_CD": "11380", "GU_NM": "은평구", "F_YR": 2025, "F_ZONE_NM": "서울특별시 은평구 갈현동 390-1 지하1층", "F_SHIM": 0.1, "F_AREA": 325.48802017999998, "F_AVR_HGT": 52.452214813232423, "반복침수연도수": 1, "반복침수여부": false, "침수이력점수": 1, "기본위험등급": "주의" }, "geometry": { "type": "Polygon", "coordinates": [ [ [ 126.919758706847745, 37.626544186245404 ], [ 126.919599238542077, 37.626516775980868 ], [ 126.919541916671307, 37.626725042524079 ], [ 126.919588460927855, 37.626737778653919 ], [ 126.91961745268037, 37.626745096709918 ], [ 126.919713898963835, 37.626704349262042 ], [ 126.919758706847745, 37.626544186245404 ] ] ] } },
{ "type": "Feature", "properties": { "ADM_CD": "1138010300", "SGG_CD": "11380", "GU_NM": "은평구", "F_YR": 2025, "F_ZONE_NM": "서울특별시 은평구 불광동 329-25 1층", "F_SHIM": 0.1, "F_AREA": 271.28513976, "F_AVR_HGT": 37.056569671630861, "반복침수연도수": 1, "반복침수여부": false, "침수이력점수": 1, "기본위험등급": "주의" }, "geometry": { "type": "Polygon", "coordinates": [ [ [ 126.925258212830727, 37.618010590085085 ], [ 126.925126914576879, 37.617932074821461 ], [ 126.925102916824869, 37.617917553500092 ], [ 126.925038357342643, 37.61791489883479 ], [ 126.925012045256096, 37.617948218054202 ], [ 126.925003611150657, 37.617999298174233 ], [ 126.924999053507449, 37.618025603846327 ], [ 126.925188254865446, 37.618092227737471 ], [ 126.925258212830727, 37.618010590085085 ] ] ] } },
{ "type": "Feature", "properties": { "ADM_CD": "1138010400", "SGG_CD": "11380", "GU_NM": "은평구", "F_YR": 2025, "F_ZONE_NM": "서울특별시 은평구 갈현동 398-7", "F_SHIM": 0.1, "F_AREA": 235.38636172, "F_AVR_HGT": 26.256545639038087, "반복침수연도수": 1, "반복침수여부": false, "침수이력점수": 1, "기본위험등급": "주의" }, "geometry": { "type": "Polygon", "coordinates": [ [ [ 126.920042925662429, 37.618999264114777 ], [ 126.920107050643935, 37.618912859319082 ], [ 126.920179943984493, 37.618814648680306 ], [ 126.920152557373967, 37.618771526906201 ], [ 126.919946992548361, 37.618859500859521 ], [ 126.919984199693403, 37.61891277450345 ], [ 126.920042925662429, 37.618999264114777 ] ] ] } },
{ "type": "Feature", "properties": { "ADM_CD": "1138010700", "SGG_CD": "11380", "GU_NM": "은평구", "F_YR": 2025, "F_ZONE_NM": "서울특별시 은평구 응암동 576-48 지층", "F_SHIM": 0.1, "F_AREA": 113.69666176, "F_AVR_HGT": 16.493516540527345, "반복침수연도수": 1, "반복침수여부": false, "침수이력점수": 1, "기본위험등급": "주의" }, "geometry": { "type": "Polygon", "coordinates": [ [ [ 126.917524604678277, 37.590178720356313 ], [ 126.917478298157704, 37.59013622399182 ], [ 126.917471443795463, 37.590129939248769 ], [ 126.91747164023883, 37.590126416538745 ], [ 126.917473293382741, 37.590096153641973 ], [ 126.917479634272709, 37.590095887861111 ], [ 126.917478746810218, 37.590079579407373 ], [ 126.917476290410946, 37.590048854082291 ], [ 126.917438099133676, 37.590079550461226 ], [ 126.917393675088192, 37.590115017604454 ], [ 126.91736883453494, 37.590154372926946 ], [ 126.917379766329674, 37.590199700246004 ], [ 126.917524604678277, 37.590178720356313 ] ] ] } },
{ "type": "Feature", "properties": { "ADM_CD": "1138010700", "SGG_CD": "11380", "GU_NM": "은평구", "F_YR": 2025, "F_ZONE_NM": "서울특별시 은평구 응암동 578-48 오른쪽", "F_SHIM": 0.1, "F_AREA": 133.53401755, "F_AVR_HGT": 16.227212524414064, "반복침수연도수": 1, "반복침수여부": false, "침수이력점수": 1, "기본위험등급": "주의" }, "geometry": { "type": "Polygon", "coordinates": [ [ [ 126.917533943200198, 37.592145936495569 ], [ 126.917517382854172, 37.592071052914292 ], [ 126.917354779598057, 37.592078235060946 ], [ 126.917368833147634, 37.592166992036248 ], [ 126.917533943200198, 37.592145936495569 ] ] ] } },
{ "type": "Feature", "properties": { "ADM_CD": "1138010700", "SGG_CD": "11380", "GU_NM": "은평구", "F_YR": 2025, "F_ZONE_NM": "서울특별시 은평구 응암동 577-1 지층", "F_SHIM": 0.1, "F_AREA": 192.38719079000001, "F_AVR_HGT": 14.68515453338623, "반복침수연도수": 1, "반복침수여부": false, "침수이력점수": 1, "기본위험등급": "주의" }, "geometry": { "type": "Polygon", "coordinates": [ [ [ 126.91746724286817, 37.591801604881297 ], [ 126.917446434135883, 37.591708815700834 ], [ 126.917386775107289, 37.591718494816021 ], [ 126.917347364124524, 37.591725494397814 ], [ 126.917348152656487, 37.591729098897645 ], [ 126.917236152644065, 37.591745236699751 ], [ 126.917257565973941, 37.591833818751148 ], [ 126.91746724286817, 37.591801604881297 ] ] ] } },
{ "type": "Feature", "properties": { "ADM_CD": "1138010300", "SGG_CD": "11380", "GU_NM": "은평구", "F_YR": 2025, "F_ZONE_NM": "서울특별시 은평구 불광동 356-10 지하 좌측호", "F_SHIM": 0.1, "F_AREA": 105.28574018, "F_AVR_HGT": 31.865071868896489, "반복침수연도수": 1, "반복침수여부": false, "침수이력점수": 1, "기본위험등급": "주의" }, "geometry": { "type": "Polygon", "coordinates": [ [ [ 126.925875131027325, 37.621434486375421 ], [ 126.925985066000877, 37.621486363135865 ], [ 126.926034977437979, 37.62141557805549 ], [ 126.925930484706385, 37.621358659339769 ], [ 126.925882618224833, 37.621423409122244 ], [ 126.925875131027325, 37.621434486375421 ] ] ] } },
{ "type": "Feature", "properties": { "ADM_CD": "1138010300", "SGG_CD": "11380", "GU_NM": "은평구", "F_YR": 2025, "F_ZONE_NM": "서울특별시 은평구 불광동 356-26", "F_SHIM": 0.1, "F_AREA": 74.59158842, "F_AVR_HGT": 31.865071868896489, "반복침수연도수": 1, "반복침수여부": false, "침수이력점수": 1, "기본위험등급": "주의" }, "geometry": { "type": "Polygon", "coordinates": [ [ [ 126.926003399537677, 37.621502772702776 ], [ 126.926066443906976, 37.621550655059728 ], [ 126.926125082831149, 37.62147437954485 ], [ 126.926058072957318, 37.621427485760712 ], [ 126.926003399537677, 37.621502772702776 ] ] ] } },
{ "type": "Feature", "properties": { "ADM_CD": "1138010300", "SGG_CD": "11380", "GU_NM": "은평구", "F_YR": 2025, "F_ZONE_NM": "서울특별시 은평구 불광동 356-20 지층", "F_SHIM": 0.1, "F_AREA": 228.12294358, "F_AVR_HGT": 31.865071868896489, "반복침수연도수": 1, "반복침수여부": false, "침수이력점수": 1, "기본위험등급": "주의" }, "geometry": { "type": "Polygon", "coordinates": [ [ [ 126.925565022226493, 37.621404104358952 ], [ 126.92557591175752, 37.621388974905599 ], [ 126.925617543295544, 37.621329356822471 ], [ 126.925681743722606, 37.621242363441397 ], [ 126.925558767741308, 37.621205524367127 ], [ 126.925546515577977, 37.621223986567749 ], [ 126.925503414349251, 37.621280810642553 ], [ 126.925449534393323, 37.621355106762927 ], [ 126.925565022226493, 37.621404104358952 ] ] ] } },
{ "type": "Feature", "properties": { "ADM_CD": "1138010300", "SGG_CD": "11380", "GU_NM": "은평구", "F_YR": 2025, "F_ZONE_NM": "서울특별시 은평구 불광동 356-19 지하1층", "F_SHIM": 0.1, "F_AREA": 224.21296177, "F_AVR_HGT": 31.865071868896489, "반복침수연도수": 1, "반복침수여부": false, "침수이력점수": 1, "기본위험등급": "주의" }, "geometry": { "type": "Polygon", "coordinates": [ [ [ 126.92557591175752, 37.621388974905599 ], [ 126.925688679910195, 37.621439232001947 ], [ 126.92579859235245, 37.621289830018497 ], [ 126.925758632730577, 37.621264757130362 ], [ 126.925681743722606, 37.621242363441397 ], [ 126.925617543295544, 37.621329356822471 ], [ 126.92557591175752, 37.621388974905599 ] ] ] } },
{ "type": "Feature", "properties": { "ADM_CD": "1138010400", "SGG_CD": "11380", "GU_NM": "은평구", "F_YR": 2025, "F_ZONE_NM": "서울특별시 은평구 갈현동 461-1 영보빌딩 지하1층", "F_SHIM": 0.1, "F_AREA": 507.6328014, "F_AVR_HGT": 23.46345672607422, "반복침수연도수": 1, "반복침수여부": false, "침수이력점수": 1, "기본위험등급": "주의" }, "geometry": { "type": "Polygon", "coordinates": [ [ [ 126.918370414880471, 37.616514770343272 ], [ 126.918563849573601, 37.616432376652241 ], [ 126.918578847043634, 37.616390491595922 ], [ 126.918478437194096, 37.616238335457773 ], [ 126.918250554526708, 37.616335030302331 ], [ 126.918370414880471, 37.616514770343272 ] ] ] } },
{ "type": "Feature", "properties": { "ADM_CD": "1138010300", "SGG_CD": "11380", "GU_NM": "은평구", "F_YR": 2025, "F_ZONE_NM": "서울특별시 은평구 불광동 310-89 310-95, 은풍신발", "F_SHIM": 0.1, "F_AREA": 30.03223037, "F_AVR_HGT": 27.245179748535161, "반복침수연도수": 1, "반복침수여부": false, "침수이력점수": 1, "기본위험등급": "주의" }, "geometry": { "type": "Polygon", "coordinates": [ [ [ 126.921330830901582, 37.619225130044505 ], [ 126.921378749345976, 37.619240965787967 ], [ 126.921401741456492, 37.619200139968164 ], [ 126.921342115416337, 37.619180214840036 ], [ 126.921321449061622, 37.61920698693811 ], [ 126.921312193438325, 37.619218972693979 ], [ 126.921330830901582, 37.619225130044505 ] ] ] } },
{ "type": "Feature", "properties": { "ADM_CD": "1138010300", "SGG_CD": "11380", "GU_NM": "은평구", "F_YR": 2025, "F_ZONE_NM": "서울특별시 은평구 불광동 310-11 1층 장수떡집", "F_SHIM": 0.1, "F_AREA": 69.03019248, "F_AVR_HGT": 27.666200256347658, "반복침수연도수": 2, "반복침수여부": true, "침수이력점수": 1, "기본위험등급": "주의" }, "geometry": { "type": "Polygon", "coordinates": [ [ [ 126.921330830901582, 37.619225130044505 ], [ 126.921303663749526, 37.619230012913306 ], [ 126.921306272564451, 37.619226636010922 ], [ 126.921295663080684, 37.619223078937139 ], [ 126.921289050509188, 37.619231444547538 ], [ 126.921299920551093, 37.61923496575983 ], [ 126.92145821593644, 37.619285978637592 ], [ 126.921498976857848, 37.619300863446817 ], [ 126.921635081306874, 37.619342950343757 ], [ 126.921648669738431, 37.619325390428216 ], [ 126.921641739984537, 37.619323223385443 ], [ 126.921603060193064, 37.619311124063607 ], [ 126.921570336435707, 37.619300830724683 ], [ 126.921534895167113, 37.619289661584034 ], [ 126.921508738974197, 37.619281291766868 ], [ 126.921506723481102, 37.61928064169463 ], [ 126.921499000987694, 37.619278347968759 ], [ 126.921439101882967, 37.619259476851532 ], [ 126.921412333885016, 37.619251268774249 ], [ 126.921378749345976, 37.619240965787967 ], [ 126.921330830901582, 37.619225130044505 ] ] ] } },
{ "type": "Feature", "properties": { "ADM_CD": "1138010600", "SGG_CD": "11380", "GU_NM": "은평구", "F_YR": 2025, "F_ZONE_NM": "서울특별시 은평구 대조동 222-20 지층", "F_SHIM": 0.1, "F_AREA": 251.67319997000001, "F_AVR_HGT": 22.17674026489258, "반복침수연도수": 1, "반복침수여부": false, "침수이력점수": 1, "기본위험등급": "주의" }, "geometry": { "type": "Polygon", "coordinates": [ [ [ 126.918067227553223, 37.613453744327025 ], [ 126.918046629944556, 37.61333831408713 ], [ 126.917863127382347, 37.613357284952329 ], [ 126.917827524261995, 37.613392488068946 ], [ 126.917840682309716, 37.613475838146172 ], [ 126.918067227553223, 37.613453744327025 ] ] ] } },
{ "type": "Feature", "properties": { "ADM_CD": "1138010200", "SGG_CD": "11380", "GU_NM": "은평구", "F_YR": 2025, "F_ZONE_NM": "서울특별시 은평구 녹번동 34-2 1층 102호", "F_SHIM": 0.1, "F_AREA": 255.59632837000001, "F_AVR_HGT": 44.553025817871095, "반복침수연도수": 1, "반복침수여부": false, "침수이력점수": 1, "기본위험등급": "주의" }, "geometry": { "type": "Polygon", "coordinates": [ [ [ 126.934628828454365, 37.604213191927641 ], [ 126.934633848150241, 37.60417201986931 ], [ 126.934651934765256, 37.604082112056759 ], [ 126.934635525389467, 37.604069489002846 ], [ 126.934625460051393, 37.604054346791166 ], [ 126.934509144341746, 37.604067795548566 ], [ 126.934493589712645, 37.604112295255668 ], [ 126.934455428629761, 37.604109120139356 ], [ 126.934436661566593, 37.604199838418829 ], [ 126.934433711260127, 37.604206413914625 ], [ 126.934618523616024, 37.604212555399229 ], [ 126.934628828454365, 37.604213191927641 ] ] ] } },
{ "type": "Feature", "properties": { "ADM_CD": "1138010700", "SGG_CD": "11380", "GU_NM": "은평구", "F_YR": 2025, "F_ZONE_NM": "서울특별시 은평구 응암동 74-3 지층", "F_SHIM": 0.1, "F_AREA": 343.24451029, "F_AVR_HGT": 29.208425140380861, "반복침수연도수": 1, "반복침수여부": false, "침수이력점수": 1, "기본위험등급": "주의" }, "geometry": { "type": "Polygon", "coordinates": [ [ [ 126.930495524089196, 37.601173041547227 ], [ 126.930666752610719, 37.601153539068264 ], [ 126.93063871430401, 37.600950278482877 ], [ 126.930472891473244, 37.600965973017765 ], [ 126.930495524089196, 37.601173041547227 ] ] ] } },
{ "type": "Feature", "properties": { "ADM_CD": "1138010300", "SGG_CD": "11380", "GU_NM": "은평구", "F_YR": 2025, "F_ZONE_NM": "서울특별시 은평구 불광동 285-30 미도다방", "F_SHIM": 0.1, "F_AREA": 173.03909262, "F_AVR_HGT": 29.646123504638677, "반복침수연도수": 1, "반복침수여부": false, "침수이력점수": 1, "기본위험등급": "주의" }, "geometry": { "type": "Polygon", "coordinates": [ [ [ 126.931438693335807, 37.609186438191848 ], [ 126.93143325056316, 37.609193462617718 ], [ 126.931545200179173, 37.609255786885697 ], [ 126.931644180002536, 37.60913907829049 ], [ 126.931587128169184, 37.609109131903431 ], [ 126.931563003379722, 37.609111009667842 ], [ 126.931513734599093, 37.609114674479144 ], [ 126.931495726007938, 37.609116015268455 ], [ 126.931438693335807, 37.609186438191848 ] ] ] } },
{ "type": "Feature", "properties": { "ADM_CD": "1138010300", "SGG_CD": "11380", "GU_NM": "은평구", "F_YR": 2025, "F_ZONE_NM": "서울특별시 은평구 불광동 281-178 1층 롯데리아", "F_SHIM": 0.1, "F_AREA": 372.69566860999998, "F_AVR_HGT": 29.646123504638677, "반복침수연도수": 1, "반복침수여부": false, "침수이력점수": 1, "기본위험등급": "주의" }, "geometry": { "type": "Polygon", "coordinates": [ [ [ 126.931062372387984, 37.609668050157858 ], [ 126.931196962472598, 37.609741902811265 ], [ 126.931252237217308, 37.609674812597277 ], [ 126.931251949294534, 37.609631745500316 ], [ 126.931151907143317, 37.609576401656724 ], [ 126.93112601629268, 37.609565340181142 ], [ 126.93099722298156, 37.609493851480835 ], [ 126.930919805598919, 37.609586299978965 ], [ 126.931062372387984, 37.609668050157858 ] ] ] } },
{ "type": "Feature", "properties": { "ADM_CD": "1138010300", "SGG_CD": "11380", "GU_NM": "은평구", "F_YR": 2025, "F_ZONE_NM": "서울특별시 은평구 불광동 281-100 청춘약국", "F_SHIM": 0.1, "F_AREA": 166.34176926000001, "F_AVR_HGT": 27.985402679443361, "반복침수연도수": 1, "반복침수여부": false, "침수이력점수": 1, "기본위험등급": "주의" }, "geometry": { "type": "Polygon", "coordinates": [ [ [ 126.930290201948367, 37.610322465165524 ], [ 126.930427965128118, 37.610394716855637 ], [ 126.930499963273689, 37.610309707540587 ], [ 126.930370355593112, 37.610236379672465 ], [ 126.930290201948367, 37.610322465165524 ] ] ] } },
{ "type": "Feature", "properties": { "ADM_CD": "1138010200", "SGG_CD": "11380", "GU_NM": "은평구", "F_YR": 2025, "F_ZONE_NM": "서울특별시 은평구 녹번동 79-2 1층", "F_SHIM": 0.1, "F_AREA": 1483.0933736100001, "F_AVR_HGT": 29.208425140380861, "반복침수연도수": 1, "반복침수여부": false, "침수이력점수": 1, "기본위험등급": "주의" }, "geometry": { "type": "Polygon", "coordinates": [ [ [ 126.930334494467829, 37.601993181389844 ], [ 126.930395398231298, 37.601896182249 ], [ 126.930412079888555, 37.601859432197912 ], [ 126.93044346823352, 37.601838278005552 ], [ 126.930496942111745, 37.601813713361445 ], [ 126.930523321716407, 37.601819946014039 ], [ 126.930556721850749, 37.601826723471675 ], [ 126.930514365824564, 37.601472701804148 ], [ 126.930460115525761, 37.60148041760894 ], [ 126.93032536857848, 37.601468713728202 ], [ 126.930294764031615, 37.601499328684532 ], [ 126.930188288794128, 37.60152827603558 ], [ 126.930214563626251, 37.601762817768972 ], [ 126.930178417342901, 37.601785770990752 ], [ 126.930197142117549, 37.601981385693691 ], [ 126.930268437219468, 37.602031613500273 ], [ 126.930318234889441, 37.602062276968788 ], [ 126.930334494467829, 37.601993181389844 ] ] ] } },
{ "type": "Feature", "properties": { "ADM_CD": "1138010700", "SGG_CD": "11380", "GU_NM": "은평구", "F_YR": 2025, "F_ZONE_NM": "서울특별시 은평구 응암동 577-40 지층", "F_SHIM": 0.1, "F_AREA": 360.06742046, "F_AVR_HGT": 14.737551307678222, "반복침수연도수": 1, "반복침수여부": false, "침수이력점수": 1, "기본위험등급": "주의" }, "geometry": { "type": "Polygon", "coordinates": [ [ [ 126.917291518707543, 37.59104376973869 ], [ 126.917263343585262, 37.590927162237271 ], [ 126.917170706510049, 37.590943223700961 ], [ 126.91711940565547, 37.590951566187854 ], [ 126.9170914343443, 37.590955510516821 ], [ 126.917012613732595, 37.590968968882535 ], [ 126.916957801509113, 37.590978480065111 ], [ 126.916983714807472, 37.591092292966536 ], [ 126.917143845012305, 37.59106736016674 ], [ 126.917291518707543, 37.59104376973869 ] ] ] } },
{ "type": "Feature", "properties": { "ADM_CD": "1138010700", "SGG_CD": "11380", "GU_NM": "은평구", "F_YR": 2025, "F_ZONE_NM": "서울특별시 은평구 응암동 584-38", "F_SHIM": 0.1, "F_AREA": 132.1094294, "F_AVR_HGT": 14.337142562866211, "반복침수연도수": 1, "반복침수여부": false, "침수이력점수": 1, "기본위험등급": "주의" }, "geometry": { "type": "Polygon", "coordinates": [ [ [ 126.915746872289091, 37.591548920617235 ], [ 126.915844083595232, 37.591494391559095 ], [ 126.915842515563426, 37.591479434079766 ], [ 126.915758132698173, 37.591405852474281 ], [ 126.915668375268979, 37.591477055095545 ], [ 126.915743019677763, 37.591551440574051 ], [ 126.915746872289091, 37.591548920617235 ] ] ] } },
{ "type": "Feature", "properties": { "ADM_CD": "1138010900", "SGG_CD": "11380", "GU_NM": "은평구", "F_YR": 2025, "F_ZONE_NM": "서울특별시 은평구 신사동 29-30 지하", "F_SHIM": 0.1, "F_AREA": 462.12696634999998, "F_AVR_HGT": 29.292470550537111, "반복침수연도수": 1, "반복침수여부": false, "침수이력점수": 1, "기본위험등급": "주의" }, "geometry": { "type": "Polygon", "coordinates": [ [ [ 126.909489779816298, 37.596465562881157 ], [ 126.909803128196273, 37.596350030381096 ], [ 126.90974388804041, 37.596180779608567 ], [ 126.909680978869488, 37.596233077828337 ], [ 126.909492098809679, 37.596329516163514 ], [ 126.909458931430109, 37.596413101579422 ], [ 126.909489779816298, 37.596465562881157 ] ] ] } },
{ "type": "Feature", "properties": { "ADM_CD": "1138010100", "SGG_CD": "11380", "GU_NM": "은평구", "F_YR": 2025, "F_ZONE_NM": "서울특별시 은평구 수색동 76-31 1층 반지층", "F_SHIM": 0.1, "F_AREA": 155.25349575000001, "F_AVR_HGT": 13.45300636291504, "반복침수연도수": 2, "반복침수여부": true, "침수이력점수": 1, "기본위험등급": "주의" }, "geometry": { "type": "Polygon", "coordinates": [ [ [ 126.898721872088856, 37.580484559084603 ], [ 126.898760960292378, 37.580462248662521 ], [ 126.898818053204479, 37.580436800441106 ], [ 126.898898620233112, 37.580382459959011 ], [ 126.898910628787149, 37.580376424781029 ], [ 126.898912220650445, 37.580371380642987 ], [ 126.898928373231811, 37.580315443449983 ], [ 126.898898689491475, 37.580331995793081 ], [ 126.898855862252844, 37.580356645573382 ], [ 126.898871966635809, 37.580335846800473 ], [ 126.898858394435422, 37.58032637464563 ], [ 126.898862248643425, 37.580322683954563 ], [ 126.898852745445595, 37.580317990563152 ], [ 126.898711118133392, 37.580401478811574 ], [ 126.898719933401978, 37.580412478517282 ], [ 126.898746043803513, 37.580442413985921 ], [ 126.898709892626798, 37.580469412088078 ], [ 126.898721872088856, 37.580484559084603 ] ] ] } },
{ "type": "Feature", "properties": { "ADM_CD": "1138010300", "SGG_CD": "11380", "GU_NM": "은평구", "F_YR": 2025, "F_ZONE_NM": "서울특별시 은평구 불광동 319-34 옷가게", "F_SHIM": 0.1, "F_AREA": 13.54000742, "F_AVR_HGT": 29.5953670501709, "반복침수연도수": 1, "반복침수여부": false, "침수이력점수": 1, "기본위험등급": "주의" }, "geometry": { "type": "Polygon", "coordinates": [ [ [ 126.92408292841462, 37.620120145658085 ], [ 126.924027909260516, 37.620091007886288 ], [ 126.924013840556384, 37.620113342952585 ], [ 126.924073058012652, 37.620135455841712 ], [ 126.92408292841462, 37.620120145658085 ] ] ] } },
{ "type": "Feature", "properties": { "ADM_CD": "1138010300", "SGG_CD": "11380", "GU_NM": "은평구", "F_YR": 2025, "F_ZONE_NM": "서울특별시 은평구 불광동 238-24 지층 3호", "F_SHIM": 0.1, "F_AREA": 234.97024676000001, "F_AVR_HGT": 35.211446380615243, "반복침수연도수": 1, "반복침수여부": false, "침수이력점수": 1, "기본위험등급": "주의" }, "geometry": { "type": "Polygon", "coordinates": [ [ [ 126.932039918405081, 37.616618483116049 ], [ 126.932215122289833, 37.616636966141449 ], [ 126.932221795673257, 37.616524888068064 ], [ 126.932247556106375, 37.616471745333079 ], [ 126.932133812827601, 37.6164990683247 ], [ 126.932078865653821, 37.61651381208852 ], [ 126.932049416629539, 37.61651397495276 ], [ 126.932033332268617, 37.616514776365932 ], [ 126.932039918405081, 37.616618483116049 ] ] ] } },
{ "type": "Feature", "properties": { "ADM_CD": "1138010300", "SGG_CD": "11380", "GU_NM": "은평구", "F_YR": 2025, "F_ZONE_NM": "서울특별시 은평구 불광동 238-28 지층 1호", "F_SHIM": 0.1, "F_AREA": 241.55398579000001, "F_AVR_HGT": 35.211446380615243, "반복침수연도수": 2, "반복침수여부": true, "침수이력점수": 1, "기본위험등급": "주의" }, "geometry": { "type": "Polygon", "coordinates": [ [ [ 126.932288831591748, 37.616543127221924 ], [ 126.932460414884375, 37.616557283052224 ], [ 126.932460996040263, 37.616541245936716 ], [ 126.932515939125977, 37.616408293329563 ], [ 126.932517304379616, 37.616401716968895 ], [ 126.932434054267915, 37.616402298949751 ], [ 126.932381376021709, 37.616413260064128 ], [ 126.932319381416804, 37.616455119329324 ], [ 126.932295442966236, 37.6164978117733 ], [ 126.932288831591748, 37.616543127221924 ] ] ] } },
{ "type": "Feature", "properties": { "ADM_CD": "1138010300", "SGG_CD": "11380", "GU_NM": "은평구", "F_YR": 2025, "F_ZONE_NM": "서울특별시 은평구 불광동 238-2 지층 나호", "F_SHIM": 0.1, "F_AREA": 199.02341722, "F_AVR_HGT": 34.192849731445314, "반복침수연도수": 1, "반복침수여부": false, "침수이력점수": 1, "기본위험등급": "주의" }, "geometry": { "type": "Polygon", "coordinates": [ [ [ 126.9323115676642, 37.616209056922578 ], [ 126.932362313523811, 37.616205392650251 ], [ 126.932401730940953, 37.61620388407551 ], [ 126.932423459441537, 37.616223628276778 ], [ 126.932453353241868, 37.616232295190315 ], [ 126.932484508366926, 37.6162242946912 ], [ 126.932474566508191, 37.616196808963579 ], [ 126.932480183932952, 37.616123832812406 ], [ 126.932467658419753, 37.616085443705522 ], [ 126.932282426737544, 37.616121374406575 ], [ 126.9323115676642, 37.616209056922578 ] ] ] } },
{ "type": "Feature", "properties": { "ADM_CD": "1138010300", "SGG_CD": "11380", "GU_NM": "은평구", "F_YR": 2025, "F_ZONE_NM": "서울특별시 은평구 불광동 238-46 B02호", "F_SHIM": 0.1, "F_AREA": 161.46822761000001, "F_AVR_HGT": 35.211446380615243, "반복침수연도수": 1, "반복침수여부": false, "침수이력점수": 1, "기본위험등급": "주의" }, "geometry": { "type": "Polygon", "coordinates": [ [ [ 126.932423818420432, 37.61681494209104 ], [ 126.932428929530033, 37.616799628413062 ], [ 126.932429270326182, 37.616798547435856 ], [ 126.932442676966772, 37.616753866645425 ], [ 126.932450959743221, 37.61673828452858 ], [ 126.932452798485855, 37.616709634420843 ], [ 126.93237419698994, 37.61670472309801 ], [ 126.932272943901609, 37.616698266766612 ], [ 126.932250112423489, 37.616768529856003 ], [ 126.932297785388386, 37.616781171557363 ], [ 126.932423818420432, 37.61681494209104 ] ] ] } },
{ "type": "Feature", "properties": { "ADM_CD": "1138010800", "SGG_CD": "11380", "GU_NM": "은평구", "F_YR": 2025, "F_ZONE_NM": "서울특별시 은평구 역촌동 19-13 B01호", "F_SHIM": 0.1, "F_AREA": 164.51411609, "F_AVR_HGT": 23.522126770019533, "반복침수연도수": 1, "반복침수여부": false, "침수이력점수": 1, "기본위험등급": "주의" }, "geometry": { "type": "Polygon", "coordinates": [ [ [ 126.919531682479175, 37.606540908390521 ], [ 126.919586884876963, 37.606495537226003 ], [ 126.919490349600395, 37.606414156534413 ], [ 126.919489014493166, 37.6064130293788 ], [ 126.919468421692031, 37.606396076600213 ], [ 126.919379777894065, 37.606471246949653 ], [ 126.919505951062376, 37.606562514083713 ], [ 126.919531682479175, 37.606540908390521 ] ] ] } },
{ "type": "Feature", "properties": { "ADM_CD": "1138010200", "SGG_CD": "11380", "GU_NM": "은평구", "F_YR": 2025, "F_ZONE_NM": "서울특별시 은평구 녹번동 82-19 반지하", "F_SHIM": 0.1, "F_AREA": 138.61651961000001, "F_AVR_HGT": 25.113103485107423, "반복침수연도수": 1, "반복침수여부": false, "침수이력점수": 1, "기본위험등급": "주의" }, "geometry": { "type": "Polygon", "coordinates": [ [ [ 126.926643025476849, 37.60321389130047 ], [ 126.926744336083303, 37.603144129370435 ], [ 126.926659030312891, 37.603063617541238 ], [ 126.926655744328613, 37.603065507520711 ], [ 126.926557493247174, 37.603133379255226 ], [ 126.926643025476849, 37.60321389130047 ] ] ] } },
{ "type": "Feature", "properties": { "ADM_CD": "1138010200", "SGG_CD": "11380", "GU_NM": "은평구", "F_YR": 2025, "F_ZONE_NM": "서울특별시 은평구 녹번동 151-76 지층 1호", "F_SHIM": 0.1, "F_AREA": 130.42428056, "F_AVR_HGT": 21.945514297485357, "반복침수연도수": 1, "반복침수여부": false, "침수이력점수": 1, "기본위험등급": "주의" }, "geometry": { "type": "Polygon", "coordinates": [ [ [ 126.925074386076858, 37.606198236972517 ], [ 126.925175332379311, 37.606135738108087 ], [ 126.925106234514388, 37.606040549669551 ], [ 126.925084143965989, 37.606047382830262 ], [ 126.925060080505389, 37.60610079548961 ], [ 126.925010682799126, 37.606121395971002 ], [ 126.925049459990092, 37.60618710270478 ], [ 126.925072891870073, 37.606197569277882 ], [ 126.925074386076858, 37.606198236972517 ] ] ] } },
{ "type": "Feature", "properties": { "ADM_CD": "1138010200", "SGG_CD": "11380", "GU_NM": "은평구", "F_YR": 2025, "F_ZONE_NM": "서울특별시 은평구 녹번동 103-3 지층 2호", "F_SHIM": 0.1, "F_AREA": 189.02873695, "F_AVR_HGT": 23.862243270874025, "반복침수연도수": 1, "반복침수여부": false, "침수이력점수": 1, "기본위험등급": "주의" }, "geometry": { "type": "Polygon", "coordinates": [ [ [ 126.927637069620474, 37.605877353406868 ], [ 126.927579172173026, 37.605847755921268 ], [ 126.92745154486218, 37.605786616327613 ], [ 126.927379521316311, 37.605886715286047 ], [ 126.927431140128505, 37.605909533541627 ], [ 126.927429419802593, 37.605942724648095 ], [ 126.927474959614415, 37.605928833050996 ], [ 126.927637069620474, 37.605877353406868 ] ] ] } },
{ "type": "Feature", "properties": { "ADM_CD": "1138010900", "SGG_CD": "11380", "GU_NM": "은평구", "F_YR": 2025, "F_ZONE_NM": "서울특별시 은평구 신사동 339-28 지층", "F_SHIM": 0.1, "F_AREA": 184.24027876, "F_AVR_HGT": 14.498097991943361, "반복침수연도수": 1, "반복침수여부": false, "침수이력점수": 1, "기본위험등급": "주의" }, "geometry": { "type": "Polygon", "coordinates": [ [ [ 126.912241710544563, 37.589267371282197 ], [ 126.912406249073229, 37.589246682862388 ], [ 126.912396966684739, 37.589150090290417 ], [ 126.912395181645905, 37.58912783461939 ], [ 126.912264851228429, 37.589136475698865 ], [ 126.912257264623022, 37.589137010553166 ], [ 126.912241710544563, 37.589267371282197 ] ] ] } },
{ "type": "Feature", "properties": { "ADM_CD": "1138010900", "SGG_CD": "11380", "GU_NM": "은평구", "F_YR": 2025, "F_ZONE_NM": "서울특별시 은평구 신사동 339-27 B동 지층02호", "F_SHIM": 0.1, "F_AREA": 425.91696903000002, "F_AVR_HGT": 15.602876281738279, "반복침수연도수": 1, "반복침수여부": false, "침수이력점수": 1, "기본위험등급": "주의" }, "geometry": { "type": "Polygon", "coordinates": [ [ [ 126.912141832568821, 37.589279729290446 ], [ 126.912241710544563, 37.589267371282197 ], [ 126.912257264623022, 37.589137010553166 ], [ 126.912264851228429, 37.589136475698865 ], [ 126.91226301346839, 37.589063584642645 ], [ 126.912265994924013, 37.589032052430291 ], [ 126.91226725586975, 37.589019079203041 ], [ 126.912255414569628, 37.5889796071164 ], [ 126.912063115692945, 37.589018023693022 ], [ 126.912141832568821, 37.589279729290446 ] ] ] } },
{ "type": "Feature", "properties": { "ADM_CD": "1138010600", "SGG_CD": "11380", "GU_NM": "은평구", "F_YR": 2025, "F_ZONE_NM": "서울특별시 은평구 대조동 33-42 지층", "F_SHIM": 0.1, "F_AREA": 112.18710418000001, "F_AVR_HGT": 24.29902801513672, "반복침수연도수": 1, "반복침수여부": false, "침수이력점수": 1, "기본위험등급": "주의" }, "geometry": { "type": "Polygon", "coordinates": [ [ [ 126.924500132357764, 37.609219540913386 ], [ 126.924560886218316, 37.609171197825596 ], [ 126.924503305589155, 37.609107641051551 ], [ 126.924489480103929, 37.609115921060891 ], [ 126.924393261842781, 37.609179737827965 ], [ 126.924467488416909, 37.609245557977907 ], [ 126.924500132357764, 37.609219540913386 ] ] ] } },
{ "type": "Feature", "properties": { "ADM_CD": "1138010700", "SGG_CD": "11380", "GU_NM": "은평구", "F_YR": 2025, "F_ZONE_NM": "서울특별시 은평구 응암동 595-34 1층,지하", "F_SHIM": 0.1, "F_AREA": 199.60649969, "F_AVR_HGT": 14.054449653625488, "반복침수연도수": 1, "반복침수여부": false, "침수이력점수": 1, "기본위험등급": "주의" }, "geometry": { "type": "Polygon", "coordinates": [ [ [ 126.914606889046297, 37.587567986853713 ], [ 126.914724090998547, 37.587552305849243 ], [ 126.914691070069239, 37.587420737752609 ], [ 126.914688702900193, 37.587411726161136 ], [ 126.914559034097181, 37.587438389965079 ], [ 126.914537902037438, 37.587442735163421 ], [ 126.914563931965006, 37.587510472374618 ], [ 126.914587411801207, 37.587570765565289 ], [ 126.914606889046297, 37.587567986853713 ] ] ] } },
{ "type": "Feature", "properties": { "ADM_CD": "1138010300", "SGG_CD": "11380", "GU_NM": "은평구", "F_YR": 2025, "F_ZONE_NM": "서울특별시 은평구 불광동 432-3 B01, 앞쪽", "F_SHIM": 0.1, "F_AREA": 102.64042277, "F_AVR_HGT": 33.901582336425783, "반복침수연도수": 1, "반복침수여부": false, "침수이력점수": 1, "기본위험등급": "주의" }, "geometry": { "type": "Polygon", "coordinates": [ [ [ 126.926242089113558, 37.622152531644723 ], [ 126.926358892464151, 37.622134226109551 ], [ 126.926348046526527, 37.622106108632543 ], [ 126.926337988519819, 37.622082947045122 ], [ 126.926344015499723, 37.622059615508711 ], [ 126.926197877305981, 37.62207510927194 ], [ 126.926212334114325, 37.622116923959609 ], [ 126.926242089113558, 37.622152531644723 ] ] ] } },
{ "type": "Feature", "properties": { "ADM_CD": "1138010300", "SGG_CD": "11380", "GU_NM": "은평구", "F_YR": 2025, "F_ZONE_NM": "서울특별시 은평구 불광동 431-2 지층 우측", "F_SHIM": 0.1, "F_AREA": 114.82270116, "F_AVR_HGT": 33.901582336425783, "반복침수연도수": 1, "반복침수여부": false, "침수이력점수": 1, "기본위험등급": "주의" }, "geometry": { "type": "Polygon", "coordinates": [ [ [ 126.926491944464019, 37.622290991155772 ], [ 126.926477117125899, 37.622279539285103 ], [ 126.926428822171289, 37.622207069792374 ], [ 126.926425450147548, 37.622203562835395 ], [ 126.926333284196176, 37.622255121278826 ], [ 126.926351837378917, 37.622278648669443 ], [ 126.926366180948378, 37.622320553362698 ], [ 126.926370223792574, 37.622355333754825 ], [ 126.926412277695206, 37.622326168785037 ], [ 126.926491944464019, 37.622290991155772 ] ] ] } }
]
}
