{
"type": "FeatureCollection",
"name": "eunpyeong_mobility_facilities",
"crs": { "type": "name", "properties": { "name": "urn:ogc:def:crs:OGC:1.3:CRS84" } },
"features": [
{ "type": "Feature", "properties": { "id": "342", "CONTENTS_NAME": "24. 디지털미디어시티역 4번출구 ", "ADDR_OLD": "서울특별시 은평구 증산동 239", "ADDR_NEW": "서울특별시 은평구 수색로 183-2", "TEL_NO": "02-385-1351", "시설대분류": "셔틀버스정류장", "시설구분": null, "편의시설 구분": null, "경사로지원상태": "정보없음", "자동문정보": "정보없음", "경사로 설치 여부": null, "이동식 경사로 설치 여부": null, "자동문 설치 여부": null, "점자표지판 설치 여부": null, "점자 메뉴판 설치 여부": null, "의사소통판 설치 여부": null, "경사도": null, "영업시간": null, "버스번호": "12-1번", "버스정보": "전기 저상버스, 휠체어 탑승 가능, 토요일은 1회, 2회만 운영, 일요일 및 공휴일 미운영", "평일운영시간": null, "토요일운영시간": null, "상세위치": null, "최적경로": null, "대표점변환여부": false, "원본Geometry유형": "Point" }, "geometry": { "type": "Point", "coordinates": [ 126.9021, 37.5776 ] } },
{ "type": "Feature", "properties": { "id": "552", "CONTENTS_NAME": "16.  디지털미디어시티역  5번출구", "ADDR_OLD": "서울특별시 은평구 증산동 238", "ADDR_NEW": "서울특별시 은평구 수색로 190-2", "TEL_NO": "02-385-1351", "시설대분류": "셔틀버스정류장", "시설구분": null, "편의시설 구분": null, "경사로지원상태": "정보없음", "자동문정보": "정보없음", "경사로 설치 여부": null, "이동식 경사로 설치 여부": null, "자동문 설치 여부": null, "점자표지판 설치 여부": null, "점자 메뉴판 설치 여부": null, "의사소통판 설치 여부": null, "경사도": null, "영업시간": null, "버스번호": "12번", "버스정보": "전기 저상버스, 휠체어 탑승 가능, 토요일은 1회, 2회만 운영, 일요일 및 공휴일 미운영", "평일운영시간": null, "토요일운영시간": null, "상세위치": null, "최적경로": null, "대표점변환여부": false, "원본Geometry유형": "Point" }, "geometry": { "type": "Point", "coordinates": [ 126.9021, 37.5782 ] } },
{ "type": "Feature", "properties": { "id": "131", "CONTENTS_NAME": "천지인공인중개사사무소", "ADDR_OLD": "서울특별시 은평구 수색동 418-1", "ADDR_NEW": "서울특별시 은평구 수색로 216", "TEL_NO": "02-308-8924", "시설대분류": "생활편의업소", "시설구분": null, "편의시설 구분": null, "경사로지원상태": "정보없음", "자동문정보": "정보없음", "경사로 설치 여부": null, "이동식 경사로 설치 여부": null, "자동문 설치 여부": null, "점자표지판 설치 여부": null, "점자 메뉴판 설치 여부": null, "의사소통판 설치 여부": null, "경사도": null, "영업시간": null, "버스번호": null, "버스정보": null, "평일운영시간": null, "토요일운영시간": null, "상세위치": null, "최적경로": null, "대표점변환여부": false, "원본Geometry유형": "Point" }, "geometry": { "type": "Point", "coordinates": [ 126.8998, 37.5799 ] } },
{ "type": "Feature", "properties": { "id": "341", "CONTENTS_NAME": "23. 수색국철역 ", "ADDR_OLD": "서울특별시 은평구 수색동 106-3", "ADDR_NEW": "서울특별시 은평구 수색로 254-2", "TEL_NO": "02-385-1351", "시설대분류": "셔틀버스정류장", "시설구분": null, "편의시설 구분": null, "경사로지원상태": "정보없음", "자동문정보": "정보없음", "경사로 설치 여부": null, "이동식 경사로 설치 여부": null, "자동문 설치 여부": null, "점자표지판 설치 여부": null, "점자 메뉴판 설치 여부": null, "의사소통판 설치 여부": null, "경사도": null, "영업시간": null, "버스번호": "12-1번", "버스정보": "전기 저상버스, 휠체어 탑승 가능, 토요일은 1회, 2회만 운영, 일요일 및 공휴일 미운영", "평일운영시간": null, "토요일운영시간": null, "상세위치": null, "최적경로": null, "대표점변환여부": false, "원본Geometry유형": "Point" }, "geometry": { "type": "Point", "coordinates": [ 126.8963, 37.5815 ] } },
{ "type": "Feature", "properties": { "id": "288", "CONTENTS_NAME": "17.  수색국철역", "ADDR_OLD": "서울특별시 은평구 수색동 106-3", "ADDR_NEW": "서울특별시 은평구 수색로 254-2", "TEL_NO": "02-385-1351", "시설대분류": "셔틀버스정류장", "시설구분": null, "편의시설 구분": null, "경사로지원상태": "정보없음", "자동문정보": "정보없음", "경사로 설치 여부": null, "이동식 경사로 설치 여부": null, "자동문 설치 여부": null, "점자표지판 설치 여부": null, "점자 메뉴판 설치 여부": null, "의사소통판 설치 여부": null, "경사도": null, "영업시간": null, "버스번호": "12번", "버스정보": "전기 저상버스, 휠체어 탑승 가능, 토요일은 1회, 2회만 운영, 일요일 및 공휴일 미운영", "평일운영시간": null, "토요일운영시간": null, "상세위치": null, "최적경로": null, "대표점변환여부": false, "원본Geometry유형": "Point" }, "geometry": { "type": "Point", "coordinates": [ 126.8962, 37.5818 ] } },
{ "type": "Feature", "properties": { "id": "11", "CONTENTS_NAME": "황금자이(단지내02-304-2416)공인중개사사무소", "ADDR_OLD": "서울특별시 은평구 수색동 431-11", "ADDR_NEW": "서울특별시 은평구 은평터널로 15", "TEL_NO": "02-304-2416", "시설대분류": "생활편의업소", "시설구분": null, "편의시설 구분": null, "경사로지원상태": "정보없음", "자동문정보": "정보없음", "경사로 설치 여부": null, "이동식 경사로 설치 여부": null, "자동문 설치 여부": null, "점자표지판 설치 여부": null, "점자 메뉴판 설치 여부": null, "의사소통판 설치 여부": null, "경사도": null, "영업시간": null, "버스번호": null, "버스정보": null, "평일운영시간": null, "토요일운영시간": null, "상세위치": null, "최적경로": null, "대표점변환여부": false, "원본Geometry유형": "Point" }, "geometry": { "type": "Point", "coordinates": [ 126.8957, 37.5833 ] } },
{ "type": "Feature", "properties": { "id": "70", "CONTENTS_NAME": "수색동 주민센터", "ADDR_OLD": "서울특별시 은평구 수색동 417-4", "ADDR_NEW": "서울특별시 은평구 수색로 280", "TEL_NO": "02-351-5443", "시설대분류": "전동휠체어충전소", "시설구분": null, "편의시설 구분": null, "경사로지원상태": "정보없음", "자동문정보": "정보없음", "경사로 설치 여부": null, "이동식 경사로 설치 여부": null, "자동문 설치 여부": null, "점자표지판 설치 여부": null, "점자 메뉴판 설치 여부": null, "의사소통판 설치 여부": null, "경사도": null, "영업시간": null, "버스번호": null, "버스정보": null, "평일운영시간": "09시 ~ 18시", "토요일운영시간": "00시 ~ 24시", "상세위치": "주민센터1층 민원실", "최적경로": null, "대표점변환여부": false, "원본Geometry유형": "Point" }, "geometry": { "type": "Point", "coordinates": [ 126.8937, 37.5835 ] } },
{ "type": "Feature", "properties": { "id": "135", "CONTENTS_NAME": "수색뉴타운부동산중개사무소", "ADDR_OLD": "서울특별시 은평구 수색동 146-27", "ADDR_NEW": "서울특별시 은평구 은평터널로 15", "TEL_NO": "372-8022", "시설대분류": "생활편의업소", "시설구분": null, "편의시설 구분": null, "경사로지원상태": "정보없음", "자동문정보": "정보없음", "경사로 설치 여부": null, "이동식 경사로 설치 여부": null, "자동문 설치 여부": null, "점자표지판 설치 여부": null, "점자 메뉴판 설치 여부": null, "의사소통판 설치 여부": null, "경사도": null, "영업시간": null, "버스번호": null, "버스정보": null, "평일운영시간": null, "토요일운영시간": null, "상세위치": null, "최적경로": null, "대표점변환여부": false, "원본Geometry유형": "Point" }, "geometry": { "type": "Point", "coordinates": [ 126.8949, 37.5837 ] } },
{ "type": "Feature", "properties": { "id": "0", "CONTENTS_NAME": "대박(롯데단지내02-304-4982)공인중개사사무소", "ADDR_OLD": "서울특별시 은평구 수색동 417", "ADDR_NEW": "서울특별시 은평구 수색로 300", "TEL_NO": "02-304-4982", "시설대분류": "생활편의업소", "시설구분": null, "편의시설 구분": null, "경사로지원상태": "정보없음", "자동문정보": "정보없음", "경사로 설치 여부": null, "이동식 경사로 설치 여부": null, "자동문 설치 여부": null, "점자표지판 설치 여부": null, "점자 메뉴판 설치 여부": null, "의사소통판 설치 여부": null, "경사도": null, "영업시간": "10:00~19:00", "버스번호": null, "버스정보": null, "평일운영시간": null, "토요일운영시간": null, "상세위치": null, "최적경로": null, "대표점변환여부": false, "원본Geometry유형": "Point" }, "geometry": { "type": "Point", "coordinates": [ 126.8928, 37.5838 ] } },
{ "type": "Feature", "properties": { "id": "38", "CONTENTS_NAME": "수색1번지공인중개사사무소", "ADDR_OLD": "서울특별시 은평구 수색동 417", "ADDR_NEW": "서울특별시 은평구 수색로 300", "TEL_NO": "", "시설대분류": "생활편의업소", "시설구분": null, "편의시설 구분": null, "경사로지원상태": "정보없음", "자동문정보": "정보없음", "경사로 설치 여부": null, "이동식 경사로 설치 여부": null, "자동문 설치 여부": null, "점자표지판 설치 여부": null, "점자 메뉴판 설치 여부": null, "의사소통판 설치 여부": null, "경사도": null, "영업시간": null, "버스번호": null, "버스정보": null, "평일운영시간": null, "토요일운영시간": null, "상세위치": null, "최적경로": null, "대표점변환여부": false, "원본Geometry유형": "Point" }, "geometry": { "type": "Point", "coordinates": [ 126.8923, 37.584 ] } },
{ "type": "Feature", "properties": { "id": "24", "CONTENTS_NAME": "센트럴단지내탑공인중개사사무소", "ADDR_OLD": "서울특별시 은평구 증산동 258", "ADDR_NEW": "서울특별시 은평구 수색로 200", "TEL_NO": "02-364-9007", "시설대분류": "생활편의업소", "시설구분": null, "편의시설 구분": null, "경사로지원상태": "정보없음", "자동문정보": "정보없음", "경사로 설치 여부": null, "이동식 경사로 설치 여부": null, "자동문 설치 여부": null, "점자표지판 설치 여부": null, "점자 메뉴판 설치 여부": null, "의사소통판 설치 여부": null, "경사도": null, "영업시간": null, "버스번호": null, "버스정보": null, "평일운영시간": null, "토요일운영시간": null, "상세위치": null, "최적경로": null, "대표점변환여부": false, "원본Geometry유형": "Point" }, "geometry": { "type": "Point", "coordinates": [ 126.9035, 37.5802 ] } },
{ "type": "Feature", "properties": { "id": "130", "CONTENTS_NAME": "이오공인중개사사무소", "ADDR_OLD": "서울특별시 은평구 증산동 184-9", "ADDR_NEW": "서울특별시 은평구 증산로3길 12", "TEL_NO": "308-3338", "시설대분류": "생활편의업소", "시설구분": null, "편의시설 구분": null, "경사로지원상태": "정보없음", "자동문정보": "정보없음", "경사로 설치 여부": null, "이동식 경사로 설치 여부": null, "자동문 설치 여부": null, "점자표지판 설치 여부": null, "점자 메뉴판 설치 여부": null, "의사소통판 설치 여부": null, "경사도": null, "영업시간": null, "버스번호": null, "버스정보": null, "평일운영시간": null, "토요일운영시간": null, "상세위치": null, "최적경로": null, "대표점변환여부": false, "원본Geometry유형": "Point" }, "geometry": { "type": "Point", "coordinates": [ 126.9047, 37.5814 ] } },
{ "type": "Feature", "properties": { "id": "237", "CONTENTS_NAME": "바오로교실보호작업장", "ADDR_OLD": "서울특별시 은평구 증산동 175-22", "ADDR_NEW": "서울특별시 은평구 증산로5길 7", "TEL_NO": "02-306-5180", "시설대분류": "접근성조사시설", "시설구분": "직업재활시설", "편의시설 구분": null, "경사로지원상태": "정보없음", "자동문정보": "정보없음", "경사로 설치 여부": null, "이동식 경사로 설치 여부": null, "자동문 설치 여부": null, "점자표지판 설치 여부": null, "점자 메뉴판 설치 여부": null, "의사소통판 설치 여부": null, "경사도": null, "영업시간": null, "버스번호": null, "버스정보": null, "평일운영시간": null, "토요일운영시간": null, "상세위치": null, "최적경로": null, "대표점변환여부": false, "원본Geometry유형": "Point" }, "geometry": { "type": "Point", "coordinates": [ 126.9071, 37.5826 ] } },
{ "type": "Feature", "properties": { "id": "637", "CONTENTS_NAME": "폴스카페", "ADDR_OLD": "서울특별시 은평구 증산동 175-22", "ADDR_NEW": "서울특별시 은평구 증산로5길 7", "TEL_NO": "02-304-8605", "시설대분류": "접근성조사시설", "시설구분": "카페", "편의시설 구분": null, "경사로지원상태": "경사로 미설치", "자동문정보": "자동문 미설치", "경사로 설치 여부": "미 설치", "이동식 경사로 설치 여부": "미설치", "자동문 설치 여부": "미 설치", "점자표지판 설치 여부": "미설치", "점자 메뉴판 설치 여부": "미설치", "의사소통판 설치 여부": "설치", "경사도": null, "영업시간": null, "버스번호": null, "버스정보": null, "평일운영시간": null, "토요일운영시간": null, "상세위치": null, "최적경로": null, "대표점변환여부": false, "원본Geometry유형": "Point" }, "geometry": { "type": "Point", "coordinates": [ 126.9071, 37.5826 ] } },
{ "type": "Feature", "properties": { "id": "611", "CONTENTS_NAME": "바오로교실주간보호시설", "ADDR_OLD": "서울특별시 은평구 증산동 175-22", "ADDR_NEW": "서울특별시 은평구 증산로5길 7", "TEL_NO": "02-305-5180", "시설대분류": "접근성조사시설", "시설구분": "재활시설(주간보호시설)", "편의시설 구분": null, "경사로지원상태": "정보없음", "자동문정보": "정보없음", "경사로 설치 여부": null, "이동식 경사로 설치 여부": null, "자동문 설치 여부": null, "점자표지판 설치 여부": null, "점자 메뉴판 설치 여부": null, "의사소통판 설치 여부": null, "경사도": null, "영업시간": null, "버스번호": null, "버스정보": null, "평일운영시간": null, "토요일운영시간": null, "상세위치": null, "최적경로": null, "대표점변환여부": false, "원본Geometry유형": "Point" }, "geometry": { "type": "Point", "coordinates": [ 126.9071, 37.5826 ] } },
{ "type": "Feature", "properties": { "id": "639", "CONTENTS_NAME": "폴스카페", "ADDR_OLD": "서울특별시 은평구 증산동 175-22", "ADDR_NEW": "서울특별시 은평구 증산로5길 7", "TEL_NO": "02-304-8605", "시설대분류": "접근성조사시설", "시설구분": "카페", "편의시설 구분": null, "경사로지원상태": "이동식경사로 설치", "자동문정보": "자동문 미설치", "경사로 설치 여부": "미 설치", "이동식 경사로 설치 여부": "설치", "자동문 설치 여부": "미 설치", "점자표지판 설치 여부": "미설치", "점자 메뉴판 설치 여부": "미설치", "의사소통판 설치 여부": "미설치", "경사도": null, "영업시간": null, "버스번호": null, "버스정보": null, "평일운영시간": null, "토요일운영시간": null, "상세위치": null, "최적경로": null, "대표점변환여부": false, "원본Geometry유형": "Point" }, "geometry": { "type": "Point", "coordinates": [ 126.9071, 37.5826 ] } },
{ "type": "Feature", "properties": { "id": "613", "CONTENTS_NAME": "은평구수어통역센터", "ADDR_OLD": "서울특별시 은평구 증산동 186-11", "ADDR_NEW": "서울특별시 은평구 증산서길 82", "TEL_NO": "02-358-7052", "시설대분류": "접근성조사시설", "시설구분": "재활시설(수어센터)", "편의시설 구분": null, "경사로지원상태": "정보없음", "자동문정보": "정보없음", "경사로 설치 여부": null, "이동식 경사로 설치 여부": null, "자동문 설치 여부": null, "점자표지판 설치 여부": null, "점자 메뉴판 설치 여부": null, "의사소통판 설치 여부": null, "경사도": null, "영업시간": null, "버스번호": null, "버스정보": null, "평일운영시간": null, "토요일운영시간": null, "상세위치": null, "최적경로": null, "대표점변환여부": false, "원본Geometry유형": "Point" }, "geometry": { "type": "Point", "coordinates": [ 126.9068, 37.5836 ] } },
{ "type": "Feature", "properties": { "id": "508", "CONTENTS_NAME": "증산동삼성공인중개사사무소", "ADDR_OLD": "서울특별시 은평구 증산동 188-11", "ADDR_NEW": "서울특별시 은평구 증산로7길 16", "TEL_NO": "374-2100", "시설대분류": "생활편의업소", "시설구분": null, "편의시설 구분": null, "경사로지원상태": "정보없음", "자동문정보": "정보없음", "경사로 설치 여부": null, "이동식 경사로 설치 여부": null, "자동문 설치 여부": null, "점자표지판 설치 여부": null, "점자 메뉴판 설치 여부": null, "의사소통판 설치 여부": null, "경사도": null, "영업시간": null, "버스번호": null, "버스정보": null, "평일운영시간": null, "토요일운영시간": null, "상세위치": null, "최적경로": null, "대표점변환여부": false, "원본Geometry유형": "Point" }, "geometry": { "type": "Point", "coordinates": [ 126.9076, 37.5844 ] } },
{ "type": "Feature", "properties": { "id": "547", "CONTENTS_NAME": "조은공인중개사사무소", "ADDR_OLD": "서울특별시 은평구 신사동 152-1", "ADDR_NEW": "서울특별시 은평구 증산로15길 71", "TEL_NO": "305-8945", "시설대분류": "생활편의업소", "시설구분": null, "편의시설 구분": null, "경사로지원상태": "정보없음", "자동문정보": "정보없음", "경사로 설치 여부": null, "이동식 경사로 설치 여부": null, "자동문 설치 여부": null, "점자표지판 설치 여부": null, "점자 메뉴판 설치 여부": null, "의사소통판 설치 여부": null, "경사도": null, "영업시간": null, "버스번호": null, "버스정보": null, "평일운영시간": null, "토요일운영시간": null, "상세위치": null, "최적경로": null, "대표점변환여부": false, "원본Geometry유형": "Point" }, "geometry": { "type": "Point", "coordinates": [ 126.9056, 37.5906 ] } },
{ "type": "Feature", "properties": { "id": "550", "CONTENTS_NAME": "19.  숭실중학교", "ADDR_OLD": "서울특별시 은평구 신사동  178-9", "ADDR_NEW": "", "TEL_NO": "02-385-1351", "시설대분류": "셔틀버스정류장", "시설구분": null, "편의시설 구분": null, "경사로지원상태": "정보없음", "자동문정보": "정보없음", "경사로 설치 여부": null, "이동식 경사로 설치 여부": null, "자동문 설치 여부": null, "점자표지판 설치 여부": null, "점자 메뉴판 설치 여부": null, "의사소통판 설치 여부": null, "경사도": null, "영업시간": null, "버스번호": "12번", "버스정보": "전기 저상버스, 휠체어 탑승 가능, 토요일은 1회, 2회만 운영, 일요일 및 공휴일 미운영", "평일운영시간": null, "토요일운영시간": null, "상세위치": null, "최적경로": null, "대표점변환여부": false, "원본Geometry유형": "Point" }, "geometry": { "type": "Point", "coordinates": [ 126.906, 37.5915 ] } },
{ "type": "Feature", "properties": { "id": "553", "CONTENTS_NAME": "15.  증산역  3번출구", "ADDR_OLD": "서울특별시 은평구 증산동 199-8", "ADDR_NEW": "서울특별시 은평구 증산로 306", "TEL_NO": "02-385-1351", "시설대분류": "셔틀버스정류장", "시설구분": null, "편의시설 구분": null, "경사로지원상태": "정보없음", "자동문정보": "정보없음", "경사로 설치 여부": null, "이동식 경사로 설치 여부": null, "자동문 설치 여부": null, "점자표지판 설치 여부": null, "점자 메뉴판 설치 여부": null, "의사소통판 설치 여부": null, "경사도": null, "영업시간": null, "버스번호": "12번", "버스정보": "전기 저상버스, 휠체어 탑승 가능, 토요일은 1회, 2회만 운영, 일요일 및 공휴일 미운영", "평일운영시간": null, "토요일운영시간": null, "상세위치": null, "최적경로": null, "대표점변환여부": false, "원본Geometry유형": "Point" }, "geometry": { "type": "Point", "coordinates": [ 126.9092, 37.5836 ] } },
{ "type": "Feature", "properties": { "id": "15", "CONTENTS_NAME": "증산역공인중개사사무소", "ADDR_OLD": "서울특별시 은평구 증산동 249", "ADDR_NEW": "서울특별시 은평구 증산로 303", "TEL_NO": "02-305-6400", "시설대분류": "생활편의업소", "시설구분": null, "편의시설 구분": null, "경사로지원상태": "정보없음", "자동문정보": "정보없음", "경사로 설치 여부": null, "이동식 경사로 설치 여부": null, "자동문 설치 여부": null, "점자표지판 설치 여부": null, "점자 메뉴판 설치 여부": null, "의사소통판 설치 여부": null, "경사도": null, "영업시간": null, "버스번호": null, "버스정보": null, "평일운영시간": null, "토요일운영시간": null, "상세위치": null, "최적경로": null, "대표점변환여부": false, "원본Geometry유형": "Point" }, "geometry": { "type": "Point", "coordinates": [ 126.9096, 37.5841 ] } },
{ "type": "Feature", "properties": { "id": "84", "CONTENTS_NAME": "증산역", "ADDR_OLD": "서울특별시 은평구 증산동 199-8", "ADDR_NEW": "서울특별시 은평구 증산로 306", "TEL_NO": "02-6311-6171", "시설대분류": "전동휠체어충전소", "시설구분": null, "편의시설 구분": null, "경사로지원상태": "정보없음", "자동문정보": "정보없음", "경사로 설치 여부": null, "이동식 경사로 설치 여부": null, "자동문 설치 여부": null, "점자표지판 설치 여부": null, "점자 메뉴판 설치 여부": null, "의사소통판 설치 여부": null, "경사도": null, "영업시간": null, "버스번호": null, "버스정보": null, "평일운영시간": "00시 ~ 24시", "토요일운영시간": "00시 ~ 24시", "상세위치": "고객안전실 인근", "최적경로": null, "대표점변환여부": false, "원본Geometry유형": "Point" }, "geometry": { "type": "Point", "coordinates": [ 126.91, 37.5842 ] } },
{ "type": "Feature", "properties": { "id": "221", "CONTENTS_NAME": "안경공장공장장렌즈아이", "ADDR_OLD": "서울특별시 은평구 증산동 168-2", "ADDR_NEW": "서울특별시 은평구 증산로 305", "TEL_NO": "0507-1417-0062", "시설대분류": "접근성조사시설", "시설구분": "안경점", "편의시설 구분": null, "경사로지원상태": "고정경사로 설치", "자동문정보": "자동문 미설치", "경사로 설치 여부": "설치", "이동식 경사로 설치 여부": "미설치", "자동문 설치 여부": "미 설치", "점자표지판 설치 여부": "미설치", "점자 메뉴판 설치 여부": "미설치", "의사소통판 설치 여부": "미설치", "경사도": null, "영업시간": null, "버스번호": null, "버스정보": null, "평일운영시간": null, "토요일운영시간": null, "상세위치": null, "최적경로": null, "대표점변환여부": false, "원본Geometry유형": "Point" }, "geometry": { "type": "Point", "coordinates": [ 126.9098, 37.5843 ] } },
{ "type": "Feature", "properties": { "id": "250", "CONTENTS_NAME": "야우리공인중개사사무소", "ADDR_OLD": "서울특별시 은평구 증산동 167-2", "ADDR_NEW": "서울특별시 은평구 증산로9길 11", "TEL_NO": "303-0755", "시설대분류": "생활편의업소", "시설구분": null, "편의시설 구분": null, "경사로지원상태": "정보없음", "자동문정보": "정보없음", "경사로 설치 여부": null, "이동식 경사로 설치 여부": null, "자동문 설치 여부": null, "점자표지판 설치 여부": null, "점자 메뉴판 설치 여부": null, "의사소통판 설치 여부": null, "경사도": null, "영업시간": null, "버스번호": null, "버스정보": null, "평일운영시간": null, "토요일운영시간": null, "상세위치": null, "최적경로": null, "대표점변환여부": false, "원본Geometry유형": "Point" }, "geometry": { "type": "Point", "coordinates": [ 126.9091, 37.5852 ] } },
{ "type": "Feature", "properties": { "id": "287", "CONTENTS_NAME": "야우리부동산공인중개사사무소", "ADDR_OLD": "서울특별시 은평구 증산동 167-2", "ADDR_NEW": "서울특별시 은평구 증산로9길 11", "TEL_NO": "02-309-3800", "시설대분류": "생활편의업소", "시설구분": null, "편의시설 구분": null, "경사로지원상태": "정보없음", "자동문정보": "정보없음", "경사로 설치 여부": null, "이동식 경사로 설치 여부": null, "자동문 설치 여부": null, "점자표지판 설치 여부": null, "점자 메뉴판 설치 여부": null, "의사소통판 설치 여부": null, "경사도": null, "영업시간": null, "버스번호": null, "버스정보": null, "평일운영시간": null, "토요일운영시간": null, "상세위치": null, "최적경로": null, "대표점변환여부": false, "원본Geometry유형": "Point" }, "geometry": { "type": "Point", "coordinates": [ 126.9091, 37.5852 ] } },
{ "type": "Feature", "properties": { "id": "491", "CONTENTS_NAME": "와산교공인중개사사무소", "ADDR_OLD": "서울특별시 은평구 신사동 339-13", "ADDR_NEW": "서울특별시 은평구 증산로15길 8", "TEL_NO": "02-374-8400", "시설대분류": "생활편의업소", "시설구분": null, "편의시설 구분": null, "경사로지원상태": "정보없음", "자동문정보": "정보없음", "경사로 설치 여부": null, "이동식 경사로 설치 여부": null, "자동문 설치 여부": null, "점자표지판 설치 여부": null, "점자 메뉴판 설치 여부": null, "의사소통판 설치 여부": null, "경사도": null, "영업시간": null, "버스번호": null, "버스정보": null, "평일운영시간": null, "토요일운영시간": null, "상세위치": null, "최적경로": null, "대표점변환여부": false, "원본Geometry유형": "Point" }, "geometry": { "type": "Point", "coordinates": [ 126.9121, 37.589 ] } },
{ "type": "Feature", "properties": { "id": "63", "CONTENTS_NAME": "구립신사노인복지관", "ADDR_OLD": "서울특별시 은평구 신사동 163-13", "ADDR_NEW": "서울특별시 은평구 증산로15길 47", "TEL_NO": "02-302-0303", "시설대분류": "접근성조사시설", "시설구분": "어르신 복지시설", "편의시설 구분": null, "경사로지원상태": "정보없음", "자동문정보": "정보없음", "경사로 설치 여부": null, "이동식 경사로 설치 여부": null, "자동문 설치 여부": null, "점자표지판 설치 여부": null, "점자 메뉴판 설치 여부": null, "의사소통판 설치 여부": null, "경사도": null, "영업시간": null, "버스번호": null, "버스정보": null, "평일운영시간": null, "토요일운영시간": null, "상세위치": null, "최적경로": "새절역 3번 출구에서 도보 9분", "대표점변환여부": false, "원본Geometry유형": "Point" }, "geometry": { "type": "Point", "coordinates": [ 126.9081, 37.5903 ] } },
{ "type": "Feature", "properties": { "id": "275", "CONTENTS_NAME": "행복한공인중개사사무소", "ADDR_OLD": "서울특별시 은평구 신사동 343-24", "ADDR_NEW": "서울특별시 은평구 증산로15길 40", "TEL_NO": "02-304-1141", "시설대분류": "생활편의업소", "시설구분": null, "편의시설 구분": null, "경사로지원상태": "정보없음", "자동문정보": "정보없음", "경사로 설치 여부": null, "이동식 경사로 설치 여부": null, "자동문 설치 여부": null, "점자표지판 설치 여부": null, "점자 메뉴판 설치 여부": null, "의사소통판 설치 여부": null, "경사도": null, "영업시간": "10:00 ~ 18:00", "버스번호": null, "버스정보": null, "평일운영시간": null, "토요일운영시간": null, "상세위치": null, "최적경로": null, "대표점변환여부": false, "원본Geometry유형": "Point" }, "geometry": { "type": "Point", "coordinates": [ 126.9093, 37.5905 ] } },
{ "type": "Feature", "properties": { "id": "136", "CONTENTS_NAME": "디엠씨(DMC)다옴(단지내02-373-2121)공인중개사사무소", "ADDR_OLD": "서울특별시 은평구 수색동 417", "ADDR_NEW": "서울특별시 은평구 수색로 300", "TEL_NO": "02-373-2121", "시설대분류": "생활편의업소", "시설구분": null, "편의시설 구분": null, "경사로지원상태": "정보없음", "자동문정보": "정보없음", "경사로 설치 여부": null, "이동식 경사로 설치 여부": null, "자동문 설치 여부": null, "점자표지판 설치 여부": null, "점자 메뉴판 설치 여부": null, "의사소통판 설치 여부": null, "경사도": null, "영업시간": null, "버스번호": null, "버스정보": null, "평일운영시간": null, "토요일운영시간": null, "상세위치": null, "최적경로": null, "대표점변환여부": false, "원본Geometry유형": "Point" }, "geometry": { "type": "Point", "coordinates": [ 126.8913, 37.5844 ] } },
{ "type": "Feature", "properties": { "id": "91", "CONTENTS_NAME": "명품캐슬공인중개사사무소", "ADDR_OLD": "서울특별시 은평구 수색동 417", "ADDR_NEW": "서울특별시 은평구 수색로 300", "TEL_NO": "02-304-4959", "시설대분류": "생활편의업소", "시설구분": null, "편의시설 구분": null, "경사로지원상태": "정보없음", "자동문정보": "정보없음", "경사로 설치 여부": null, "이동식 경사로 설치 여부": null, "자동문 설치 여부": null, "점자표지판 설치 여부": null, "점자 메뉴판 설치 여부": null, "의사소통판 설치 여부": null, "경사도": null, "영업시간": "10:00 ~ 18:30", "버스번호": null, "버스정보": null, "평일운영시간": null, "토요일운영시간": null, "상세위치": null, "최적경로": null, "대표점변환여부": false, "원본Geometry유형": "Point" }, "geometry": { "type": "Point", "coordinates": [ 126.8909, 37.5846 ] } },
{ "type": "Feature", "properties": { "id": "340", "CONTENTS_NAME": "22. 은평종합사회복지관 ", "ADDR_OLD": "서울특별시 은평구 수색동  146-34", "ADDR_NEW": "", "TEL_NO": "02-385-1351", "시설대분류": "셔틀버스정류장", "시설구분": null, "편의시설 구분": null, "경사로지원상태": "정보없음", "자동문정보": "정보없음", "경사로 설치 여부": null, "이동식 경사로 설치 여부": null, "자동문 설치 여부": null, "점자표지판 설치 여부": null, "점자 메뉴판 설치 여부": null, "의사소통판 설치 여부": null, "경사도": null, "영업시간": null, "버스번호": "12-1번", "버스정보": "전기 저상버스, 휠체어 탑승 가능, 토요일은 1회, 2회만 운영, 일요일 및 공휴일 미운영", "평일운영시간": null, "토요일운영시간": null, "상세위치": null, "최적경로": null, "대표점변환여부": false, "원본Geometry유형": "Point" }, "geometry": { "type": "Point", "coordinates": [ 126.8985, 37.5848 ] } },
{ "type": "Feature", "properties": { "id": "133", "CONTENTS_NAME": "큰부동산(자이단지내)공인중개사사무소", "ADDR_OLD": "서울특별시 은평구 수색동 189", "ADDR_NEW": "서울특별시 은평구 은평터널로 27", "TEL_NO": "02-356-3033", "시설대분류": "생활편의업소", "시설구분": null, "편의시설 구분": null, "경사로지원상태": "정보없음", "자동문정보": "정보없음", "경사로 설치 여부": null, "이동식 경사로 설치 여부": null, "자동문 설치 여부": null, "점자표지판 설치 여부": null, "점자 메뉴판 설치 여부": null, "의사소통판 설치 여부": null, "경사도": null, "영업시간": "10:00 ~ 20:00", "버스번호": null, "버스정보": null, "평일운영시간": null, "토요일운영시간": null, "상세위치": null, "최적경로": null, "대표점변환여부": false, "원본Geometry유형": "Point" }, "geometry": { "type": "Point", "coordinates": [ 126.8982, 37.5848 ] } },
{ "type": "Feature", "properties": { "id": "551", "CONTENTS_NAME": "18.  은평종합사회복지관", "ADDR_OLD": "서울특별시 은평구 수색동  8-14", "ADDR_NEW": "", "TEL_NO": "02-385-1351", "시설대분류": "셔틀버스정류장", "시설구분": null, "편의시설 구분": null, "경사로지원상태": "정보없음", "자동문정보": "정보없음", "경사로 설치 여부": null, "이동식 경사로 설치 여부": null, "자동문 설치 여부": null, "점자표지판 설치 여부": null, "점자 메뉴판 설치 여부": null, "의사소통판 설치 여부": null, "경사도": null, "영업시간": null, "버스번호": "12번", "버스정보": "전기 저상버스, 휠체어 탑승 가능, 토요일은 1회, 2회만 운영, 일요일 및 공휴일 미운영", "평일운영시간": null, "토요일운영시간": null, "상세위치": null, "최적경로": null, "대표점변환여부": false, "원본Geometry유형": "Point" }, "geometry": { "type": "Point", "coordinates": [ 126.8989, 37.5849 ] } },
{ "type": "Feature", "properties": { "id": "134", "CONTENTS_NAME": "SKVIEW박사공인중개사사무소", "ADDR_OLD": "서울특별시 은평구 수색동 357-7", "ADDR_NEW": "서울특별시 은평구 수색로 322", "TEL_NO": "02-375-0099", "시설대분류": "생활편의업소", "시설구분": null, "편의시설 구분": null, "경사로지원상태": "정보없음", "자동문정보": "정보없음", "경사로 설치 여부": null, "이동식 경사로 설치 여부": null, "자동문 설치 여부": null, "점자표지판 설치 여부": null, "점자 메뉴판 설치 여부": null, "의사소통판 설치 여부": null, "경사도": null, "영업시간": "10:00 ~ 19:00", "버스번호": null, "버스정보": null, "평일운영시간": null, "토요일운영시간": null, "상세위치": null, "최적경로": null, "대표점변환여부": false, "원본Geometry유형": "Point" }, "geometry": { "type": "Point", "coordinates": [ 126.8933, 37.5852 ] } },
{ "type": "Feature", "properties": { "id": "89", "CONTENTS_NAME": "DMC랜드부동산(SK뷰아이파크)공인중개사사무소", "ADDR_OLD": "서울특별시 은평구 수색동 340-1", "ADDR_NEW": "서울특별시 은평구 수색로 322", "TEL_NO": "02-302-2220", "시설대분류": "생활편의업소", "시설구분": null, "편의시설 구분": null, "경사로지원상태": "정보없음", "자동문정보": "정보없음", "경사로 설치 여부": null, "이동식 경사로 설치 여부": null, "자동문 설치 여부": null, "점자표지판 설치 여부": null, "점자 메뉴판 설치 여부": null, "의사소통판 설치 여부": null, "경사도": null, "영업시간": "10:00 ~ 19:00", "버스번호": null, "버스정보": null, "평일운영시간": null, "토요일운영시간": null, "상세위치": null, "최적경로": null, "대표점변환여부": false, "원본Geometry유형": "Point" }, "geometry": { "type": "Point", "coordinates": [ 126.8919, 37.5858 ] } },
{ "type": "Feature", "properties": { "id": "132", "CONTENTS_NAME": "수색대림(단지내302-9100)공인중개사사무소", "ADDR_OLD": "서울특별시 은평구 수색동 415-1", "ADDR_NEW": "서울특별시 은평구 은평터널로 65", "TEL_NO": "302-9100", "시설대분류": "생활편의업소", "시설구분": null, "편의시설 구분": null, "경사로지원상태": "정보없음", "자동문정보": "정보없음", "경사로 설치 여부": null, "이동식 경사로 설치 여부": null, "자동문 설치 여부": null, "점자표지판 설치 여부": null, "점자 메뉴판 설치 여부": null, "의사소통판 설치 여부": null, "경사도": null, "영업시간": null, "버스번호": null, "버스정보": null, "평일운영시간": null, "토요일운영시간": null, "상세위치": null, "최적경로": null, "대표점변환여부": false, "원본Geometry유형": "Point" }, "geometry": { "type": "Point", "coordinates": [ 126.9003, 37.5863 ] } },
{ "type": "Feature", "properties": { "id": "255", "CONTENTS_NAME": "빛나눔보호작업장", "ADDR_OLD": "서울특별시 은평구 수색동 296-41", "ADDR_NEW": "서울특별시 은평구 수색로 390-29", "TEL_NO": "02-309-7480", "시설대분류": "접근성조사시설", "시설구분": "직업재활시설", "편의시설 구분": null, "경사로지원상태": "정보없음", "자동문정보": "정보없음", "경사로 설치 여부": null, "이동식 경사로 설치 여부": null, "자동문 설치 여부": null, "점자표지판 설치 여부": null, "점자 메뉴판 설치 여부": null, "의사소통판 설치 여부": null, "경사도": null, "영업시간": null, "버스번호": null, "버스정보": null, "평일운영시간": null, "토요일운영시간": null, "상세위치": null, "최적경로": null, "대표점변환여부": false, "원본Geometry유형": "Point" }, "geometry": { "type": "Point", "coordinates": [ 126.8852, 37.591 ] } },
{ "type": "Feature", "properties": { "id": "175", "CONTENTS_NAME": "쉼터3", "ADDR_OLD": "서울특별시 은평구 신사동 산 93-16", "ADDR_NEW": "", "TEL_NO": "", "시설대분류": "야외편의시설", "시설구분": null, "편의시설 구분": "의자", "경사로지원상태": "정보없음", "자동문정보": "정보없음", "경사로 설치 여부": null, "이동식 경사로 설치 여부": null, "자동문 설치 여부": null, "점자표지판 설치 여부": null, "점자 메뉴판 설치 여부": null, "의사소통판 설치 여부": null, "경사도": "4", "영업시간": null, "버스번호": null, "버스정보": null, "평일운영시간": null, "토요일운영시간": null, "상세위치": null, "최적경로": null, "대표점변환여부": false, "원본Geometry유형": "Point" }, "geometry": { "type": "Point", "coordinates": [ 126.9006, 37.5923 ] } },
{ "type": "Feature", "properties": { "id": "176", "CONTENTS_NAME": "쉼터2", "ADDR_OLD": "서울특별시 은평구 신사동 산 93-16", "ADDR_NEW": "서울특별시 은평구 은평터널로7길 39-17", "TEL_NO": "", "시설대분류": "야외편의시설", "시설구분": null, "편의시설 구분": "의자", "경사로지원상태": "정보없음", "자동문정보": "정보없음", "경사로 설치 여부": null, "이동식 경사로 설치 여부": null, "자동문 설치 여부": null, "점자표지판 설치 여부": null, "점자 메뉴판 설치 여부": null, "의사소통판 설치 여부": null, "경사도": "2", "영업시간": null, "버스번호": null, "버스정보": null, "평일운영시간": null, "토요일운영시간": null, "상세위치": null, "최적경로": null, "대표점변환여부": false, "원본Geometry유형": "Point" }, "geometry": { "type": "Point", "coordinates": [ 126.901, 37.5925 ] } },
{ "type": "Feature", "properties": { "id": "174", "CONTENTS_NAME": "이정표1", "ADDR_OLD": "서울특별시 은평구 신사동 산 93-16", "ADDR_NEW": "서울특별시 은평구 은평터널로7길 39-17", "TEL_NO": "", "시설대분류": "야외편의시설", "시설구분": null, "편의시설 구분": "이정표(안내판)", "경사로지원상태": "정보없음", "자동문정보": "정보없음", "경사로 설치 여부": null, "이동식 경사로 설치 여부": null, "자동문 설치 여부": null, "점자표지판 설치 여부": null, "점자 메뉴판 설치 여부": null, "의사소통판 설치 여부": null, "경사도": "4", "영업시간": null, "버스번호": null, "버스정보": null, "평일운영시간": null, "토요일운영시간": null, "상세위치": null, "최적경로": null, "대표점변환여부": false, "원본Geometry유형": "Point" }, "geometry": { "type": "Point", "coordinates": [ 126.9007, 37.5926 ] } },
{ "type": "Feature", "properties": { "id": "177", "CONTENTS_NAME": "쉼터1", "ADDR_OLD": "서울특별시 은평구 신사동 산 93-16", "ADDR_NEW": "서울특별시 은평구 은평터널로7길 39-18", "TEL_NO": "", "시설대분류": "야외편의시설", "시설구분": null, "편의시설 구분": "의자", "경사로지원상태": "정보없음", "자동문정보": "정보없음", "경사로 설치 여부": null, "이동식 경사로 설치 여부": null, "자동문 설치 여부": null, "점자표지판 설치 여부": null, "점자 메뉴판 설치 여부": null, "의사소통판 설치 여부": null, "경사도": "3", "영업시간": null, "버스번호": null, "버스정보": null, "평일운영시간": null, "토요일운영시간": null, "상세위치": null, "최적경로": null, "대표점변환여부": false, "원본Geometry유형": "Point" }, "geometry": { "type": "Point", "coordinates": [ 126.9011, 37.5927 ] } },
{ "type": "Feature", "properties": { "id": "178", "CONTENTS_NAME": "입구", "ADDR_OLD": "서울특별시 은평구 신사동 산 93-16", "ADDR_NEW": "서울특별시 은평구 은평터널로7길 45-1", "TEL_NO": "", "시설대분류": "야외편의시설", "시설구분": null, "편의시설 구분": "이정표(안내판)", "경사로지원상태": "정보없음", "자동문정보": "정보없음", "경사로 설치 여부": null, "이동식 경사로 설치 여부": null, "자동문 설치 여부": null, "점자표지판 설치 여부": null, "점자 메뉴판 설치 여부": null, "의사소통판 설치 여부": null, "경사도": "4", "영업시간": null, "버스번호": null, "버스정보": null, "평일운영시간": null, "토요일운영시간": null, "상세위치": null, "최적경로": null, "대표점변환여부": false, "원본Geometry유형": "Point" }, "geometry": { "type": "Point", "coordinates": [ 126.9013, 37.5929 ] } },
{ "type": "Feature", "properties": { "id": "173", "CONTENTS_NAME": "의자1", "ADDR_OLD": "서울특별시 은평구 신사동 산 93-16", "ADDR_NEW": "서울특별시 은평구 은평터널로7길 48", "TEL_NO": "", "시설대분류": "야외편의시설", "시설구분": null, "편의시설 구분": "의자", "경사로지원상태": "정보없음", "자동문정보": "정보없음", "경사로 설치 여부": null, "이동식 경사로 설치 여부": null, "자동문 설치 여부": null, "점자표지판 설치 여부": null, "점자 메뉴판 설치 여부": null, "의사소통판 설치 여부": null, "경사도": "3", "영업시간": null, "버스번호": null, "버스정보": null, "평일운영시간": null, "토요일운영시간": null, "상세위치": null, "최적경로": null, "대표점변환여부": false, "원본Geometry유형": "Point" }, "geometry": { "type": "Point", "coordinates": [ 126.9007, 37.5929 ] } },
{ "type": "Feature", "properties": { "id": "359", "CONTENTS_NAME": "쉼터4", "ADDR_OLD": "서울특별시 은평구 신사동  산 93-16", "ADDR_NEW": "", "TEL_NO": "", "시설대분류": "야외편의시설", "시설구분": null, "편의시설 구분": "의자", "경사로지원상태": "정보없음", "자동문정보": "정보없음", "경사로 설치 여부": null, "이동식 경사로 설치 여부": null, "자동문 설치 여부": null, "점자표지판 설치 여부": null, "점자 메뉴판 설치 여부": null, "의사소통판 설치 여부": null, "경사도": "0", "영업시간": null, "버스번호": null, "버스정보": null, "평일운영시간": null, "토요일운영시간": null, "상세위치": null, "최적경로": null, "대표점변환여부": false, "원본Geometry유형": "Point" }, "geometry": { "type": "Point", "coordinates": [ 126.9006, 37.593 ] } },
{ "type": "Feature", "properties": { "id": "468", "CONTENTS_NAME": "의자4", "ADDR_OLD": "서울특별시 은평구 신사동  산 93-16", "ADDR_NEW": "", "TEL_NO": "", "시설대분류": "야외편의시설", "시설구분": null, "편의시설 구분": "의자", "경사로지원상태": "정보없음", "자동문정보": "정보없음", "경사로 설치 여부": null, "이동식 경사로 설치 여부": null, "자동문 설치 여부": null, "점자표지판 설치 여부": null, "점자 메뉴판 설치 여부": null, "의사소통판 설치 여부": null, "경사도": "4", "영업시간": null, "버스번호": null, "버스정보": null, "평일운영시간": null, "토요일운영시간": null, "상세위치": null, "최적경로": null, "대표점변환여부": false, "원본Geometry유형": "Point" }, "geometry": { "type": "Point", "coordinates": [ 126.9004, 37.593 ] } },
{ "type": "Feature", "properties": { "id": "171", "CONTENTS_NAME": "의자2", "ADDR_OLD": "서울특별시 은평구 신사동 산 93-8", "ADDR_NEW": "서울특별시 은평구 은평터널로7길 48", "TEL_NO": "", "시설대분류": "야외편의시설", "시설구분": null, "편의시설 구분": "의자", "경사로지원상태": "정보없음", "자동문정보": "정보없음", "경사로 설치 여부": null, "이동식 경사로 설치 여부": null, "자동문 설치 여부": null, "점자표지판 설치 여부": null, "점자 메뉴판 설치 여부": null, "의사소통판 설치 여부": null, "경사도": "4", "영업시간": null, "버스번호": null, "버스정보": null, "평일운영시간": null, "토요일운영시간": null, "상세위치": null, "최적경로": null, "대표점변환여부": false, "원본Geometry유형": "Point" }, "geometry": { "type": "Point", "coordinates": [ 126.9008, 37.5932 ] } },
{ "type": "Feature", "properties": { "id": "172", "CONTENTS_NAME": "의자3", "ADDR_OLD": "서울특별시 은평구 신사동 산 93-12", "ADDR_NEW": "서울특별시 은평구 은평터널로7길 48", "TEL_NO": "", "시설대분류": "야외편의시설", "시설구분": null, "편의시설 구분": "의자", "경사로지원상태": "정보없음", "자동문정보": "정보없음", "경사로 설치 여부": null, "이동식 경사로 설치 여부": null, "자동문 설치 여부": null, "점자표지판 설치 여부": null, "점자 메뉴판 설치 여부": null, "의사소통판 설치 여부": null, "경사도": "1", "영업시간": null, "버스번호": null, "버스정보": null, "평일운영시간": null, "토요일운영시간": null, "상세위치": null, "최적경로": null, "대표점변환여부": false, "원본Geometry유형": "Point" }, "geometry": { "type": "Point", "coordinates": [ 126.9007, 37.5932 ] } },
{ "type": "Feature", "properties": { "id": "170", "CONTENTS_NAME": "의자5", "ADDR_OLD": "서울특별시 은평구 신사동 산 93-12", "ADDR_NEW": "", "TEL_NO": "", "시설대분류": "야외편의시설", "시설구분": null, "편의시설 구분": "의자", "경사로지원상태": "정보없음", "자동문정보": "정보없음", "경사로 설치 여부": null, "이동식 경사로 설치 여부": null, "자동문 설치 여부": null, "점자표지판 설치 여부": null, "점자 메뉴판 설치 여부": null, "의사소통판 설치 여부": null, "경사도": "2", "영업시간": null, "버스번호": null, "버스정보": null, "평일운영시간": null, "토요일운영시간": null, "상세위치": null, "최적경로": null, "대표점변환여부": false, "원본Geometry유형": "Point" }, "geometry": { "type": "Point", "coordinates": [ 126.9005, 37.5933 ] } },
{ "type": "Feature", "properties": { "id": "485", "CONTENTS_NAME": "솔로몬 공인중개사사무소", "ADDR_OLD": "서울특별시 은평구 신사동 349-20", "ADDR_NEW": "서울특별시 은평구 증산로17가길 1", "TEL_NO": "306-7111", "시설대분류": "생활편의업소", "시설구분": null, "편의시설 구분": null, "경사로지원상태": "정보없음", "자동문정보": "정보없음", "경사로 설치 여부": null, "이동식 경사로 설치 여부": null, "자동문 설치 여부": null, "점자표지판 설치 여부": null, "점자 메뉴판 설치 여부": null, "의사소통판 설치 여부": null, "경사도": null, "영업시간": null, "버스번호": null, "버스정보": null, "평일운영시간": null, "토요일운영시간": null, "상세위치": null, "최적경로": null, "대표점변환여부": false, "원본Geometry유형": "Point" }, "geometry": { "type": "Point", "coordinates": [ 126.9119, 37.5906 ] } },
{ "type": "Feature", "properties": { "id": "271", "CONTENTS_NAME": "새절공인중개사사무소", "ADDR_OLD": "서울특별시 은평구 신사동 39-20", "ADDR_NEW": "서울특별시 은평구 가좌로 283-3", "TEL_NO": "02-306-4589", "시설대분류": "생활편의업소", "시설구분": null, "편의시설 구분": null, "경사로지원상태": "정보없음", "자동문정보": "정보없음", "경사로 설치 여부": null, "이동식 경사로 설치 여부": null, "자동문 설치 여부": null, "점자표지판 설치 여부": null, "점자 메뉴판 설치 여부": null, "의사소통판 설치 여부": null, "경사도": null, "영업시간": "10:00 ~ 19:00", "버스번호": null, "버스정보": null, "평일운영시간": null, "토요일운영시간": null, "상세위치": null, "최적경로": null, "대표점변환여부": false, "원본Geometry유형": "Point" }, "geometry": { "type": "Point", "coordinates": [ 126.9124, 37.5936 ] } },
{ "type": "Feature", "properties": { "id": "338", "CONTENTS_NAME": "20. 현대아파트(신사1차)", "ADDR_OLD": "서울특별시 은평구 신사동  206-8", "ADDR_NEW": "", "TEL_NO": "02-385-1351", "시설대분류": "셔틀버스정류장", "시설구분": null, "편의시설 구분": null, "경사로지원상태": "정보없음", "자동문정보": "정보없음", "경사로 설치 여부": null, "이동식 경사로 설치 여부": null, "자동문 설치 여부": null, "점자표지판 설치 여부": null, "점자 메뉴판 설치 여부": null, "의사소통판 설치 여부": null, "경사도": null, "영업시간": null, "버스번호": "12-1번", "버스정보": "전기 저상버스, 휠체어 탑승 가능, 토요일은 1회, 2회만 운영, 일요일 및 공휴일 미운영", "평일운영시간": null, "토요일운영시간": null, "상세위치": null, "최적경로": null, "대표점변환여부": false, "원본Geometry유형": "Point" }, "geometry": { "type": "Point", "coordinates": [ 126.9077, 37.5936 ] } },
{ "type": "Feature", "properties": { "id": "546", "CONTENTS_NAME": "영일공인중개사사무소", "ADDR_OLD": "서울특별시 은평구 신사동 359", "ADDR_NEW": "서울특별시 은평구 은평터널로 164, 상가동 (신사동, 새절역현대아파트)", "TEL_NO": "303-9999, 303-4995", "시설대분류": "생활편의업소", "시설구분": null, "편의시설 구분": null, "경사로지원상태": "정보없음", "자동문정보": "정보없음", "경사로 설치 여부": null, "이동식 경사로 설치 여부": null, "자동문 설치 여부": null, "점자표지판 설치 여부": null, "점자 메뉴판 설치 여부": null, "의사소통판 설치 여부": null, "경사도": null, "영업시간": null, "버스번호": null, "버스정보": null, "평일운영시간": null, "토요일운영시간": null, "상세위치": null, "최적경로": null, "대표점변환여부": false, "원본Geometry유형": "Point" }, "geometry": { "type": "Point", "coordinates": [ 126.9081, 37.5937 ] } },
{ "type": "Feature", "properties": { "id": "289", "CONTENTS_NAME": "20.  현대아파트  (신사1차)", "ADDR_OLD": "서울특별시 은평구 신사동  98-37", "ADDR_NEW": "", "TEL_NO": "02-385-1351", "시설대분류": "셔틀버스정류장", "시설구분": null, "편의시설 구분": null, "경사로지원상태": "정보없음", "자동문정보": "정보없음", "경사로 설치 여부": null, "이동식 경사로 설치 여부": null, "자동문 설치 여부": null, "점자표지판 설치 여부": null, "점자 메뉴판 설치 여부": null, "의사소통판 설치 여부": null, "경사도": null, "영업시간": null, "버스번호": "12번", "버스정보": "전기 저상버스, 휠체어 탑승 가능, 토요일은 1회, 2회만 운영, 일요일 및 공휴일 미운영", "평일운영시간": null, "토요일운영시간": null, "상세위치": null, "최적경로": null, "대표점변환여부": false, "원본Geometry유형": "Point" }, "geometry": { "type": "Point", "coordinates": [ 126.908, 37.5937 ] } },
{ "type": "Feature", "properties": { "id": "17", "CONTENTS_NAME": "젠트리부동산중개사무소", "ADDR_OLD": "서울특별시 은평구 신사동 206", "ADDR_NEW": "서울특별시 은평구 은평터널로 187", "TEL_NO": "02-309-1400", "시설대분류": "생활편의업소", "시설구분": null, "편의시설 구분": null, "경사로지원상태": "정보없음", "자동문정보": "정보없음", "경사로 설치 여부": null, "이동식 경사로 설치 여부": null, "자동문 설치 여부": null, "점자표지판 설치 여부": null, "점자 메뉴판 설치 여부": null, "의사소통판 설치 여부": null, "경사도": null, "영업시간": "10:00~18:00", "버스번호": null, "버스정보": null, "평일운영시간": null, "토요일운영시간": null, "상세위치": null, "최적경로": null, "대표점변환여부": false, "원본Geometry유형": "Point" }, "geometry": { "type": "Point", "coordinates": [ 126.9085, 37.5954 ] } },
{ "type": "Feature", "properties": { "id": "402", "CONTENTS_NAME": "은평공동생활가정", "ADDR_OLD": "서울특별시 은평구 신사동 31-4", "ADDR_NEW": "서울특별시 은평구 증산로19길 28-8", "TEL_NO": "070-4130-2046", "시설대분류": "접근성조사시설", "시설구분": "거주시설(공동생활가정)", "편의시설 구분": null, "경사로지원상태": "정보없음", "자동문정보": "정보없음", "경사로 설치 여부": null, "이동식 경사로 설치 여부": null, "자동문 설치 여부": null, "점자표지판 설치 여부": null, "점자 메뉴판 설치 여부": null, "의사소통판 설치 여부": null, "경사도": null, "영업시간": null, "버스번호": null, "버스정보": null, "평일운영시간": null, "토요일운영시간": null, "상세위치": null, "최적경로": null, "대표점변환여부": false, "원본Geometry유형": "Point" }, "geometry": { "type": "Point", "coordinates": [ 126.9119, 37.5957 ] } },
{ "type": "Feature", "properties": { "id": "622", "CONTENTS_NAME": "브니엘공동생활가정", "ADDR_OLD": "서울특별시 은평구 신사동 31-25", "ADDR_NEW": "서울특별시 은평구 증산로19길 28-10", "TEL_NO": "070-8273-3740", "시설대분류": "접근성조사시설", "시설구분": "거주시설(공동생활가정)", "편의시설 구분": null, "경사로지원상태": "정보없음", "자동문정보": "정보없음", "경사로 설치 여부": null, "이동식 경사로 설치 여부": null, "자동문 설치 여부": null, "점자표지판 설치 여부": null, "점자 메뉴판 설치 여부": null, "의사소통판 설치 여부": null, "경사도": null, "영업시간": null, "버스번호": null, "버스정보": null, "평일운영시간": null, "토요일운영시간": null, "상세위치": null, "최적경로": null, "대표점변환여부": false, "원본Geometry유형": "Point" }, "geometry": { "type": "Point", "coordinates": [ 126.9119, 37.5958 ] } },
{ "type": "Feature", "properties": { "id": "493", "CONTENTS_NAME": "대원공인중개사사무소", "ADDR_OLD": "서울특별시 은평구 신사동 40-4", "ADDR_NEW": "서울특별시 은평구 가좌로 317", "TEL_NO": "305-8050", "시설대분류": "생활편의업소", "시설구분": null, "편의시설 구분": null, "경사로지원상태": "정보없음", "자동문정보": "정보없음", "경사로 설치 여부": null, "이동식 경사로 설치 여부": null, "자동문 설치 여부": null, "점자표지판 설치 여부": null, "점자 메뉴판 설치 여부": null, "의사소통판 설치 여부": null, "경사도": null, "영업시간": null, "버스번호": null, "버스정보": null, "평일운영시간": null, "토요일운영시간": null, "상세위치": null, "최적경로": null, "대표점변환여부": false, "원본Geometry유형": "Point" }, "geometry": { "type": "Point", "coordinates": [ 126.9097, 37.5958 ] } },
{ "type": "Feature", "properties": { "id": "290", "CONTENTS_NAME": "21.  신사  사거리", "ADDR_OLD": "서울특별시 은평구 신사동  41-7", "ADDR_NEW": "", "TEL_NO": "02-385-1351", "시설대분류": "셔틀버스정류장", "시설구분": null, "편의시설 구분": null, "경사로지원상태": "정보없음", "자동문정보": "정보없음", "경사로 설치 여부": null, "이동식 경사로 설치 여부": null, "자동문 설치 여부": null, "점자표지판 설치 여부": null, "점자 메뉴판 설치 여부": null, "의사소통판 설치 여부": null, "경사도": null, "영업시간": null, "버스번호": "12번", "버스정보": "전기 저상버스, 휠체어 탑승 가능, 토요일은 1회, 2회만 운영, 일요일 및 공휴일 미운영", "평일운영시간": null, "토요일운영시간": null, "상세위치": null, "최적경로": null, "대표점변환여부": false, "원본Geometry유형": "Point" }, "geometry": { "type": "Point", "coordinates": [ 126.909, 37.5959 ] } },
{ "type": "Feature", "properties": { "id": "168", "CONTENTS_NAME": "의자6", "ADDR_OLD": "서울특별시 은평구 신사동 산 93-8", "ADDR_NEW": "", "TEL_NO": "", "시설대분류": "야외편의시설", "시설구분": null, "편의시설 구분": "의자", "경사로지원상태": "정보없음", "자동문정보": "정보없음", "경사로 설치 여부": null, "이동식 경사로 설치 여부": null, "자동문 설치 여부": null, "점자표지판 설치 여부": null, "점자 메뉴판 설치 여부": null, "의사소통판 설치 여부": null, "경사도": "5", "영업시간": null, "버스번호": null, "버스정보": null, "평일운영시간": null, "토요일운영시간": null, "상세위치": null, "최적경로": null, "대표점변환여부": false, "원본Geometry유형": "Point" }, "geometry": { "type": "Point", "coordinates": [ 126.9007, 37.5936 ] } },
{ "type": "Feature", "properties": { "id": "160", "CONTENTS_NAME": "쉼터6", "ADDR_OLD": "서울특별시 은평구 신사동 산 93-8", "ADDR_NEW": "서울특별시 은평구 은평터널로7길 6", "TEL_NO": "", "시설대분류": "야외편의시설", "시설구분": null, "편의시설 구분": "의자", "경사로지원상태": "정보없음", "자동문정보": "정보없음", "경사로 설치 여부": null, "이동식 경사로 설치 여부": null, "자동문 설치 여부": null, "점자표지판 설치 여부": null, "점자 메뉴판 설치 여부": null, "의사소통판 설치 여부": null, "경사도": "0", "영업시간": null, "버스번호": null, "버스정보": null, "평일운영시간": null, "토요일운영시간": null, "상세위치": null, "최적경로": null, "대표점변환여부": false, "원본Geometry유형": "Point" }, "geometry": { "type": "Point", "coordinates": [ 126.902, 37.5937 ] } },
{ "type": "Feature", "properties": { "id": "169", "CONTENTS_NAME": "의자7", "ADDR_OLD": "서울특별시 은평구 신사동 산 93-8", "ADDR_NEW": "", "TEL_NO": "", "시설대분류": "야외편의시설", "시설구분": null, "편의시설 구분": "의자", "경사로지원상태": "정보없음", "자동문정보": "정보없음", "경사로 설치 여부": null, "이동식 경사로 설치 여부": null, "자동문 설치 여부": null, "점자표지판 설치 여부": null, "점자 메뉴판 설치 여부": null, "의사소통판 설치 여부": null, "경사도": "6", "영업시간": null, "버스번호": null, "버스정보": null, "평일운영시간": null, "토요일운영시간": null, "상세위치": null, "최적경로": null, "대표점변환여부": false, "원본Geometry유형": "Point" }, "geometry": { "type": "Point", "coordinates": [ 126.9006, 37.5937 ] } },
{ "type": "Feature", "properties": { "id": "166", "CONTENTS_NAME": "의자8", "ADDR_OLD": "서울특별시 은평구 신사동 산 93-8", "ADDR_NEW": "", "TEL_NO": "", "시설대분류": "야외편의시설", "시설구분": null, "편의시설 구분": "의자", "경사로지원상태": "정보없음", "자동문정보": "정보없음", "경사로 설치 여부": null, "이동식 경사로 설치 여부": null, "자동문 설치 여부": null, "점자표지판 설치 여부": null, "점자 메뉴판 설치 여부": null, "의사소통판 설치 여부": null, "경사도": "2", "영업시간": null, "버스번호": null, "버스정보": null, "평일운영시간": null, "토요일운영시간": null, "상세위치": null, "최적경로": null, "대표점변환여부": false, "원본Geometry유형": "Point" }, "geometry": { "type": "Point", "coordinates": [ 126.9005, 37.5937 ] } },
{ "type": "Feature", "properties": { "id": "167", "CONTENTS_NAME": "안내판1", "ADDR_OLD": "서울특별시 은평구 신사동 산 93-8", "ADDR_NEW": "", "TEL_NO": "", "시설대분류": "야외편의시설", "시설구분": null, "편의시설 구분": "이정표(안내판)", "경사로지원상태": "정보없음", "자동문정보": "정보없음", "경사로 설치 여부": null, "이동식 경사로 설치 여부": null, "자동문 설치 여부": null, "점자표지판 설치 여부": null, "점자 메뉴판 설치 여부": null, "의사소통판 설치 여부": null, "경사도": "4", "영업시간": null, "버스번호": null, "버스정보": null, "평일운영시간": null, "토요일운영시간": null, "상세위치": null, "최적경로": null, "대표점변환여부": false, "원본Geometry유형": "Point" }, "geometry": { "type": "Point", "coordinates": [ 126.9009, 37.5938 ] } },
{ "type": "Feature", "properties": { "id": "161", "CONTENTS_NAME": "쉼터5", "ADDR_OLD": "서울특별시 은평구 신사동 산 93-8", "ADDR_NEW": "", "TEL_NO": "", "시설대분류": "야외편의시설", "시설구분": null, "편의시설 구분": "의자", "경사로지원상태": "정보없음", "자동문정보": "정보없음", "경사로 설치 여부": null, "이동식 경사로 설치 여부": null, "자동문 설치 여부": null, "점자표지판 설치 여부": null, "점자 메뉴판 설치 여부": null, "의사소통판 설치 여부": null, "경사도": "0", "영업시간": null, "버스번호": null, "버스정보": null, "평일운영시간": null, "토요일운영시간": null, "상세위치": null, "최적경로": null, "대표점변환여부": false, "원본Geometry유형": "Point" }, "geometry": { "type": "Point", "coordinates": [ 126.9013, 37.5939 ] } },
{ "type": "Feature", "properties": { "id": "165", "CONTENTS_NAME": "의자9", "ADDR_OLD": "서울특별시 은평구 신사동 산 93-8", "ADDR_NEW": "", "TEL_NO": "", "시설대분류": "야외편의시설", "시설구분": null, "편의시설 구분": "의자", "경사로지원상태": "정보없음", "자동문정보": "정보없음", "경사로 설치 여부": null, "이동식 경사로 설치 여부": null, "자동문 설치 여부": null, "점자표지판 설치 여부": null, "점자 메뉴판 설치 여부": null, "의사소통판 설치 여부": null, "경사도": "4", "영업시간": null, "버스번호": null, "버스정보": null, "평일운영시간": null, "토요일운영시간": null, "상세위치": null, "최적경로": null, "대표점변환여부": false, "원본Geometry유형": "Point" }, "geometry": { "type": "Point", "coordinates": [ 126.9008, 37.5939 ] } },
{ "type": "Feature", "properties": { "id": "162", "CONTENTS_NAME": "의자10", "ADDR_OLD": "서울특별시 은평구 신사동 산 93-8", "ADDR_NEW": "", "TEL_NO": "", "시설대분류": "야외편의시설", "시설구분": null, "편의시설 구분": "의자", "경사로지원상태": "정보없음", "자동문정보": "정보없음", "경사로 설치 여부": null, "이동식 경사로 설치 여부": null, "자동문 설치 여부": null, "점자표지판 설치 여부": null, "점자 메뉴판 설치 여부": null, "의사소통판 설치 여부": null, "경사도": "6", "영업시간": null, "버스번호": null, "버스정보": null, "평일운영시간": null, "토요일운영시간": null, "상세위치": null, "최적경로": null, "대표점변환여부": false, "원본Geometry유형": "Point" }, "geometry": { "type": "Point", "coordinates": [ 126.9007, 37.5939 ] } },
{ "type": "Feature", "properties": { "id": "163", "CONTENTS_NAME": "의자11", "ADDR_OLD": "서울특별시 은평구 신사동 산 93-8", "ADDR_NEW": "", "TEL_NO": "", "시설대분류": "야외편의시설", "시설구분": null, "편의시설 구분": "의자", "경사로지원상태": "정보없음", "자동문정보": "정보없음", "경사로 설치 여부": null, "이동식 경사로 설치 여부": null, "자동문 설치 여부": null, "점자표지판 설치 여부": null, "점자 메뉴판 설치 여부": null, "의사소통판 설치 여부": null, "경사도": "4", "영업시간": null, "버스번호": null, "버스정보": null, "평일운영시간": null, "토요일운영시간": null, "상세위치": null, "최적경로": null, "대표점변환여부": false, "원본Geometry유형": "Point" }, "geometry": { "type": "Point", "coordinates": [ 126.9009, 37.594 ] } },
{ "type": "Feature", "properties": { "id": "164", "CONTENTS_NAME": "안내판2", "ADDR_OLD": "서울특별시 은평구 신사동 산 93-8", "ADDR_NEW": "", "TEL_NO": "", "시설대분류": "야외편의시설", "시설구분": null, "편의시설 구분": "이정표(안내판)", "경사로지원상태": "정보없음", "자동문정보": "정보없음", "경사로 설치 여부": null, "이동식 경사로 설치 여부": null, "자동문 설치 여부": null, "점자표지판 설치 여부": null, "점자 메뉴판 설치 여부": null, "의사소통판 설치 여부": null, "경사도": "5", "영업시간": null, "버스번호": null, "버스정보": null, "평일운영시간": null, "토요일운영시간": null, "상세위치": null, "최적경로": null, "대표점변환여부": false, "원본Geometry유형": "Point" }, "geometry": { "type": "Point", "coordinates": [ 126.9009, 37.594 ] } },
{ "type": "Feature", "properties": { "id": "159", "CONTENTS_NAME": "이정표2", "ADDR_OLD": "서울특별시 은평구 신사동 산 93-8", "ADDR_NEW": "", "TEL_NO": "", "시설대분류": "야외편의시설", "시설구분": null, "편의시설 구분": "이정표(안내판)", "경사로지원상태": "정보없음", "자동문정보": "정보없음", "경사로 설치 여부": null, "이동식 경사로 설치 여부": null, "자동문 설치 여부": null, "점자표지판 설치 여부": null, "점자 메뉴판 설치 여부": null, "의사소통판 설치 여부": null, "경사도": "6", "영업시간": null, "버스번호": null, "버스정보": null, "평일운영시간": null, "토요일운영시간": null, "상세위치": null, "최적경로": null, "대표점변환여부": false, "원본Geometry유형": "Point" }, "geometry": { "type": "Point", "coordinates": [ 126.9018, 37.5943 ] } },
{ "type": "Feature", "properties": { "id": "156", "CONTENTS_NAME": "이정표4", "ADDR_OLD": "서울특별시 은평구 신사동 산 93-8", "ADDR_NEW": "", "TEL_NO": "", "시설대분류": "야외편의시설", "시설구분": null, "편의시설 구분": "이정표(안내판)", "경사로지원상태": "정보없음", "자동문정보": "정보없음", "경사로 설치 여부": null, "이동식 경사로 설치 여부": null, "자동문 설치 여부": null, "점자표지판 설치 여부": null, "점자 메뉴판 설치 여부": null, "의사소통판 설치 여부": null, "경사도": "4", "영업시간": null, "버스번호": null, "버스정보": null, "평일운영시간": null, "토요일운영시간": null, "상세위치": null, "최적경로": null, "대표점변환여부": false, "원본Geometry유형": "Point" }, "geometry": { "type": "Point", "coordinates": [ 126.9016, 37.5943 ] } },
{ "type": "Feature", "properties": { "id": "155", "CONTENTS_NAME": "쉼터7", "ADDR_OLD": "서울특별시 은평구 신사동 산 93-8", "ADDR_NEW": "서울특별시 은평구 은평터널로9가길 9-13", "TEL_NO": "", "시설대분류": "야외편의시설", "시설구분": null, "편의시설 구분": "의자", "경사로지원상태": "정보없음", "자동문정보": "정보없음", "경사로 설치 여부": null, "이동식 경사로 설치 여부": null, "자동문 설치 여부": null, "점자표지판 설치 여부": null, "점자 메뉴판 설치 여부": null, "의사소통판 설치 여부": null, "경사도": "3", "영업시간": null, "버스번호": null, "버스정보": null, "평일운영시간": null, "토요일운영시간": null, "상세위치": null, "최적경로": null, "대표점변환여부": false, "원본Geometry유형": "Point" }, "geometry": { "type": "Point", "coordinates": [ 126.9016, 37.5946 ] } },
{ "type": "Feature", "properties": { "id": "157", "CONTENTS_NAME": "이정표3", "ADDR_OLD": "서울특별시 은평구 신사동 산 93-8", "ADDR_NEW": "서울특별시 은평구 은평터널로9가길 9-13", "TEL_NO": "", "시설대분류": "야외편의시설", "시설구분": null, "편의시설 구분": "이정표(안내판)", "경사로지원상태": "정보없음", "자동문정보": "정보없음", "경사로 설치 여부": null, "이동식 경사로 설치 여부": null, "자동문 설치 여부": null, "점자표지판 설치 여부": null, "점자 메뉴판 설치 여부": null, "의사소통판 설치 여부": null, "경사도": "4", "영업시간": null, "버스번호": null, "버스정보": null, "평일운영시간": null, "토요일운영시간": null, "상세위치": null, "최적경로": null, "대표점변환여부": false, "원본Geometry유형": "Point" }, "geometry": { "type": "Point", "coordinates": [ 126.9019, 37.5947 ] } },
{ "type": "Feature", "properties": { "id": "154", "CONTENTS_NAME": "의자12", "ADDR_OLD": "서울특별시 은평구 신사동 산 93-8", "ADDR_NEW": "서울특별시 은평구 은평터널로9가길 9-13", "TEL_NO": "", "시설대분류": "야외편의시설", "시설구분": null, "편의시설 구분": "의자", "경사로지원상태": "정보없음", "자동문정보": "정보없음", "경사로 설치 여부": null, "이동식 경사로 설치 여부": null, "자동문 설치 여부": null, "점자표지판 설치 여부": null, "점자 메뉴판 설치 여부": null, "의사소통판 설치 여부": null, "경사도": "4", "영업시간": null, "버스번호": null, "버스정보": null, "평일운영시간": null, "토요일운영시간": null, "상세위치": null, "최적경로": null, "대표점변환여부": false, "원본Geometry유형": "Point" }, "geometry": { "type": "Point", "coordinates": [ 126.9017, 37.5947 ] } },
{ "type": "Feature", "properties": { "id": "153", "CONTENTS_NAME": "화장실", "ADDR_OLD": "서울특별시 은평구 신사동 산 93-8", "ADDR_NEW": "서울특별시 은평구 은평터널로9가길 9-13", "TEL_NO": "", "시설대분류": "야외편의시설", "시설구분": null, "편의시설 구분": "이정표(안내판)", "경사로지원상태": "정보없음", "자동문정보": "정보없음", "경사로 설치 여부": null, "이동식 경사로 설치 여부": null, "자동문 설치 여부": null, "점자표지판 설치 여부": null, "점자 메뉴판 설치 여부": null, "의사소통판 설치 여부": null, "경사도": "0", "영업시간": null, "버스번호": null, "버스정보": null, "평일운영시간": null, "토요일운영시간": null, "상세위치": null, "최적경로": null, "대표점변환여부": false, "원본Geometry유형": "Point" }, "geometry": { "type": "Point", "coordinates": [ 126.9019, 37.595 ] } },
{ "type": "Feature", "properties": { "id": "467", "CONTENTS_NAME": "의자14", "ADDR_OLD": "서울특별시 은평구 신사동  산 93-8", "ADDR_NEW": "서울특별시 은평구 은평터널로7길 6", "TEL_NO": "", "시설대분류": "야외편의시설", "시설구분": null, "편의시설 구분": "의자", "경사로지원상태": "정보없음", "자동문정보": "정보없음", "경사로 설치 여부": null, "이동식 경사로 설치 여부": null, "자동문 설치 여부": null, "점자표지판 설치 여부": null, "점자 메뉴판 설치 여부": null, "의사소통판 설치 여부": null, "경사도": "4", "영업시간": null, "버스번호": null, "버스정보": null, "평일운영시간": null, "토요일운영시간": null, "상세위치": null, "최적경로": null, "대표점변환여부": false, "원본Geometry유형": "Point" }, "geometry": { "type": "Point", "coordinates": [ 126.9019, 37.5958 ] } },
{ "type": "Feature", "properties": { "id": "151", "CONTENTS_NAME": "의자13", "ADDR_OLD": "서울특별시 은평구 신사동 산 93-8", "ADDR_NEW": "", "TEL_NO": "", "시설대분류": "야외편의시설", "시설구분": null, "편의시설 구분": "의자", "경사로지원상태": "정보없음", "자동문정보": "정보없음", "경사로 설치 여부": null, "이동식 경사로 설치 여부": null, "자동문 설치 여부": null, "점자표지판 설치 여부": null, "점자 메뉴판 설치 여부": null, "의사소통판 설치 여부": null, "경사도": "1", "영업시간": null, "버스번호": null, "버스정보": null, "평일운영시간": null, "토요일운영시간": null, "상세위치": null, "최적경로": null, "대표점변환여부": false, "원본Geometry유형": "Point" }, "geometry": { "type": "Point", "coordinates": [ 126.9018, 37.5959 ] } },
{ "type": "Feature", "properties": { "id": "150", "CONTENTS_NAME": "쉼터9", "ADDR_OLD": "서울특별시 은평구 신사동 산 93-8", "ADDR_NEW": "", "TEL_NO": "", "시설대분류": "야외편의시설", "시설구분": null, "편의시설 구분": "의자", "경사로지원상태": "정보없음", "자동문정보": "정보없음", "경사로 설치 여부": null, "이동식 경사로 설치 여부": null, "자동문 설치 여부": null, "점자표지판 설치 여부": null, "점자 메뉴판 설치 여부": null, "의사소통판 설치 여부": null, "경사도": "0", "영업시간": null, "버스번호": null, "버스정보": null, "평일운영시간": null, "토요일운영시간": null, "상세위치": null, "최적경로": null, "대표점변환여부": false, "원본Geometry유형": "Point" }, "geometry": { "type": "Point", "coordinates": [ 126.9014, 37.5967 ] } },
{ "type": "Feature", "properties": { "id": "466", "CONTENTS_NAME": "쉼터10", "ADDR_OLD": "서울특별시 은평구 신사동  산 93-8", "ADDR_NEW": "서울특별시 은평구 은평터널로7길 6", "TEL_NO": "", "시설대분류": "야외편의시설", "시설구분": null, "편의시설 구분": "의자", "경사로지원상태": "정보없음", "자동문정보": "정보없음", "경사로 설치 여부": null, "이동식 경사로 설치 여부": null, "자동문 설치 여부": null, "점자표지판 설치 여부": null, "점자 메뉴판 설치 여부": null, "의사소통판 설치 여부": null, "경사도": "0", "영업시간": null, "버스번호": null, "버스정보": null, "평일운영시간": null, "토요일운영시간": null, "상세위치": null, "최적경로": null, "대표점변환여부": false, "원본Geometry유형": "Point" }, "geometry": { "type": "Point", "coordinates": [ 126.9013, 37.5971 ] } },
{ "type": "Feature", "properties": { "id": "470", "CONTENTS_NAME": "19. 신사 사거리 ", "ADDR_OLD": "서울특별시 은평구 신사동  41-7", "ADDR_NEW": "", "TEL_NO": "02-385-1351", "시설대분류": "셔틀버스정류장", "시설구분": null, "편의시설 구분": null, "경사로지원상태": "정보없음", "자동문정보": "정보없음", "경사로 설치 여부": null, "이동식 경사로 설치 여부": null, "자동문 설치 여부": null, "점자표지판 설치 여부": null, "점자 메뉴판 설치 여부": null, "의사소통판 설치 여부": null, "경사도": null, "영업시간": null, "버스번호": "12-1번", "버스정보": "전기 저상버스, 휠체어 탑승 가능, 토요일은 1회, 2회만 운영, 일요일 및 공휴일 미운영", "평일운영시간": null, "토요일운영시간": null, "상세위치": null, "최적경로": null, "대표점변환여부": false, "원본Geometry유형": "Point" }, "geometry": { "type": "Point", "coordinates": [ 126.909, 37.5959 ] } },
{ "type": "Feature", "properties": { "id": "403", "CONTENTS_NAME": "벧엘공동생활가정", "ADDR_OLD": "서울특별시 은평구 신사동 30-27", "ADDR_NEW": "서울특별시 은평구 가좌로 312-11", "TEL_NO": "070-8276-3740", "시설대분류": "접근성조사시설", "시설구분": "거주시설(공동생활가정)", "편의시설 구분": null, "경사로지원상태": "정보없음", "자동문정보": "정보없음", "경사로 설치 여부": null, "이동식 경사로 설치 여부": null, "자동문 설치 여부": null, "점자표지판 설치 여부": null, "점자 메뉴판 설치 여부": null, "의사소통판 설치 여부": null, "경사도": null, "영업시간": null, "버스번호": null, "버스정보": null, "평일운영시간": null, "토요일운영시간": null, "상세위치": null, "최적경로": null, "대표점변환여부": false, "원본Geometry유형": "Point" }, "geometry": { "type": "Point", "coordinates": [ 126.9108, 37.596 ] } },
{ "type": "Feature", "properties": { "id": "494", "CONTENTS_NAME": "대박공인중개사사무소", "ADDR_OLD": "서울특별시 은평구 신사동 30-33", "ADDR_NEW": "서울특별시 은평구 가좌로 316-1", "TEL_NO": "02-374-8253", "시설대분류": "생활편의업소", "시설구분": null, "편의시설 구분": null, "경사로지원상태": "정보없음", "자동문정보": "정보없음", "경사로 설치 여부": null, "이동식 경사로 설치 여부": null, "자동문 설치 여부": null, "점자표지판 설치 여부": null, "점자 메뉴판 설치 여부": null, "의사소통판 설치 여부": null, "경사도": null, "영업시간": null, "버스번호": null, "버스정보": null, "평일운영시간": null, "토요일운영시간": null, "상세위치": null, "최적경로": null, "대표점변환여부": false, "원본Geometry유형": "Point" }, "geometry": { "type": "Point", "coordinates": [ 126.9102, 37.596 ] } },
{ "type": "Feature", "properties": { "id": "490", "CONTENTS_NAME": "준공인중개사사무소", "ADDR_OLD": "서울특별시 은평구 신사동 28-45", "ADDR_NEW": "서울특별시 은평구 증산로21길 26", "TEL_NO": "375-8924", "시설대분류": "생활편의업소", "시설구분": null, "편의시설 구분": null, "경사로지원상태": "정보없음", "자동문정보": "정보없음", "경사로 설치 여부": null, "이동식 경사로 설치 여부": null, "자동문 설치 여부": null, "점자표지판 설치 여부": null, "점자 메뉴판 설치 여부": null, "의사소통판 설치 여부": null, "경사도": null, "영업시간": null, "버스번호": null, "버스정보": null, "평일운영시간": null, "토요일운영시간": null, "상세위치": null, "최적경로": null, "대표점변환여부": false, "원본Geometry유형": "Point" }, "geometry": { "type": "Point", "coordinates": [ 126.912, 37.5963 ] } },
{ "type": "Feature", "properties": { "id": "291", "CONTENTS_NAME": "22.  신사종합사회복지관", "ADDR_OLD": "서울특별시 은평구 신사동 29-31", "ADDR_NEW": "서울특별시 은평구 은평로 34", "TEL_NO": "02-385-1351", "시설대분류": "셔틀버스정류장", "시설구분": null, "편의시설 구분": null, "경사로지원상태": "정보없음", "자동문정보": "정보없음", "경사로 설치 여부": null, "이동식 경사로 설치 여부": null, "자동문 설치 여부": null, "점자표지판 설치 여부": null, "점자 메뉴판 설치 여부": null, "의사소통판 설치 여부": null, "경사도": null, "영업시간": null, "버스번호": "12번", "버스정보": "전기 저상버스, 휠체어 탑승 가능, 토요일은 1회, 2회만 운영, 일요일 및 공휴일 미운영", "평일운영시간": null, "토요일운영시간": null, "상세위치": null, "최적경로": null, "대표점변환여부": false, "원본Geometry유형": "Point" }, "geometry": { "type": "Point", "coordinates": [ 126.9118, 37.598 ] } },
{ "type": "Feature", "properties": { "id": "10", "CONTENTS_NAME": "은평자이무지개공인중개사사무소", "ADDR_OLD": "서울특별시 은평구 신사동 19-100", "ADDR_NEW": "서울특별시 은평구 은평로 19-2", "TEL_NO": "02-355-9305", "시설대분류": "생활편의업소", "시설구분": null, "편의시설 구분": null, "경사로지원상태": "정보없음", "자동문정보": "정보없음", "경사로 설치 여부": null, "이동식 경사로 설치 여부": null, "자동문 설치 여부": null, "점자표지판 설치 여부": null, "점자 메뉴판 설치 여부": null, "의사소통판 설치 여부": null, "경사도": null, "영업시간": "10:00~19:00", "버스번호": null, "버스정보": null, "평일운영시간": null, "토요일운영시간": null, "상세위치": null, "최적경로": null, "대표점변환여부": false, "원본Geometry유형": "Point" }, "geometry": { "type": "Point", "coordinates": [ 126.9099, 37.5981 ] } },
{ "type": "Feature", "properties": { "id": "471", "CONTENTS_NAME": "18. 신사종합사회복지관", "ADDR_OLD": "서울특별시 은평구 신사동  4-12", "ADDR_NEW": "", "TEL_NO": "02-385-1351", "시설대분류": "셔틀버스정류장", "시설구분": null, "편의시설 구분": null, "경사로지원상태": "정보없음", "자동문정보": "정보없음", "경사로 설치 여부": null, "이동식 경사로 설치 여부": null, "자동문 설치 여부": null, "점자표지판 설치 여부": null, "점자 메뉴판 설치 여부": null, "의사소통판 설치 여부": null, "경사도": null, "영업시간": null, "버스번호": "12-1번", "버스정보": "전기 저상버스, 휠체어 탑승 가능, 토요일은 1회, 2회만 운영, 일요일 및 공휴일 미운영", "평일운영시간": null, "토요일운영시간": null, "상세위치": null, "최적경로": null, "대표점변환여부": false, "원본Geometry유형": "Point" }, "geometry": { "type": "Point", "coordinates": [ 126.9123, 37.5984 ] } },
{ "type": "Feature", "properties": { "id": "385", "CONTENTS_NAME": "트렌디카안경원", "ADDR_OLD": "서울특별시 은평구 신사동 20-8", "ADDR_NEW": "서울특별시 은평구 갈현로 8", "TEL_NO": "02-387-8854", "시설대분류": "접근성조사시설", "시설구분": "안경점", "편의시설 구분": null, "경사로지원상태": "고정경사로 설치", "자동문정보": "자동문 미설치", "경사로 설치 여부": "설치", "이동식 경사로 설치 여부": "미설치", "자동문 설치 여부": "미 설치", "점자표지판 설치 여부": "미설치", "점자 메뉴판 설치 여부": "미설치", "의사소통판 설치 여부": "미설치", "경사도": null, "영업시간": null, "버스번호": null, "버스정보": null, "평일운영시간": null, "토요일운영시간": null, "상세위치": null, "최적경로": null, "대표점변환여부": false, "원본Geometry유형": "Point" }, "geometry": { "type": "Point", "coordinates": [ 126.9104, 37.5985 ] } },
{ "type": "Feature", "properties": { "id": "543", "CONTENTS_NAME": "장안부동산중개인사무소", "ADDR_OLD": "서울특별시 은평구 신사동 8-31", "ADDR_NEW": "서울특별시 은평구 갈현로 10-9", "TEL_NO": "385-4366", "시설대분류": "생활편의업소", "시설구분": null, "편의시설 구분": null, "경사로지원상태": "정보없음", "자동문정보": "정보없음", "경사로 설치 여부": null, "이동식 경사로 설치 여부": null, "자동문 설치 여부": null, "점자표지판 설치 여부": null, "점자 메뉴판 설치 여부": null, "의사소통판 설치 여부": null, "경사도": null, "영업시간": null, "버스번호": null, "버스정보": null, "평일운영시간": null, "토요일운영시간": null, "상세위치": null, "최적경로": null, "대표점변환여부": false, "원본Geometry유형": "Point" }, "geometry": { "type": "Point", "coordinates": [ 126.9109, 37.5989 ] } },
{ "type": "Feature", "properties": { "id": "619", "CONTENTS_NAME": "임마누엘신사공동체", "ADDR_OLD": "서울특별시 은평구 신사동 5-34", "ADDR_NEW": "서울특별시 은평구 갈현로2가길 13", "TEL_NO": "02-6414-9998", "시설대분류": "접근성조사시설", "시설구분": "거주시설(공동생활가정)", "편의시설 구분": null, "경사로지원상태": "정보없음", "자동문정보": "정보없음", "경사로 설치 여부": null, "이동식 경사로 설치 여부": null, "자동문 설치 여부": null, "점자표지판 설치 여부": null, "점자 메뉴판 설치 여부": null, "의사소통판 설치 여부": null, "경사도": null, "영업시간": null, "버스번호": null, "버스정보": null, "평일운영시간": null, "토요일운영시간": null, "상세위치": null, "최적경로": null, "대표점변환여부": false, "원본Geometry유형": "Point" }, "geometry": { "type": "Point", "coordinates": [ 126.9111, 37.5993 ] } },
{ "type": "Feature", "properties": { "id": "339", "CONTENTS_NAME": "21. 숭실중학교 ", "ADDR_OLD": "서울특별시 은평구 신사동  178-9", "ADDR_NEW": "", "TEL_NO": "02-385-1351", "시설대분류": "셔틀버스정류장", "시설구분": null, "편의시설 구분": null, "경사로지원상태": "정보없음", "자동문정보": "정보없음", "경사로 설치 여부": null, "이동식 경사로 설치 여부": null, "자동문 설치 여부": null, "점자표지판 설치 여부": null, "점자 메뉴판 설치 여부": null, "의사소통판 설치 여부": null, "경사도": null, "영업시간": null, "버스번호": "12-1번", "버스정보": "전기 저상버스, 휠체어 탑승 가능, 토요일은 1회, 2회만 운영, 일요일 및 공휴일 미운영", "평일운영시간": null, "토요일운영시간": null, "상세위치": null, "최적경로": null, "대표점변환여부": false, "원본Geometry유형": "Point" }, "geometry": { "type": "Point", "coordinates": [ 126.9059, 37.5916 ] } },
{ "type": "Feature", "properties": { "id": "158", "CONTENTS_NAME": "안내판3", "ADDR_OLD": "서울특별시 은평구 신사동 산 93-8", "ADDR_NEW": "서울특별시 은평구 은평터널로9가길 9-13", "TEL_NO": "", "시설대분류": "야외편의시설", "시설구분": null, "편의시설 구분": "이정표(안내판)", "경사로지원상태": "정보없음", "자동문정보": "정보없음", "경사로 설치 여부": null, "이동식 경사로 설치 여부": null, "자동문 설치 여부": null, "점자표지판 설치 여부": null, "점자 메뉴판 설치 여부": null, "의사소통판 설치 여부": null, "경사도": "5", "영업시간": null, "버스번호": null, "버스정보": null, "평일운영시간": null, "토요일운영시간": null, "상세위치": null, "최적경로": null, "대표점변환여부": false, "원본Geometry유형": "Point" }, "geometry": { "type": "Point", "coordinates": [ 126.9022, 37.5948 ] } },
{ "type": "Feature", "properties": { "id": "152", "CONTENTS_NAME": "전망대", "ADDR_OLD": "서울특별시 은평구 신사동 산 93-8", "ADDR_NEW": "", "TEL_NO": "", "시설대분류": "야외편의시설", "시설구분": null, "편의시설 구분": "전망대", "경사로지원상태": "정보없음", "자동문정보": "정보없음", "경사로 설치 여부": null, "이동식 경사로 설치 여부": null, "자동문 설치 여부": null, "점자표지판 설치 여부": null, "점자 메뉴판 설치 여부": null, "의사소통판 설치 여부": null, "경사도": "0", "영업시간": null, "버스번호": null, "버스정보": null, "평일운영시간": null, "토요일운영시간": null, "상세위치": null, "최적경로": null, "대표점변환여부": false, "원본Geometry유형": "Point" }, "geometry": { "type": "Point", "coordinates": [ 126.902, 37.5955 ] } },
{ "type": "Feature", "properties": { "id": "141", "CONTENTS_NAME": "의자27", "ADDR_OLD": "서울특별시 은평구 역촌동 산 31-1", "ADDR_NEW": "", "TEL_NO": "", "시설대분류": "야외편의시설", "시설구분": null, "편의시설 구분": "의자", "경사로지원상태": "정보없음", "자동문정보": "정보없음", "경사로 설치 여부": null, "이동식 경사로 설치 여부": null, "자동문 설치 여부": null, "점자표지판 설치 여부": null, "점자 메뉴판 설치 여부": null, "의사소통판 설치 여부": null, "경사도": "3", "영업시간": null, "버스번호": null, "버스정보": null, "평일운영시간": null, "토요일운영시간": null, "상세위치": null, "최적경로": null, "대표점변환여부": false, "원본Geometry유형": "Point" }, "geometry": { "type": "Point", "coordinates": [ 126.9021, 37.6042 ] } },
{ "type": "Feature", "properties": { "id": "335", "CONTENTS_NAME": "15. 시립서북병원 ", "ADDR_OLD": "서울특별시 은평구 역촌동  219-32", "ADDR_NEW": "서울특별시 은평구 갈현로7길 49", "TEL_NO": "02-385-1351", "시설대분류": "셔틀버스정류장", "시설구분": null, "편의시설 구분": null, "경사로지원상태": "정보없음", "자동문정보": "정보없음", "경사로 설치 여부": null, "이동식 경사로 설치 여부": null, "자동문 설치 여부": null, "점자표지판 설치 여부": null, "점자 메뉴판 설치 여부": null, "의사소통판 설치 여부": null, "경사도": null, "영업시간": null, "버스번호": "12-1번", "버스정보": "전기 저상버스, 휠체어 탑승 가능, 토요일은 1회, 2회만 운영, 일요일 및 공휴일 미운영", "평일운영시간": null, "토요일운영시간": null, "상세위치": null, "최적경로": null, "대표점변환여부": false, "원본Geometry유형": "Point" }, "geometry": { "type": "Point", "coordinates": [ 126.9058, 37.6046 ] } },
{ "type": "Feature", "properties": { "id": "479", "CONTENTS_NAME": "26.  시립서북병원", "ADDR_OLD": "서울특별시 은평구 역촌동  219-32", "ADDR_NEW": "서울특별시 은평구 갈현로7길 49", "TEL_NO": "02-385-1351", "시설대분류": "셔틀버스정류장", "시설구분": null, "편의시설 구분": null, "경사로지원상태": "정보없음", "자동문정보": "정보없음", "경사로 설치 여부": null, "이동식 경사로 설치 여부": null, "자동문 설치 여부": null, "점자표지판 설치 여부": null, "점자 메뉴판 설치 여부": null, "의사소통판 설치 여부": null, "경사도": null, "영업시간": null, "버스번호": "12번", "버스정보": "전기 저상버스, 휠체어 탑승 가능, 토요일은 1회, 2회만 운영, 일요일 및 공휴일 미운영", "평일운영시간": null, "토요일운영시간": null, "상세위치": null, "최적경로": null, "대표점변환여부": false, "원본Geometry유형": "Point" }, "geometry": { "type": "Point", "coordinates": [ 126.9058, 37.6046 ] } },
{ "type": "Feature", "properties": { "id": "305", "CONTENTS_NAME": "기쁨공인중개사사무소", "ADDR_OLD": "서울특별시 은평구 역촌동 219-8", "ADDR_NEW": "서울특별시 은평구 갈현로7길 36", "TEL_NO": "02-386-7977", "시설대분류": "생활편의업소", "시설구분": null, "편의시설 구분": null, "경사로지원상태": "정보없음", "자동문정보": "정보없음", "경사로 설치 여부": null, "이동식 경사로 설치 여부": null, "자동문 설치 여부": null, "점자표지판 설치 여부": null, "점자 메뉴판 설치 여부": null, "의사소통판 설치 여부": null, "경사도": null, "영업시간": null, "버스번호": null, "버스정보": null, "평일운영시간": null, "토요일운영시간": null, "상세위치": null, "최적경로": null, "대표점변환여부": false, "원본Geometry유형": "Point" }, "geometry": { "type": "Point", "coordinates": [ 126.9068, 37.6048 ] } },
{ "type": "Feature", "properties": { "id": "129", "CONTENTS_NAME": "정공인중개사사무소", "ADDR_OLD": "서울특별시 은평구 응암동 694-1", "ADDR_NEW": "서울특별시 은평구 가좌로7나길 30", "TEL_NO": "302-5552", "시설대분류": "생활편의업소", "시설구분": null, "편의시설 구분": null, "경사로지원상태": "정보없음", "자동문정보": "정보없음", "경사로 설치 여부": null, "이동식 경사로 설치 여부": null, "자동문 설치 여부": null, "점자표지판 설치 여부": null, "점자 메뉴판 설치 여부": null, "의사소통판 설치 여부": null, "경사도": null, "영업시간": null, "버스번호": null, "버스정보": null, "평일운영시간": null, "토요일운영시간": null, "상세위치": null, "최적경로": null, "대표점변환여부": false, "원본Geometry유형": "Point" }, "geometry": { "type": "Point", "coordinates": [ 126.9192, 37.5836 ] } },
{ "type": "Feature", "properties": { "id": "37", "CONTENTS_NAME": " 우성제일공인중개사사무소", "ADDR_OLD": "서울특별시 은평구 응암동 733-1", "ADDR_NEW": "서울특별시 은평구 가좌로7나길 11", "TEL_NO": "", "시설대분류": "생활편의업소", "시설구분": null, "편의시설 구분": null, "경사로지원상태": "정보없음", "자동문정보": "정보없음", "경사로 설치 여부": null, "이동식 경사로 설치 여부": null, "자동문 설치 여부": null, "점자표지판 설치 여부": null, "점자 메뉴판 설치 여부": null, "의사소통판 설치 여부": null, "경사도": null, "영업시간": null, "버스번호": null, "버스정보": null, "평일운영시간": null, "토요일운영시간": null, "상세위치": null, "최적경로": null, "대표점변환여부": false, "원본Geometry유형": "Point" }, "geometry": { "type": "Point", "coordinates": [ 126.9189, 37.5852 ] } },
{ "type": "Feature", "properties": { "id": "276", "CONTENTS_NAME": "고구마공인중개사사무소", "ADDR_OLD": "서울특별시 은평구 응암동 732-1", "ADDR_NEW": "서울특별시 은평구 가좌로7길 27", "TEL_NO": "02-359-3337", "시설대분류": "생활편의업소", "시설구분": null, "편의시설 구분": null, "경사로지원상태": "정보없음", "자동문정보": "정보없음", "경사로 설치 여부": null, "이동식 경사로 설치 여부": null, "자동문 설치 여부": null, "점자표지판 설치 여부": null, "점자 메뉴판 설치 여부": null, "의사소통판 설치 여부": null, "경사도": null, "영업시간": "9:00 ~ 19:30", "버스번호": null, "버스정보": null, "평일운영시간": null, "토요일운영시간": null, "상세위치": null, "최적경로": null, "대표점변환여부": false, "원본Geometry유형": "Point" }, "geometry": { "type": "Point", "coordinates": [ 126.9184, 37.5858 ] } },
{ "type": "Feature", "properties": { "id": "13", "CONTENTS_NAME": "마리아공인중개사사무소", "ADDR_OLD": "서울특별시 은평구 응암동 753-17", "ADDR_NEW": "서울특별시 은평구 가좌로7길 22", "TEL_NO": "02-373-7900", "시설대분류": "생활편의업소", "시설구분": null, "편의시설 구분": null, "경사로지원상태": "정보없음", "자동문정보": "정보없음", "경사로 설치 여부": null, "이동식 경사로 설치 여부": null, "자동문 설치 여부": null, "점자표지판 설치 여부": null, "점자 메뉴판 설치 여부": null, "의사소통판 설치 여부": null, "경사도": null, "영업시간": null, "버스번호": null, "버스정보": null, "평일운영시간": null, "토요일운영시간": null, "상세위치": null, "최적경로": null, "대표점변환여부": false, "원본Geometry유형": "Point" }, "geometry": { "type": "Point", "coordinates": [ 126.9189, 37.5861 ] } },
{ "type": "Feature", "properties": { "id": "503", "CONTENTS_NAME": "이명신공인중개사사무소", "ADDR_OLD": "서울특별시 은평구 응암동 751-24", "ADDR_NEW": "서울특별시 은평구 응암로12길 26", "TEL_NO": "305-8946", "시설대분류": "생활편의업소", "시설구분": null, "편의시설 구분": null, "경사로지원상태": "정보없음", "자동문정보": "정보없음", "경사로 설치 여부": null, "이동식 경사로 설치 여부": null, "자동문 설치 여부": null, "점자표지판 설치 여부": null, "점자 메뉴판 설치 여부": null, "의사소통판 설치 여부": null, "경사도": null, "영업시간": null, "버스번호": null, "버스정보": null, "평일운영시간": null, "토요일운영시간": null, "상세위치": null, "최적경로": null, "대표점변환여부": false, "원본Geometry유형": "Point" }, "geometry": { "type": "Point", "coordinates": [ 126.9193, 37.5872 ] } },
{ "type": "Feature", "properties": { "id": "638", "CONTENTS_NAME": "프로스펙스 응암점", "ADDR_OLD": "서울특별시 은평구 응암동 601-32", "ADDR_NEW": "서울특별시 은평구 응암로 184-1", "TEL_NO": "02-305-2667", "시설대분류": "접근성조사시설", "시설구분": "의류판매", "편의시설 구분": null, "경사로지원상태": "고정경사로 설치", "자동문정보": "자동문 미설치", "경사로 설치 여부": "설치", "이동식 경사로 설치 여부": "미설치", "자동문 설치 여부": "미 설치", "점자표지판 설치 여부": "설치", "점자 메뉴판 설치 여부": "미설치", "의사소통판 설치 여부": "미설치", "경사도": null, "영업시간": null, "버스번호": null, "버스정보": null, "평일운영시간": null, "토요일운영시간": null, "상세위치": null, "최적경로": null, "대표점변환여부": false, "원본Geometry유형": "Point" }, "geometry": { "type": "Point", "coordinates": [ 126.917, 37.5884 ] } },
{ "type": "Feature", "properties": { "id": "555", "CONTENTS_NAME": "13.  은평문화예술정보학교", "ADDR_OLD": "서울특별시 은평구 응암동  338-128", "ADDR_NEW": "서울특별시 은평구 가좌로 209", "TEL_NO": "02-385-1351", "시설대분류": "셔틀버스정류장", "시설구분": null, "편의시설 구분": null, "경사로지원상태": "정보없음", "자동문정보": "정보없음", "경사로 설치 여부": null, "이동식 경사로 설치 여부": null, "자동문 설치 여부": null, "점자표지판 설치 여부": null, "점자 메뉴판 설치 여부": null, "의사소통판 설치 여부": null, "경사도": null, "영업시간": null, "버스번호": "12번", "버스정보": "전기 저상버스, 휠체어 탑승 가능, 토요일은 1회, 2회만 운영, 일요일 및 공휴일 미운영", "평일운영시간": null, "토요일운영시간": null, "상세위치": null, "최적경로": null, "대표점변환여부": false, "원본Geometry유형": "Point" }, "geometry": { "type": "Point", "coordinates": [ 126.919, 37.5888 ] } },
{ "type": "Feature", "properties": { "id": "345", "CONTENTS_NAME": "27. 은평문화예술정보학교 ", "ADDR_OLD": "서울특별시 은평구 응암동  338-128", "ADDR_NEW": "서울특별시 은평구 가좌로 209", "TEL_NO": "02-385-1351", "시설대분류": "셔틀버스정류장", "시설구분": null, "편의시설 구분": null, "경사로지원상태": "정보없음", "자동문정보": "정보없음", "경사로 설치 여부": null, "이동식 경사로 설치 여부": null, "자동문 설치 여부": null, "점자표지판 설치 여부": null, "점자 메뉴판 설치 여부": null, "의사소통판 설치 여부": null, "경사도": null, "영업시간": null, "버스번호": "12-1번", "버스정보": "전기 저상버스, 휠체어 탑승 가능, 토요일은 1회, 2회만 운영, 일요일 및 공휴일 미운영", "평일운영시간": null, "토요일운영시간": null, "상세위치": null, "최적경로": null, "대표점변환여부": false, "원본Geometry유형": "Point" }, "geometry": { "type": "Point", "coordinates": [ 126.9186, 37.5889 ] } },
{ "type": "Feature", "properties": { "id": "398", "CONTENTS_NAME": "마코", "ADDR_OLD": "서울특별시 은평구 응암동 600-2", "ADDR_NEW": "서울특별시 은평구 응암로 193", "TEL_NO": "%EC%A0%95%EB%B3%B4%EC%97%86%EC%9D%8C", "시설대분류": "접근성조사시설", "시설구분": "의류판매", "편의시설 구분": null, "경사로지원상태": "고정경사로 설치", "자동문정보": "자동문 미설치", "경사로 설치 여부": "설치", "이동식 경사로 설치 여부": "미설치", "자동문 설치 여부": "미 설치", "점자표지판 설치 여부": "미설치", "점자 메뉴판 설치 여부": "미설치", "의사소통판 설치 여부": "미설치", "경사도": null, "영업시간": null, "버스번호": null, "버스정보": null, "평일운영시간": null, "토요일운영시간": null, "상세위치": null, "최적경로": null, "대표점변환여부": false, "원본Geometry유형": "Point" }, "geometry": { "type": "Point", "coordinates": [ 126.9168, 37.5891 ] } },
{ "type": "Feature", "properties": { "id": "423", "CONTENTS_NAME": "올리비아로렌", "ADDR_OLD": "서울특별시 은평구 응암동 600-2", "ADDR_NEW": "서울특별시 은평구 응암로 193", "TEL_NO": "02-305-5577", "시설대분류": "접근성조사시설", "시설구분": "의류판매", "편의시설 구분": null, "경사로지원상태": "고정경사로 설치", "자동문정보": "자동문 미설치", "경사로 설치 여부": "설치", "이동식 경사로 설치 여부": "미설치", "자동문 설치 여부": "미 설치", "점자표지판 설치 여부": "미설치", "점자 메뉴판 설치 여부": "미설치", "의사소통판 설치 여부": "미설치", "경사도": null, "영업시간": null, "버스번호": null, "버스정보": null, "평일운영시간": null, "토요일운영시간": null, "상세위치": null, "최적경로": null, "대표점변환여부": false, "원본Geometry유형": "Point" }, "geometry": { "type": "Point", "coordinates": [ 126.9168, 37.5892 ] } },
{ "type": "Feature", "properties": { "id": "524", "CONTENTS_NAME": "복지공인중개사사무소", "ADDR_OLD": "서울특별시 은평구 응암동 596-2", "ADDR_NEW": "서울특별시 은평구 응암로9길 6", "TEL_NO": "02-303-7023", "시설대분류": "생활편의업소", "시설구분": null, "편의시설 구분": null, "경사로지원상태": "정보없음", "자동문정보": "정보없음", "경사로 설치 여부": null, "이동식 경사로 설치 여부": null, "자동문 설치 여부": null, "점자표지판 설치 여부": null, "점자 메뉴판 설치 여부": null, "의사소통판 설치 여부": null, "경사도": null, "영업시간": null, "버스번호": null, "버스정보": null, "평일운영시간": null, "토요일운영시간": null, "상세위치": null, "최적경로": null, "대표점변환여부": false, "원본Geometry유형": "Point" }, "geometry": { "type": "Point", "coordinates": [ 126.9159, 37.5877 ] } },
{ "type": "Feature", "properties": { "id": "636", "CONTENTS_NAME": "무교동 갯마을낙지찜", "ADDR_OLD": "서울특별시 은평구 응암동 600-5", "ADDR_NEW": "서울특별시 은평구 응암로13길 9", "TEL_NO": "0507-1441-3566", "시설대분류": "접근성조사시설", "시설구분": "식당", "편의시설 구분": null, "경사로지원상태": "고정경사로 설치", "자동문정보": "자동문 미설치", "경사로 설치 여부": "설치", "이동식 경사로 설치 여부": "설치", "자동문 설치 여부": "미 설치", "점자표지판 설치 여부": "미설치", "점자 메뉴판 설치 여부": "미설치", "의사소통판 설치 여부": "미설치", "경사도": null, "영업시간": null, "버스번호": null, "버스정보": null, "평일운영시간": null, "토요일운영시간": null, "상세위치": null, "최적경로": null, "대표점변환여부": false, "원본Geometry유형": "Point" }, "geometry": { "type": "Point", "coordinates": [ 126.9162, 37.5894 ] } },
{ "type": "Feature", "properties": { "id": "578", "CONTENTS_NAME": "제주도새기촌", "ADDR_OLD": "서울특별시 은평구 신사동 338-2", "ADDR_NEW": "서울특별시 은평구 증산로 377", "TEL_NO": "0507-1437-3115", "시설대분류": "접근성조사시설", "시설구분": "음식점", "편의시설 구분": null, "경사로지원상태": "고정경사로 설치", "자동문정보": "자동문 미설치", "경사로 설치 여부": "설치", "이동식 경사로 설치 여부": "미설치", "자동문 설치 여부": "미 설치", "점자표지판 설치 여부": "미설치", "점자 메뉴판 설치 여부": "미설치", "의사소통판 설치 여부": "미설치", "경사도": null, "영업시간": null, "버스번호": null, "버스정보": null, "평일운영시간": null, "토요일운영시간": null, "상세위치": null, "최적경로": null, "대표점변환여부": false, "원본Geometry유형": "Point" }, "geometry": { "type": "Point", "coordinates": [ 126.9131, 37.5899 ] } },
{ "type": "Feature", "properties": { "id": "629", "CONTENTS_NAME": "cu은평새절", "ADDR_OLD": "서울특별시 은평구 응암동 585-18", "ADDR_NEW": "서울특별시 은평구 가좌로 241-1", "TEL_NO": "02-306-4198", "시설대분류": "접근성조사시설", "시설구분": "편의점", "편의시설 구분": null, "경사로지원상태": "고정경사로 설치", "자동문정보": "자동문 미설치", "경사로 설치 여부": "설치", "이동식 경사로 설치 여부": "미설치", "자동문 설치 여부": "미 설치", "점자표지판 설치 여부": "미설치", "점자 메뉴판 설치 여부": "미설치", "의사소통판 설치 여부": "미설치", "경사도": null, "영업시간": null, "버스번호": null, "버스정보": null, "평일운영시간": null, "토요일운영시간": null, "상세위치": null, "최적경로": null, "대표점변환여부": false, "원본Geometry유형": "Point" }, "geometry": { "type": "Point", "coordinates": [ 126.9158, 37.591 ] } },
{ "type": "Feature", "properties": { "id": "627", "CONTENTS_NAME": "김밥천국 새절역점", "ADDR_OLD": "서울특별시 은평구 신사동 337-5", "ADDR_NEW": "서울특별시 은평구 증산로 389", "TEL_NO": "02-308-9937", "시설대분류": "접근성조사시설", "시설구분": "음식점", "편의시설 구분": null, "경사로지원상태": "고정경사로 설치", "자동문정보": "자동문 미설치", "경사로 설치 여부": "설치", "이동식 경사로 설치 여부": "미설치", "자동문 설치 여부": "미 설치", "점자표지판 설치 여부": "미설치", "점자 메뉴판 설치 여부": "미설치", "의사소통판 설치 여부": "미설치", "경사도": null, "영업시간": null, "버스번호": null, "버스정보": null, "평일운영시간": null, "토요일운영시간": null, "상세위치": null, "최적경로": null, "대표점변환여부": false, "원본Geometry유형": "Point" }, "geometry": { "type": "Point", "coordinates": [ 126.9134, 37.5912 ] } },
{ "type": "Feature", "properties": { "id": "603", "CONTENTS_NAME": "장충왕족발보쌈", "ADDR_OLD": "서울특별시 은평구 응암동 585-13", "ADDR_NEW": "서울특별시 은평구 가좌로 247", "TEL_NO": "02-306-1066", "시설대분류": "접근성조사시설", "시설구분": "음식점", "편의시설 구분": null, "경사로지원상태": "이동식경사로 설치", "자동문정보": "자동문 미설치", "경사로 설치 여부": "미 설치", "이동식 경사로 설치 여부": "설치", "자동문 설치 여부": "미 설치", "점자표지판 설치 여부": "미설치", "점자 메뉴판 설치 여부": "미설치", "의사소통판 설치 여부": "미설치", "경사도": null, "영업시간": null, "버스번호": null, "버스정보": null, "평일운영시간": null, "토요일운영시간": null, "상세위치": null, "최적경로": null, "대표점변환여부": false, "원본Geometry유형": "Point" }, "geometry": { "type": "Point", "coordinates": [ 126.9154, 37.5913 ] } },
{ "type": "Feature", "properties": { "id": "426", "CONTENTS_NAME": "응암족발", "ADDR_OLD": "서울특별시 은평구 응암동 585-10", "ADDR_NEW": "서울특별시 은평구 가좌로 251", "TEL_NO": "0507-1331-6644", "시설대분류": "접근성조사시설", "시설구분": "음식점", "편의시설 구분": null, "경사로지원상태": "고정경사로 설치", "자동문정보": "자동문 미설치", "경사로 설치 여부": "설치", "이동식 경사로 설치 여부": "미설치", "자동문 설치 여부": "미 설치", "점자표지판 설치 여부": "미설치", "점자 메뉴판 설치 여부": "미설치", "의사소통판 설치 여부": "미설치", "경사도": null, "영업시간": null, "버스번호": null, "버스정보": null, "평일운영시간": null, "토요일운영시간": null, "상세위치": null, "최적경로": null, "대표점변환여부": false, "원본Geometry유형": "Point" }, "geometry": { "type": "Point", "coordinates": [ 126.9152, 37.5915 ] } },
{ "type": "Feature", "properties": { "id": "542", "CONTENTS_NAME": "동서공인중개사사무소", "ADDR_OLD": "서울특별시 은평구 응암동 584-42", "ADDR_NEW": "서울특별시 은평구 가좌로 248", "TEL_NO": "306-9757", "시설대분류": "생활편의업소", "시설구분": null, "편의시설 구분": null, "경사로지원상태": "정보없음", "자동문정보": "정보없음", "경사로 설치 여부": null, "이동식 경사로 설치 여부": null, "자동문 설치 여부": null, "점자표지판 설치 여부": null, "점자 메뉴판 설치 여부": null, "의사소통판 설치 여부": null, "경사도": null, "영업시간": null, "버스번호": null, "버스정보": null, "평일운영시간": null, "토요일운영시간": null, "상세위치": null, "최적경로": null, "대표점변환여부": false, "원본Geometry유형": "Point" }, "geometry": { "type": "Point", "coordinates": [ 126.9156, 37.5916 ] } },
{ "type": "Feature", "properties": { "id": "344", "CONTENTS_NAME": "26. 새절역 1번출구", "ADDR_OLD": "서울특별시 은평구 신사동 337-5", "ADDR_NEW": "서울특별시 은평구 증산로 400", "TEL_NO": "02-385-1351", "시설대분류": "셔틀버스정류장", "시설구분": null, "편의시설 구분": null, "경사로지원상태": "정보없음", "자동문정보": "정보없음", "경사로 설치 여부": null, "이동식 경사로 설치 여부": null, "자동문 설치 여부": null, "점자표지판 설치 여부": null, "점자 메뉴판 설치 여부": null, "의사소통판 설치 여부": null, "경사도": null, "영업시간": null, "버스번호": "12-1번", "버스정보": "전기 저상버스, 휠체어 탑승 가능, 토요일은 1회, 2회만 운영, 일요일 및 공휴일 미운영", "평일운영시간": null, "토요일운영시간": null, "상세위치": null, "최적경로": null, "대표점변환여부": false, "원본Geometry유형": "Point" }, "geometry": { "type": "Point", "coordinates": [ 126.9139, 37.5916 ] } },
{ "type": "Feature", "properties": { "id": "46", "CONTENTS_NAME": "리더스공인중개사사무소", "ADDR_OLD": "서울특별시 은평구 신사동 336-4", "ADDR_NEW": "서울특별시 은평구 증산로 395-1", "TEL_NO": "306-2300", "시설대분류": "생활편의업소", "시설구분": null, "편의시설 구분": null, "경사로지원상태": "정보없음", "자동문정보": "정보없음", "경사로 설치 여부": null, "이동식 경사로 설치 여부": null, "자동문 설치 여부": null, "점자표지판 설치 여부": null, "점자 메뉴판 설치 여부": null, "의사소통판 설치 여부": null, "경사도": null, "영업시간": null, "버스번호": null, "버스정보": null, "평일운영시간": null, "토요일운영시간": null, "상세위치": null, "최적경로": null, "대표점변환여부": false, "원본Geometry유형": "Point" }, "geometry": { "type": "Point", "coordinates": [ 126.9135, 37.5917 ] } },
{ "type": "Feature", "properties": { "id": "510", "CONTENTS_NAME": "더존인테리어공인중개사사무소", "ADDR_OLD": "서울특별시 은평구 응암동 733-48", "ADDR_NEW": "서울특별시 은평구 가좌로7나길 29", "TEL_NO": "307-8090", "시설대분류": "생활편의업소", "시설구분": null, "편의시설 구분": null, "경사로지원상태": "정보없음", "자동문정보": "정보없음", "경사로 설치 여부": null, "이동식 경사로 설치 여부": null, "자동문 설치 여부": null, "점자표지판 설치 여부": null, "점자 메뉴판 설치 여부": null, "의사소통판 설치 여부": null, "경사도": null, "영업시간": null, "버스번호": null, "버스정보": null, "평일운영시간": null, "토요일운영시간": null, "상세위치": null, "최적경로": null, "대표점변환여부": false, "원본Geometry유형": "Point" }, "geometry": { "type": "Point", "coordinates": [ 126.9194, 37.5838 ] } },
{ "type": "Feature", "properties": { "id": "499", "CONTENTS_NAME": "나나부동산중개인사무소", "ADDR_OLD": "서울특별시 은평구 응암동 745-12", "ADDR_NEW": "서울특별시 은평구 응암로12길 29", "TEL_NO": "303-1514", "시설대분류": "생활편의업소", "시설구분": null, "편의시설 구분": null, "경사로지원상태": "정보없음", "자동문정보": "정보없음", "경사로 설치 여부": null, "이동식 경사로 설치 여부": null, "자동문 설치 여부": null, "점자표지판 설치 여부": null, "점자 메뉴판 설치 여부": null, "의사소통판 설치 여부": null, "경사도": null, "영업시간": null, "버스번호": null, "버스정보": null, "평일운영시간": null, "토요일운영시간": null, "상세위치": null, "최적경로": null, "대표점변환여부": false, "원본Geometry유형": "Point" }, "geometry": { "type": "Point", "coordinates": [ 126.9198, 37.5872 ] } },
{ "type": "Feature", "properties": { "id": "502", "CONTENTS_NAME": "부동산랜드윈공인중개사사무소", "ADDR_OLD": "서울특별시 은평구 응암동 285-74", "ADDR_NEW": "서울특별시 은평구 가좌로 190", "TEL_NO": "376-8949", "시설대분류": "생활편의업소", "시설구분": null, "편의시설 구분": null, "경사로지원상태": "정보없음", "자동문정보": "정보없음", "경사로 설치 여부": null, "이동식 경사로 설치 여부": null, "자동문 설치 여부": null, "점자표지판 설치 여부": null, "점자 메뉴판 설치 여부": null, "의사소통판 설치 여부": null, "경사도": null, "영업시간": null, "버스번호": null, "버스정보": null, "평일운영시간": null, "토요일운영시간": null, "상세위치": null, "최적경로": null, "대표점변환여부": false, "원본Geometry유형": "Point" }, "geometry": { "type": "Point", "coordinates": [ 126.9202, 37.5879 ] } },
{ "type": "Feature", "properties": { "id": "27", "CONTENTS_NAME": "스마트부동산공인중개사사무소", "ADDR_OLD": "서울특별시 은평구 응암동 349-18", "ADDR_NEW": "서울특별시 은평구 응암로16가길 12-6", "TEL_NO": "376-0030", "시설대분류": "생활편의업소", "시설구분": null, "편의시설 구분": null, "경사로지원상태": "정보없음", "자동문정보": "정보없음", "경사로 설치 여부": null, "이동식 경사로 설치 여부": null, "자동문 설치 여부": null, "점자표지판 설치 여부": null, "점자 메뉴판 설치 여부": null, "의사소통판 설치 여부": null, "경사도": null, "영업시간": null, "버스번호": null, "버스정보": null, "평일운영시간": null, "토요일운영시간": null, "상세위치": null, "최적경로": null, "대표점변환여부": false, "원본Geometry유형": "Point" }, "geometry": { "type": "Point", "coordinates": [ 126.9205, 37.5905 ] } },
{ "type": "Feature", "properties": { "id": "412", "CONTENTS_NAME": "부부마카롱", "ADDR_OLD": "서울특별시 은평구 응암동 397-210", "ADDR_NEW": "서울특별시 은평구 응암로16길 18", "TEL_NO": "0507-1484-3427", "시설대분류": "접근성조사시설", "시설구분": "음식점", "편의시설 구분": null, "경사로지원상태": "고정경사로 설치", "자동문정보": "자동문 미설치", "경사로 설치 여부": "설치", "이동식 경사로 설치 여부": "미설치", "자동문 설치 여부": "미 설치", "점자표지판 설치 여부": "미설치", "점자 메뉴판 설치 여부": "미설치", "의사소통판 설치 여부": "미설치", "경사도": null, "영업시간": null, "버스번호": null, "버스정보": null, "평일운영시간": null, "토요일운영시간": null, "상세위치": null, "최적경로": null, "대표점변환여부": false, "원본Geometry유형": "Point" }, "geometry": { "type": "Point", "coordinates": [ 126.9194, 37.5914 ] } },
{ "type": "Feature", "properties": { "id": "20", "CONTENTS_NAME": "수피아공인중개사사무소", "ADDR_OLD": "서울특별시 은평구 응암동 402-74", "ADDR_NEW": "서울특별시 은평구 응암로22길 28-6", "TEL_NO": "", "시설대분류": "생활편의업소", "시설구분": null, "편의시설 구분": null, "경사로지원상태": "정보없음", "자동문정보": "정보없음", "경사로 설치 여부": null, "이동식 경사로 설치 여부": null, "자동문 설치 여부": null, "점자표지판 설치 여부": null, "점자 메뉴판 설치 여부": null, "의사소통판 설치 여부": null, "경사도": null, "영업시간": null, "버스번호": null, "버스정보": null, "평일운영시간": null, "토요일운영시간": null, "상세위치": null, "최적경로": null, "대표점변환여부": false, "원본Geometry유형": "Point" }, "geometry": { "type": "Point", "coordinates": [ 126.9211, 37.5933 ] } },
{ "type": "Feature", "properties": { "id": "436", "CONTENTS_NAME": "하이로또 복권방", "ADDR_OLD": "서울특별시 은평구 응암동 763", "ADDR_NEW": "서울특별시 은평구 응암로 282", "TEL_NO": "02-389-0436", "시설대분류": "접근성조사시설", "시설구분": "복권방", "편의시설 구분": null, "경사로지원상태": "고정경사로 설치", "자동문정보": "자동문 미설치", "경사로 설치 여부": "설치", "이동식 경사로 설치 여부": "미설치", "자동문 설치 여부": "미 설치", "점자표지판 설치 여부": "미설치", "점자 메뉴판 설치 여부": "미설치", "의사소통판 설치 여부": "미설치", "경사도": null, "영업시간": null, "버스번호": null, "버스정보": null, "평일운영시간": null, "토요일운영시간": null, "상세위치": null, "최적경로": null, "대표점변환여부": false, "원본Geometry유형": "Point" }, "geometry": { "type": "Point", "coordinates": [ 126.9198, 37.5967 ] } },
{ "type": "Feature", "properties": { "id": "604", "CONTENTS_NAME": "자금성", "ADDR_OLD": "서울특별시 은평구 응암동 107-5", "ADDR_NEW": "서울특별시 은평구 응암로 288", "TEL_NO": "0507-1436-9995", "시설대분류": "접근성조사시설", "시설구분": "음식점", "편의시설 구분": null, "경사로지원상태": "고정경사로 설치", "자동문정보": "자동문 미설치", "경사로 설치 여부": "설치", "이동식 경사로 설치 여부": "미설치", "자동문 설치 여부": "미 설치", "점자표지판 설치 여부": "미설치", "점자 메뉴판 설치 여부": "미설치", "의사소통판 설치 여부": "미설치", "경사도": null, "영업시간": null, "버스번호": null, "버스정보": null, "평일운영시간": null, "토요일운영시간": null, "상세위치": null, "최적경로": null, "대표점변환여부": false, "원본Geometry유형": "Point" }, "geometry": { "type": "Point", "coordinates": [ 126.9202, 37.5972 ] } },
{ "type": "Feature", "properties": { "id": "394", "CONTENTS_NAME": "디온", "ADDR_OLD": "서울특별시 은평구 응암동 116-27", "ADDR_NEW": "서울특별시 은평구 응암로 291", "TEL_NO": "0507-1320-4026", "시설대분류": "접근성조사시설", "시설구분": "의류판매", "편의시설 구분": null, "경사로지원상태": "고정경사로 설치", "자동문정보": "자동문 미설치", "경사로 설치 여부": "설치", "이동식 경사로 설치 여부": "미설치", "자동문 설치 여부": "미 설치", "점자표지판 설치 여부": "미설치", "점자 메뉴판 설치 여부": "미설치", "의사소통판 설치 여부": "미설치", "경사도": null, "영업시간": null, "버스번호": null, "버스정보": null, "평일운영시간": null, "토요일운영시간": null, "상세위치": null, "최적경로": null, "대표점변환여부": false, "원본Geometry유형": "Point" }, "geometry": { "type": "Point", "coordinates": [ 126.92, 37.5975 ] } },
{ "type": "Feature", "properties": { "id": "220", "CONTENTS_NAME": "초록빛", "ADDR_OLD": "서울특별시 은평구 응암동 116-27", "ADDR_NEW": "서울특별시 은평구 응암로 291", "TEL_NO": "%EC%A0%95%EB%B3%B4%EC%97%86%EC%9D%8C", "시설대분류": "접근성조사시설", "시설구분": "소매점", "편의시설 구분": null, "경사로지원상태": "고정경사로 설치", "자동문정보": "자동문 미설치", "경사로 설치 여부": "설치", "이동식 경사로 설치 여부": "미설치", "자동문 설치 여부": "미 설치", "점자표지판 설치 여부": "미설치", "점자 메뉴판 설치 여부": "미설치", "의사소통판 설치 여부": "미설치", "경사도": null, "영업시간": null, "버스번호": null, "버스정보": null, "평일운영시간": null, "토요일운영시간": null, "상세위치": null, "최적경로": null, "대표점변환여부": false, "원본Geometry유형": "Point" }, "geometry": { "type": "Point", "coordinates": [ 126.9201, 37.5976 ] } },
{ "type": "Feature", "properties": { "id": "558", "CONTENTS_NAME": "오거리공인중개사사무소", "ADDR_OLD": "서울특별시 은평구 응암동 576-53", "ADDR_NEW": "서울특별시 은평구 가좌로 222", "TEL_NO": "02-306-8959", "시설대분류": "생활편의업소", "시설구분": null, "편의시설 구분": null, "경사로지원상태": "정보없음", "자동문정보": "정보없음", "경사로 설치 여부": null, "이동식 경사로 설치 여부": null, "자동문 설치 여부": null, "점자표지판 설치 여부": null, "점자 메뉴판 설치 여부": null, "의사소통판 설치 여부": null, "경사도": null, "영업시간": "10:00 ~ 18:00", "버스번호": null, "버스정보": null, "평일운영시간": null, "토요일운영시간": null, "상세위치": null, "최적경로": null, "대표점변환여부": false, "원본Geometry유형": "Point" }, "geometry": { "type": "Point", "coordinates": [ 126.9177, 37.59 ] } },
{ "type": "Feature", "properties": { "id": "431", "CONTENTS_NAME": "조은 백화점 약국", "ADDR_OLD": "서울특별시 은평구 응암동 590-4", "ADDR_NEW": "서울특별시 은평구 응암로 201", "TEL_NO": "02-304-6100", "시설대분류": "접근성조사시설", "시설구분": "약국", "편의시설 구분": null, "경사로지원상태": "고정경사로 설치", "자동문정보": "자동문 미설치", "경사로 설치 여부": "설치", "이동식 경사로 설치 여부": "미설치", "자동문 설치 여부": "미 설치", "점자표지판 설치 여부": "미설치", "점자 메뉴판 설치 여부": "미설치", "의사소통판 설치 여부": "미설치", "경사도": null, "영업시간": null, "버스번호": null, "버스정보": null, "평일운영시간": null, "토요일운영시간": null, "상세위치": null, "최적경로": null, "대표점변환여부": false, "원본Geometry유형": "Point" }, "geometry": { "type": "Point", "coordinates": [ 126.917, 37.59 ] } },
{ "type": "Feature", "properties": { "id": "306", "CONTENTS_NAME": "우성공인중개사사무소", "ADDR_OLD": "서울특별시 은평구 응암동 323-5", "ADDR_NEW": "서울특별시 은평구 응암로14길 6", "TEL_NO": "02-303-4599", "시설대분류": "생활편의업소", "시설구분": null, "편의시설 구분": null, "경사로지원상태": "정보없음", "자동문정보": "정보없음", "경사로 설치 여부": null, "이동식 경사로 설치 여부": null, "자동문 설치 여부": null, "점자표지판 설치 여부": null, "점자 메뉴판 설치 여부": null, "의사소통판 설치 여부": null, "경사도": null, "영업시간": null, "버스번호": null, "버스정보": null, "평일운영시간": null, "토요일운영시간": null, "상세위치": null, "최적경로": null, "대표점변환여부": false, "원본Geometry유형": "Point" }, "geometry": { "type": "Point", "coordinates": [ 126.9179, 37.5901 ] } },
{ "type": "Feature", "properties": { "id": "371", "CONTENTS_NAME": "이디야커피 응암오거리점", "ADDR_OLD": "서울특별시 은평구 응암동 577-78", "ADDR_NEW": "서울특별시 은평구 응암로 211", "TEL_NO": "0507-1376-0552", "시설대분류": "접근성조사시설", "시설구분": "카페", "편의시설 구분": null, "경사로지원상태": "고정경사로 설치", "자동문정보": "자동문 미설치", "경사로 설치 여부": "설치", "이동식 경사로 설치 여부": "미설치", "자동문 설치 여부": "미 설치", "점자표지판 설치 여부": "미설치", "점자 메뉴판 설치 여부": "미설치", "의사소통판 설치 여부": "미설치", "경사도": null, "영업시간": null, "버스번호": null, "버스정보": null, "평일운영시간": null, "토요일운영시간": null, "상세위치": null, "최적경로": null, "대표점변환여부": false, "원본Geometry유형": "Point" }, "geometry": { "type": "Point", "coordinates": [ 126.9172, 37.5909 ] } },
{ "type": "Feature", "properties": { "id": "367", "CONTENTS_NAME": "믿음메디칼약국", "ADDR_OLD": "서울특별시 은평구 응암동 577-40", "ADDR_NEW": "서울특별시 은평구 응암로 213", "TEL_NO": "02-303-0544", "시설대분류": "접근성조사시설", "시설구분": "약국", "편의시설 구분": null, "경사로지원상태": "고정경사로 설치", "자동문정보": "자동문 설치", "경사로 설치 여부": "설치", "이동식 경사로 설치 여부": "미설치", "자동문 설치 여부": "설치", "점자표지판 설치 여부": "설치", "점자 메뉴판 설치 여부": "미설치", "의사소통판 설치 여부": "미설치", "경사도": null, "영업시간": null, "버스번호": null, "버스정보": null, "평일운영시간": null, "토요일운영시간": null, "상세위치": null, "최적경로": null, "대표점변환여부": false, "원본Geometry유형": "Point" }, "geometry": { "type": "Point", "coordinates": [ 126.9172, 37.591 ] } },
{ "type": "Feature", "properties": { "id": "410", "CONTENTS_NAME": "믿음메디컬약국", "ADDR_OLD": "서울특별시 은평구 응암동 577-40", "ADDR_NEW": "서울특별시 은평구 응암로 213", "TEL_NO": "02-303-0544", "시설대분류": "접근성조사시설", "시설구분": "약국", "편의시설 구분": null, "경사로지원상태": "고정경사로 설치", "자동문정보": "자동문 미설치", "경사로 설치 여부": "설치", "이동식 경사로 설치 여부": "미설치", "자동문 설치 여부": "미 설치", "점자표지판 설치 여부": "미설치", "점자 메뉴판 설치 여부": "미설치", "의사소통판 설치 여부": "미설치", "경사도": null, "영업시간": null, "버스번호": null, "버스정보": null, "평일운영시간": null, "토요일운영시간": null, "상세위치": null, "최적경로": null, "대표점변환여부": false, "원본Geometry유형": "Point" }, "geometry": { "type": "Point", "coordinates": [ 126.9172, 37.591 ] } },
{ "type": "Feature", "properties": { "id": "387", "CONTENTS_NAME": "가인헤어", "ADDR_OLD": "서울특별시 은평구 응암동 124-20", "ADDR_NEW": "서울특별시 은평구 응암로21길 8", "TEL_NO": "02-354-6393", "시설대분류": "접근성조사시설", "시설구분": "미용실", "편의시설 구분": null, "경사로지원상태": "고정경사로 설치", "자동문정보": "자동문 미설치", "경사로 설치 여부": "설치", "이동식 경사로 설치 여부": "미설치", "자동문 설치 여부": "미 설치", "점자표지판 설치 여부": "미설치", "점자 메뉴판 설치 여부": "미설치", "의사소통판 설치 여부": "미설치", "경사도": null, "영업시간": null, "버스번호": null, "버스정보": null, "평일운영시간": null, "토요일운영시간": null, "상세위치": null, "최적경로": null, "대표점변환여부": false, "원본Geometry유형": "Point" }, "geometry": { "type": "Point", "coordinates": [ 126.9172, 37.5941 ] } },
{ "type": "Feature", "properties": { "id": "605", "CONTENTS_NAME": "윤사부치킨", "ADDR_OLD": "서울특별시 은평구 응암동 124-20", "ADDR_NEW": "서울특별시 은평구 응암로21길 8", "TEL_NO": "0507-1361-7946", "시설대분류": "접근성조사시설", "시설구분": "음식점", "편의시설 구분": null, "경사로지원상태": "고정경사로 설치", "자동문정보": "자동문 미설치", "경사로 설치 여부": "설치", "이동식 경사로 설치 여부": "미설치", "자동문 설치 여부": "미 설치", "점자표지판 설치 여부": "미설치", "점자 메뉴판 설치 여부": "미설치", "의사소통판 설치 여부": "미설치", "경사도": null, "영업시간": null, "버스번호": null, "버스정보": null, "평일운영시간": null, "토요일운영시간": null, "상세위치": null, "최적경로": null, "대표점변환여부": false, "원본Geometry유형": "Point" }, "geometry": { "type": "Point", "coordinates": [ 126.9172, 37.5941 ] } },
{ "type": "Feature", "properties": { "id": "231", "CONTENTS_NAME": "가인헤어", "ADDR_OLD": "서울특별시 은평구 응암동 124-20", "ADDR_NEW": "서울특별시 은평구 응암로21길 8", "TEL_NO": "02-354-6393", "시설대분류": "접근성조사시설", "시설구분": "미용실", "편의시설 구분": null, "경사로지원상태": "고정경사로 설치", "자동문정보": "자동문 미설치", "경사로 설치 여부": "설치", "이동식 경사로 설치 여부": "미설치", "자동문 설치 여부": "미 설치", "점자표지판 설치 여부": "미설치", "점자 메뉴판 설치 여부": "미설치", "의사소통판 설치 여부": "미설치", "경사도": null, "영업시간": null, "버스번호": null, "버스정보": null, "평일운영시간": null, "토요일운영시간": null, "상세위치": null, "최적경로": null, "대표점변환여부": false, "원본Geometry유형": "Point" }, "geometry": { "type": "Point", "coordinates": [ 126.9171, 37.5941 ] } },
{ "type": "Feature", "properties": { "id": "51", "CONTENTS_NAME": "가인헤어", "ADDR_OLD": "서울특별시 은평구 응암동 124-20", "ADDR_NEW": "서울특별시 은평구 응암로21길 8", "TEL_NO": "02-354-6393", "시설대분류": "이미용지원시설", "시설구분": null, "편의시설 구분": null, "경사로지원상태": "고정경사로 설치", "자동문정보": "자동문 미설치", "경사로 설치 여부": "설치", "이동식 경사로 설치 여부": null, "자동문 설치 여부": "미 설치", "점자표지판 설치 여부": null, "점자 메뉴판 설치 여부": null, "의사소통판 설치 여부": null, "경사도": null, "영업시간": null, "버스번호": null, "버스정보": null, "평일운영시간": null, "토요일운영시간": null, "상세위치": null, "최적경로": null, "대표점변환여부": false, "원본Geometry유형": "Point" }, "geometry": { "type": "Point", "coordinates": [ 126.9172, 37.5942 ] } },
{ "type": "Feature", "properties": { "id": "273", "CONTENTS_NAME": "리더스공인중개사사무소", "ADDR_OLD": "서울특별시 은평구 신사동 336-4", "ADDR_NEW": "서울특별시 은평구 증산로 395-1", "TEL_NO": "02-306-2300", "시설대분류": "생활편의업소", "시설구분": null, "편의시설 구분": null, "경사로지원상태": "정보없음", "자동문정보": "정보없음", "경사로 설치 여부": null, "이동식 경사로 설치 여부": null, "자동문 설치 여부": null, "점자표지판 설치 여부": null, "점자 메뉴판 설치 여부": null, "의사소통판 설치 여부": null, "경사도": null, "영업시간": "10:00 ~ 18:00", "버스번호": null, "버스정보": null, "평일운영시간": null, "토요일운영시간": null, "상세위치": null, "최적경로": null, "대표점변환여부": false, "원본Geometry유형": "Point" }, "geometry": { "type": "Point", "coordinates": [ 126.9135, 37.5917 ] } },
{ "type": "Feature", "properties": { "id": "85", "CONTENTS_NAME": "새절역", "ADDR_OLD": "서울특별시 은평구 신사동 352-2", "ADDR_NEW": "서울특별시 은평구 증산로 400", "TEL_NO": "02-6311-6161", "시설대분류": "전동휠체어충전소", "시설구분": null, "편의시설 구분": null, "경사로지원상태": "정보없음", "자동문정보": "정보없음", "경사로 설치 여부": null, "이동식 경사로 설치 여부": null, "자동문 설치 여부": null, "점자표지판 설치 여부": null, "점자 메뉴판 설치 여부": null, "의사소통판 설치 여부": null, "경사도": null, "영업시간": null, "버스번호": null, "버스정보": null, "평일운영시간": "00시 ~ 24시", "토요일운영시간": "00시 ~ 24시", "상세위치": "지하1층 안내부스 옆", "최적경로": null, "대표점변환여부": false, "원본Geometry유형": "Point" }, "geometry": { "type": "Point", "coordinates": [ 126.9139, 37.5918 ] } },
{ "type": "Feature", "properties": { "id": "642", "CONTENTS_NAME": "마마수제만두", "ADDR_OLD": "서울특별시 은평구 신사동 336-3", "ADDR_NEW": "서울특별시 은평구 증산로 397", "TEL_NO": "02-375-1688", "시설대분류": "접근성조사시설", "시설구분": "식당", "편의시설 구분": null, "경사로지원상태": "고정경사로 설치", "자동문정보": "자동문 미설치", "경사로 설치 여부": "설치", "이동식 경사로 설치 여부": "미설치", "자동문 설치 여부": "미 설치", "점자표지판 설치 여부": "설치", "점자 메뉴판 설치 여부": "설치", "의사소통판 설치 여부": "미설치", "경사도": null, "영업시간": null, "버스번호": null, "버스정보": null, "평일운영시간": null, "토요일운영시간": null, "상세위치": null, "최적경로": null, "대표점변환여부": false, "원본Geometry유형": "Point" }, "geometry": { "type": "Point", "coordinates": [ 126.9135, 37.5918 ] } },
{ "type": "Feature", "properties": { "id": "554", "CONTENTS_NAME": "14.  새절역  4번출구", "ADDR_OLD": "서울특별시 은평구 신사동  352-1", "ADDR_NEW": "", "TEL_NO": "02-385-1351", "시설대분류": "셔틀버스정류장", "시설구분": null, "편의시설 구분": null, "경사로지원상태": "정보없음", "자동문정보": "정보없음", "경사로 설치 여부": null, "이동식 경사로 설치 여부": null, "자동문 설치 여부": null, "점자표지판 설치 여부": null, "점자 메뉴판 설치 여부": null, "의사소통판 설치 여부": null, "경사도": null, "영업시간": null, "버스번호": "12번", "버스정보": "전기 저상버스, 휠체어 탑승 가능, 토요일은 1회, 2회만 운영, 일요일 및 공휴일 미운영", "평일운영시간": null, "토요일운영시간": null, "상세위치": null, "최적경로": null, "대표점변환여부": false, "원본Geometry유형": "Point" }, "geometry": { "type": "Point", "coordinates": [ 126.9137, 37.592 ] } },
{ "type": "Feature", "properties": { "id": "83", "CONTENTS_NAME": "(사)서울시지체장애인협회 은평구지회", "ADDR_OLD": "서울특별시 은평구 신사동 36-39", "ADDR_NEW": "서울특별시 은평구 가좌로 276-9", "TEL_NO": "02-376-1703", "시설대분류": "전동휠체어충전소", "시설구분": null, "편의시설 구분": null, "경사로지원상태": "정보없음", "자동문정보": "정보없음", "경사로 설치 여부": null, "이동식 경사로 설치 여부": null, "자동문 설치 여부": null, "점자표지판 설치 여부": null, "점자 메뉴판 설치 여부": null, "의사소통판 설치 여부": null, "경사도": null, "영업시간": null, "버스번호": null, "버스정보": null, "평일운영시간": "09시 ~ 18시", "토요일운영시간": "00시 ~ 24시", "상세위치": "출입구 오른편", "최적경로": null, "대표점변환여부": false, "원본Geometry유형": "Point" }, "geometry": { "type": "Point", "coordinates": [ 126.9132, 37.5939 ] } },
{ "type": "Feature", "properties": { "id": "482", "CONTENTS_NAME": "연세공인중개사사무소", "ADDR_OLD": "서울특별시 은평구 신사동 24-7", "ADDR_NEW": "서울특별시 은평구 증산로 445", "TEL_NO": "305-5500", "시설대분류": "생활편의업소", "시설구분": null, "편의시설 구분": null, "경사로지원상태": "정보없음", "자동문정보": "정보없음", "경사로 설치 여부": null, "이동식 경사로 설치 여부": null, "자동문 설치 여부": null, "점자표지판 설치 여부": null, "점자 메뉴판 설치 여부": null, "의사소통판 설치 여부": null, "경사도": null, "영업시간": null, "버스번호": null, "버스정보": null, "평일운영시간": null, "토요일운영시간": null, "상세위치": null, "최적경로": null, "대표점변환여부": false, "원본Geometry유형": "Point" }, "geometry": { "type": "Point", "coordinates": [ 126.9146, 37.5959 ] } },
{ "type": "Feature", "properties": { "id": "484", "CONTENTS_NAME": "우리부동산공인중개사사무소", "ADDR_OLD": "서울특별시 은평구 신사동 32-30", "ADDR_NEW": "서울특별시 은평구 증산로21길 15", "TEL_NO": "307-5040", "시설대분류": "생활편의업소", "시설구분": null, "편의시설 구분": null, "경사로지원상태": "정보없음", "자동문정보": "정보없음", "경사로 설치 여부": null, "이동식 경사로 설치 여부": null, "자동문 설치 여부": null, "점자표지판 설치 여부": null, "점자 메뉴판 설치 여부": null, "의사소통판 설치 여부": null, "경사도": null, "영업시간": null, "버스번호": null, "버스정보": null, "평일운영시간": null, "토요일운영시간": null, "상세위치": null, "최적경로": null, "대표점변환여부": false, "원본Geometry유형": "Point" }, "geometry": { "type": "Point", "coordinates": [ 126.913, 37.596 ] } },
{ "type": "Feature", "properties": { "id": "487", "CONTENTS_NAME": "이희옥 공인중개사사무소", "ADDR_OLD": "서울특별시 은평구 신사동 24-15", "ADDR_NEW": "서울특별시 은평구 증산로23길 7-17", "TEL_NO": "306-8885", "시설대분류": "생활편의업소", "시설구분": null, "편의시설 구분": null, "경사로지원상태": "정보없음", "자동문정보": "정보없음", "경사로 설치 여부": null, "이동식 경사로 설치 여부": null, "자동문 설치 여부": null, "점자표지판 설치 여부": null, "점자 메뉴판 설치 여부": null, "의사소통판 설치 여부": null, "경사도": null, "영업시간": null, "버스번호": null, "버스정보": null, "평일운영시간": null, "토요일운영시간": null, "상세위치": null, "최적경로": null, "대표점변환여부": false, "원본Geometry유형": "Point" }, "geometry": { "type": "Point", "coordinates": [ 126.9142, 37.5967 ] } },
{ "type": "Feature", "properties": { "id": "495", "CONTENTS_NAME": "제일공인중개사사무소", "ADDR_OLD": "서울특별시 은평구 신사동 22-30", "ADDR_NEW": "서울특별시 은평구 증산로23길 14", "TEL_NO": "02-303-5809", "시설대분류": "생활편의업소", "시설구분": null, "편의시설 구분": null, "경사로지원상태": "정보없음", "자동문정보": "정보없음", "경사로 설치 여부": null, "이동식 경사로 설치 여부": null, "자동문 설치 여부": null, "점자표지판 설치 여부": null, "점자 메뉴판 설치 여부": null, "의사소통판 설치 여부": null, "경사도": null, "영업시간": null, "버스번호": null, "버스정보": null, "평일운영시간": null, "토요일운영시간": null, "상세위치": null, "최적경로": null, "대표점변환여부": false, "원본Geometry유형": "Point" }, "geometry": { "type": "Point", "coordinates": [ 126.9137, 37.5977 ] } },
{ "type": "Feature", "properties": { "id": "520", "CONTENTS_NAME": "예승공인중개사사무소", "ADDR_OLD": "서울특별시 은평구 응암동 113-2", "ADDR_NEW": "서울특별시 은평구 불광천길 548", "TEL_NO": "02-383-1183, 02-388-4989", "시설대분류": "생활편의업소", "시설구분": null, "편의시설 구분": null, "경사로지원상태": "정보없음", "자동문정보": "정보없음", "경사로 설치 여부": null, "이동식 경사로 설치 여부": null, "자동문 설치 여부": null, "점자표지판 설치 여부": null, "점자 메뉴판 설치 여부": null, "의사소통판 설치 여부": null, "경사도": null, "영업시간": null, "버스번호": null, "버스정보": null, "평일운영시간": null, "토요일운영시간": null, "상세위치": null, "최적경로": null, "대표점변환여부": false, "원본Geometry유형": "Point" }, "geometry": { "type": "Point", "coordinates": [ 126.9166, 37.5983 ] } },
{ "type": "Feature", "properties": { "id": "64", "CONTENTS_NAME": "구립응암노인복지관", "ADDR_OLD": "서울특별시 은평구 응암동 126-46", "ADDR_NEW": "서울특별시 은평구 응암로21가길 5-1", "TEL_NO": "02-355-2997", "시설대분류": "접근성조사시설", "시설구분": "어르신 복지시설", "편의시설 구분": null, "경사로지원상태": "정보없음", "자동문정보": "정보없음", "경사로 설치 여부": null, "이동식 경사로 설치 여부": null, "자동문 설치 여부": null, "점자표지판 설치 여부": null, "점자 메뉴판 설치 여부": null, "의사소통판 설치 여부": null, "경사도": null, "영업시간": null, "버스번호": null, "버스정보": null, "평일운영시간": null, "토요일운영시간": null, "상세위치": null, "최적경로": "응암역 4번 출구에서 도보 10분", "대표점변환여부": false, "원본Geometry유형": "Point" }, "geometry": { "type": "Point", "coordinates": [ 126.9168, 37.5946 ] } },
{ "type": "Feature", "properties": { "id": "285", "CONTENTS_NAME": "신성부동산공인중개사사무소", "ADDR_OLD": "서울특별시 은평구 응암동 117-35", "ADDR_NEW": "서울특별시 은평구 응암로 271", "TEL_NO": "02-356-2202", "시설대분류": "생활편의업소", "시설구분": null, "편의시설 구분": null, "경사로지원상태": "정보없음", "자동문정보": "정보없음", "경사로 설치 여부": null, "이동식 경사로 설치 여부": null, "자동문 설치 여부": null, "점자표지판 설치 여부": null, "점자 메뉴판 설치 여부": null, "의사소통판 설치 여부": null, "경사도": null, "영업시간": "9:30 ~ 18:30", "버스번호": null, "버스정보": null, "평일운영시간": null, "토요일운영시간": null, "상세위치": null, "최적경로": null, "대표점변환여부": false, "원본Geometry유형": "Point" }, "geometry": { "type": "Point", "coordinates": [ 126.919, 37.5962 ] } },
{ "type": "Feature", "properties": { "id": "453", "CONTENTS_NAME": "삼성공인중개사사무소", "ADDR_OLD": "서울특별시 은평구 응암동 118-9", "ADDR_NEW": "서울특별시 은평구 은평로8길 46", "TEL_NO": "02-308-7800", "시설대분류": "생활편의업소", "시설구분": null, "편의시설 구분": null, "경사로지원상태": "정보없음", "자동문정보": "정보없음", "경사로 설치 여부": null, "이동식 경사로 설치 여부": null, "자동문 설치 여부": null, "점자표지판 설치 여부": null, "점자 메뉴판 설치 여부": null, "의사소통판 설치 여부": null, "경사도": null, "영업시간": "10:00 ~ 18:00", "버스번호": null, "버스정보": null, "평일운영시간": null, "토요일운영시간": null, "상세위치": null, "최적경로": null, "대표점변환여부": false, "원본Geometry유형": "Point" }, "geometry": { "type": "Point", "coordinates": [ 126.9184, 37.5967 ] } },
{ "type": "Feature", "properties": { "id": "218", "CONTENTS_NAME": "역전우동", "ADDR_OLD": "서울특별시 은평구 응암동 111-48", "ADDR_NEW": "서울특별시 은평구 은평로 96", "TEL_NO": "02-357-3571", "시설대분류": "접근성조사시설", "시설구분": "음식점", "편의시설 구분": null, "경사로지원상태": "고정경사로 설치", "자동문정보": "자동문 미설치", "경사로 설치 여부": "설치", "이동식 경사로 설치 여부": "미설치", "자동문 설치 여부": "미 설치", "점자표지판 설치 여부": "미설치", "점자 메뉴판 설치 여부": "미설치", "의사소통판 설치 여부": "미설치", "경사도": null, "영업시간": null, "버스번호": null, "버스정보": null, "평일운영시간": null, "토요일운영시간": null, "상세위치": null, "최적경로": null, "대표점변환여부": false, "원본Geometry유형": "Point" }, "geometry": { "type": "Point", "coordinates": [ 126.9185, 37.5994 ] } },
{ "type": "Feature", "properties": { "id": "452", "CONTENTS_NAME": "수정공인중개사사무소", "ADDR_OLD": "서울특별시 은평구 응암동 111-40", "ADDR_NEW": "서울특별시 은평구 은평로 92", "TEL_NO": "02-359-8888", "시설대분류": "생활편의업소", "시설구분": null, "편의시설 구분": null, "경사로지원상태": "정보없음", "자동문정보": "정보없음", "경사로 설치 여부": null, "이동식 경사로 설치 여부": null, "자동문 설치 여부": null, "점자표지판 설치 여부": null, "점자 메뉴판 설치 여부": null, "의사소통판 설치 여부": null, "경사도": null, "영업시간": "10:00 ~ 18:00", "버스번호": null, "버스정보": null, "평일운영시간": null, "토요일운영시간": null, "상세위치": null, "최적경로": null, "대표점변환여부": false, "원본Geometry유형": "Point" }, "geometry": { "type": "Point", "coordinates": [ 126.918, 37.5994 ] } },
{ "type": "Feature", "properties": { "id": "389", "CONTENTS_NAME": "김영혜손뜨개", "ADDR_OLD": "서울특별시 은평구 응암동 91-8", "ADDR_NEW": "서울특별시 은평구 은평로 85", "TEL_NO": "0507-1353-1710", "시설대분류": "접근성조사시설", "시설구분": "잡화점", "편의시설 구분": null, "경사로지원상태": "고정경사로 설치", "자동문정보": "자동문 미설치", "경사로 설치 여부": "설치", "이동식 경사로 설치 여부": "미설치", "자동문 설치 여부": "미 설치", "점자표지판 설치 여부": "미설치", "점자 메뉴판 설치 여부": "미설치", "의사소통판 설치 여부": "미설치", "경사도": null, "영업시간": null, "버스번호": null, "버스정보": null, "평일운영시간": null, "토요일운영시간": null, "상세위치": null, "최적경로": null, "대표점변환여부": false, "원본Geometry유형": "Point" }, "geometry": { "type": "Point", "coordinates": [ 126.9172, 37.5995 ] } },
{ "type": "Feature", "properties": { "id": "269", "CONTENTS_NAME": "대성공인중개사사무소", "ADDR_OLD": "서울특별시 은평구 응암동 91-8", "ADDR_NEW": "서울특별시 은평구 은평로 85", "TEL_NO": "02-357-8900", "시설대분류": "생활편의업소", "시설구분": null, "편의시설 구분": null, "경사로지원상태": "정보없음", "자동문정보": "정보없음", "경사로 설치 여부": null, "이동식 경사로 설치 여부": null, "자동문 설치 여부": null, "점자표지판 설치 여부": null, "점자 메뉴판 설치 여부": null, "의사소통판 설치 여부": null, "경사도": null, "영업시간": "10:00 ~ 19:00", "버스번호": null, "버스정보": null, "평일운영시간": null, "토요일운영시간": null, "상세위치": null, "최적경로": null, "대표점변환여부": false, "원본Geometry유형": "Point" }, "geometry": { "type": "Point", "coordinates": [ 126.9174, 37.5996 ] } },
{ "type": "Feature", "properties": { "id": "587", "CONTENTS_NAME": "이삭부동산", "ADDR_OLD": "서울특별시 은평구 응암동 91-5", "ADDR_NEW": "서울특별시 은평구 은평로 93", "TEL_NO": "02-355-5040", "시설대분류": "접근성조사시설", "시설구분": "부동산", "편의시설 구분": null, "경사로지원상태": "고정경사로 설치", "자동문정보": "자동문 미설치", "경사로 설치 여부": "설치", "이동식 경사로 설치 여부": "미설치", "자동문 설치 여부": "미 설치", "점자표지판 설치 여부": "미설치", "점자 메뉴판 설치 여부": "미설치", "의사소통판 설치 여부": "미설치", "경사도": null, "영업시간": null, "버스번호": null, "버스정보": null, "평일운영시간": null, "토요일운영시간": null, "상세위치": null, "최적경로": null, "대표점변환여부": false, "원본Geometry유형": "Point" }, "geometry": { "type": "Point", "coordinates": [ 126.9181, 37.5997 ] } },
{ "type": "Feature", "properties": { "id": "648", "CONTENTS_NAME": "PHO358쌀국수", "ADDR_OLD": "서울특별시 은평구 응암동 91-7", "ADDR_NEW": "서울특별시 은평구 은평로 91", "TEL_NO": "02-386-4042", "시설대분류": "접근성조사시설", "시설구분": "식당", "편의시설 구분": null, "경사로지원상태": "고정경사로 설치", "자동문정보": "자동문 미설치", "경사로 설치 여부": "설치", "이동식 경사로 설치 여부": "미설치", "자동문 설치 여부": "미 설치", "점자표지판 설치 여부": "미설치", "점자 메뉴판 설치 여부": "미설치", "의사소통판 설치 여부": "미설치", "경사도": null, "영업시간": null, "버스번호": null, "버스정보": null, "평일운영시간": null, "토요일운영시간": null, "상세위치": null, "최적경로": null, "대표점변환여부": false, "원본Geometry유형": "Point" }, "geometry": { "type": "Point", "coordinates": [ 126.9178, 37.5998 ] } },
{ "type": "Feature", "properties": { "id": "241", "CONTENTS_NAME": "참사랑공인중개사사무소", "ADDR_OLD": "서울특별시 은평구 역촌동 44-13", "ADDR_NEW": "서울특별시 은평구 진흥로 13-3", "TEL_NO": "384-4001", "시설대분류": "생활편의업소", "시설구분": null, "편의시설 구분": null, "경사로지원상태": "정보없음", "자동문정보": "정보없음", "경사로 설치 여부": null, "이동식 경사로 설치 여부": null, "자동문 설치 여부": null, "점자표지판 설치 여부": null, "점자 메뉴판 설치 여부": null, "의사소통판 설치 여부": null, "경사도": null, "영업시간": null, "버스번호": null, "버스정보": null, "평일운영시간": null, "토요일운영시간": null, "상세위치": null, "최적경로": null, "대표점변환여부": false, "원본Geometry유형": "Point" }, "geometry": { "type": "Point", "coordinates": [ 126.9169, 37.6002 ] } },
{ "type": "Feature", "properties": { "id": "219", "CONTENTS_NAME": "임가네갈비탕", "ADDR_OLD": "서울특별시 은평구 응암동 116-25", "ADDR_NEW": "서울특별시 은평구 응암로 291-1", "TEL_NO": "0507-1424-1443", "시설대분류": "접근성조사시설", "시설구분": "음식점", "편의시설 구분": null, "경사로지원상태": "고정경사로 설치", "자동문정보": "자동문 미설치", "경사로 설치 여부": "설치", "이동식 경사로 설치 여부": "미설치", "자동문 설치 여부": "미 설치", "점자표지판 설치 여부": "미설치", "점자 메뉴판 설치 여부": "미설치", "의사소통판 설치 여부": "미설치", "경사도": null, "영업시간": null, "버스번호": null, "버스정보": null, "평일운영시간": null, "토요일운영시간": null, "상세위치": null, "최적경로": null, "대표점변환여부": false, "원본Geometry유형": "Point" }, "geometry": { "type": "Point", "coordinates": [ 126.9201, 37.5977 ] } },
{ "type": "Feature", "properties": { "id": "512", "CONTENTS_NAME": "예지부동산공인중개사사무소", "ADDR_OLD": "서울특별시 은평구 응암동 104-47", "ADDR_NEW": "서울특별시 은평구 응암로34길 10-4", "TEL_NO": "383-2399", "시설대분류": "생활편의업소", "시설구분": null, "편의시설 구분": null, "경사로지원상태": "정보없음", "자동문정보": "정보없음", "경사로 설치 여부": null, "이동식 경사로 설치 여부": null, "자동문 설치 여부": null, "점자표지판 설치 여부": null, "점자 메뉴판 설치 여부": null, "의사소통판 설치 여부": null, "경사도": null, "영업시간": null, "버스번호": null, "버스정보": null, "평일운영시간": null, "토요일운영시간": null, "상세위치": null, "최적경로": null, "대표점변환여부": false, "원본Geometry유형": "Point" }, "geometry": { "type": "Point", "coordinates": [ 126.9217, 37.598 ] } },
{ "type": "Feature", "properties": { "id": "274", "CONTENTS_NAME": "행복한공인중개사사무소", "ADDR_OLD": "서울특별시 은평구 응암동 115-27", "ADDR_NEW": "서울특별시 은평구 은평로8길 20", "TEL_NO": "02-384-8899", "시설대분류": "생활편의업소", "시설구분": null, "편의시설 구분": null, "경사로지원상태": "정보없음", "자동문정보": "정보없음", "경사로 설치 여부": null, "이동식 경사로 설치 여부": null, "자동문 설치 여부": null, "점자표지판 설치 여부": null, "점자 메뉴판 설치 여부": null, "의사소통판 설치 여부": null, "경사도": null, "영업시간": "10:00 ~ 19:00", "버스번호": null, "버스정보": null, "평일운영시간": null, "토요일운영시간": null, "상세위치": null, "최적경로": null, "대표점변환여부": false, "원본Geometry유형": "Point" }, "geometry": { "type": "Point", "coordinates": [ 126.9199, 37.5987 ] } },
{ "type": "Feature", "properties": { "id": "640", "CONTENTS_NAME": "금호부동산", "ADDR_OLD": "서울특별시 은평구 응암동  739", "ADDR_NEW": "서울특별시 은평구 응암로 318, 101동 (응암동, 응암동금호아파트)", "TEL_NO": "02-387-7755", "시설대분류": "접근성조사시설", "시설구분": "부동산", "편의시설 구분": null, "경사로지원상태": "고정경사로 설치", "자동문정보": "자동문 미설치", "경사로 설치 여부": "설치", "이동식 경사로 설치 여부": "미설치", "자동문 설치 여부": "미 설치", "점자표지판 설치 여부": "미설치", "점자 메뉴판 설치 여부": "미설치", "의사소통판 설치 여부": "미설치", "경사도": null, "영업시간": null, "버스번호": null, "버스정보": null, "평일운영시간": null, "토요일운영시간": null, "상세위치": null, "최적경로": null, "대표점변환여부": false, "원본Geometry유형": "Point" }, "geometry": { "type": "Point", "coordinates": [ 126.9218, 37.5992 ] } },
{ "type": "Feature", "properties": { "id": "579", "CONTENTS_NAME": "알레르망", "ADDR_OLD": "서울특별시 은평구 응암동 109-3", "ADDR_NEW": "서울특별시 은평구 응암로 319", "TEL_NO": "02-353-7140", "시설대분류": "접근성조사시설", "시설구분": "소매점", "편의시설 구분": null, "경사로지원상태": "고정경사로 설치", "자동문정보": "자동문 미설치", "경사로 설치 여부": "설치", "이동식 경사로 설치 여부": "미설치", "자동문 설치 여부": "미 설치", "점자표지판 설치 여부": "미설치", "점자 메뉴판 설치 여부": "미설치", "의사소통판 설치 여부": "미설치", "경사도": null, "영업시간": null, "버스번호": null, "버스정보": null, "평일운영시간": null, "토요일운영시간": null, "상세위치": null, "최적경로": null, "대표점변환여부": false, "원본Geometry유형": "Point" }, "geometry": { "type": "Point", "coordinates": [ 126.9214, 37.5996 ] } },
{ "type": "Feature", "properties": { "id": "580", "CONTENTS_NAME": "골드샤인", "ADDR_OLD": "서울특별시 은평구 응암동 110-1", "ADDR_NEW": "서울특별시 은평구 은평로 116", "TEL_NO": "02-355-1429", "시설대분류": "접근성조사시설", "시설구분": "소매점", "편의시설 구분": null, "경사로지원상태": "고정경사로 설치", "자동문정보": "자동문 미설치", "경사로 설치 여부": "설치", "이동식 경사로 설치 여부": "미설치", "자동문 설치 여부": "미 설치", "점자표지판 설치 여부": "미설치", "점자 메뉴판 설치 여부": "미설치", "의사소통판 설치 여부": "미설치", "경사도": null, "영업시간": null, "버스번호": null, "버스정보": null, "평일운영시간": null, "토요일운영시간": null, "상세위치": null, "최적경로": null, "대표점변환여부": false, "원본Geometry유형": "Point" }, "geometry": { "type": "Point", "coordinates": [ 126.9207, 37.5999 ] } },
{ "type": "Feature", "properties": { "id": "647", "CONTENTS_NAME": "아네스트공인중개사", "ADDR_OLD": "서울특별시 은평구 응암동 88-8", "ADDR_NEW": "서울특별시 은평구 은평로 123", "TEL_NO": "02-353-5040", "시설대분류": "접근성조사시설", "시설구분": "부동산", "편의시설 구분": null, "경사로지원상태": "고정경사로 설치", "자동문정보": "자동문 설치", "경사로 설치 여부": "설치", "이동식 경사로 설치 여부": "미설치", "자동문 설치 여부": "설치", "점자표지판 설치 여부": "미설치", "점자 메뉴판 설치 여부": "미설치", "의사소통판 설치 여부": "미설치", "경사도": null, "영업시간": null, "버스번호": null, "버스정보": null, "평일운영시간": null, "토요일운영시간": null, "상세위치": null, "최적경로": null, "대표점변환여부": false, "원본Geometry유형": "Point" }, "geometry": { "type": "Point", "coordinates": [ 126.9215, 37.6005 ] } },
{ "type": "Feature", "properties": { "id": "310", "CONTENTS_NAME": "거장공인중개사사무소", "ADDR_OLD": "서울특별시 은평구 역촌동 42-8", "ADDR_NEW": "서울특별시 은평구 진흥로 35", "TEL_NO": "02-355-4849", "시설대분류": "생활편의업소", "시설구분": null, "편의시설 구분": null, "경사로지원상태": "정보없음", "자동문정보": "정보없음", "경사로 설치 여부": null, "이동식 경사로 설치 여부": null, "자동문 설치 여부": null, "점자표지판 설치 여부": null, "점자 메뉴판 설치 여부": null, "의사소통판 설치 여부": null, "경사도": null, "영업시간": null, "버스번호": null, "버스정보": null, "평일운영시간": null, "토요일운영시간": null, "상세위치": null, "최적경로": null, "대표점변환여부": false, "원본Geometry유형": "Point" }, "geometry": { "type": "Point", "coordinates": [ 126.9193, 37.6008 ] } },
{ "type": "Feature", "properties": { "id": "600", "CONTENTS_NAME": "카페모임", "ADDR_OLD": "서울특별시 은평구 녹번동 176-17", "ADDR_NEW": "서울특별시 은평구 은평로9길 16", "TEL_NO": "02-386-1155", "시설대분류": "접근성조사시설", "시설구분": "카페", "편의시설 구분": null, "경사로지원상태": "고정경사로 설치", "자동문정보": "자동문 미설치", "경사로 설치 여부": "설치", "이동식 경사로 설치 여부": "미설치", "자동문 설치 여부": "미 설치", "점자표지판 설치 여부": "미설치", "점자 메뉴판 설치 여부": "미설치", "의사소통판 설치 여부": "미설치", "경사도": null, "영업시간": null, "버스번호": null, "버스정보": null, "평일운영시간": null, "토요일운영시간": null, "상세위치": null, "최적경로": null, "대표점변환여부": false, "원본Geometry유형": "Point" }, "geometry": { "type": "Point", "coordinates": [ 126.9217, 37.6017 ] } },
{ "type": "Feature", "properties": { "id": "456", "CONTENTS_NAME": "열린공인중개사사무소", "ADDR_OLD": "서울특별시 은평구 역촌동 41-52", "ADDR_NEW": "서울특별시 은평구 진흥로 51", "TEL_NO": "02-355-6776", "시설대분류": "생활편의업소", "시설구분": null, "편의시설 구분": null, "경사로지원상태": "정보없음", "자동문정보": "정보없음", "경사로 설치 여부": null, "이동식 경사로 설치 여부": null, "자동문 설치 여부": null, "점자표지판 설치 여부": null, "점자 메뉴판 설치 여부": null, "의사소통판 설치 여부": null, "경사도": null, "영업시간": "10:00 ~ 19:00", "버스번호": null, "버스정보": null, "평일운영시간": null, "토요일운영시간": null, "상세위치": null, "최적경로": null, "대표점변환여부": false, "원본Geometry유형": "Point" }, "geometry": { "type": "Point", "coordinates": [ 126.9203, 37.6018 ] } },
{ "type": "Feature", "properties": { "id": "80", "CONTENTS_NAME": "응암역", "ADDR_OLD": "서울특별시 은평구 신사동 22-15", "ADDR_NEW": "서울특별시 은평구 증산로 477", "TEL_NO": "02-6311-6101", "시설대분류": "전동휠체어충전소", "시설구분": null, "편의시설 구분": null, "경사로지원상태": "정보없음", "자동문정보": "정보없음", "경사로 설치 여부": null, "이동식 경사로 설치 여부": null, "자동문 설치 여부": null, "점자표지판 설치 여부": null, "점자 메뉴판 설치 여부": null, "의사소통판 설치 여부": null, "경사도": null, "영업시간": null, "버스번호": null, "버스정보": null, "평일운영시간": "00시 ~ 24시", "토요일운영시간": "00시 ~ 24시", "상세위치": "B1층 엘리베이터(1호기) 우측 전실 앞", "최적경로": null, "대표점변환여부": false, "원본Geometry유형": "Point" }, "geometry": { "type": "Point", "coordinates": [ 126.9155, 37.5988 ] } },
{ "type": "Feature", "properties": { "id": "26", "CONTENTS_NAME": "참부동산공인중개사사무소", "ADDR_OLD": "서울특별시 은평구 역촌동 85-46", "ADDR_NEW": "서울특별시 은평구 은평로3길 4", "TEL_NO": "389-4005", "시설대분류": "생활편의업소", "시설구분": null, "편의시설 구분": null, "경사로지원상태": "정보없음", "자동문정보": "정보없음", "경사로 설치 여부": null, "이동식 경사로 설치 여부": null, "자동문 설치 여부": null, "점자표지판 설치 여부": null, "점자 메뉴판 설치 여부": null, "의사소통판 설치 여부": null, "경사도": null, "영업시간": null, "버스번호": null, "버스정보": null, "평일운영시간": null, "토요일운영시간": null, "상세위치": null, "최적경로": null, "대표점변환여부": false, "원본Geometry유형": "Point" }, "geometry": { "type": "Point", "coordinates": [ 126.9149, 37.5992 ] } },
{ "type": "Feature", "properties": { "id": "549", "CONTENTS_NAME": "23.  응암역  3번출구", "ADDR_OLD": "서울특별시 은평구 역촌동  43-13", "ADDR_NEW": "", "TEL_NO": "02-385-1351", "시설대분류": "셔틀버스정류장", "시설구분": null, "편의시설 구분": null, "경사로지원상태": "정보없음", "자동문정보": "정보없음", "경사로 설치 여부": null, "이동식 경사로 설치 여부": null, "자동문 설치 여부": null, "점자표지판 설치 여부": null, "점자 메뉴판 설치 여부": null, "의사소통판 설치 여부": null, "경사도": null, "영업시간": null, "버스번호": "12번", "버스정보": "전기 저상버스, 휠체어 탑승 가능, 토요일은 1회, 2회만 운영, 일요일 및 공휴일 미운영", "평일운영시간": null, "토요일운영시간": null, "상세위치": null, "최적경로": null, "대표점변환여부": false, "원본Geometry유형": "Point" }, "geometry": { "type": "Point", "coordinates": [ 126.9159, 37.5995 ] } },
{ "type": "Feature", "properties": { "id": "234", "CONTENTS_NAME": "축복의통로주간보호시설", "ADDR_OLD": "서울특별시 은평구 역촌동 85-38", "ADDR_NEW": "서울특별시 은평구 은평로3길 10", "TEL_NO": "02-2640-3209", "시설대분류": "접근성조사시설", "시설구분": "재활시설(주간보호시설)", "편의시설 구분": null, "경사로지원상태": "정보없음", "자동문정보": "정보없음", "경사로 설치 여부": null, "이동식 경사로 설치 여부": null, "자동문 설치 여부": null, "점자표지판 설치 여부": null, "점자 메뉴판 설치 여부": null, "의사소통판 설치 여부": null, "경사도": null, "영업시간": null, "버스번호": null, "버스정보": null, "평일운영시간": null, "토요일운영시간": null, "상세위치": null, "최적경로": null, "대표점변환여부": false, "원본Geometry유형": "Point" }, "geometry": { "type": "Point", "coordinates": [ 126.9152, 37.5997 ] } },
{ "type": "Feature", "properties": { "id": "337", "CONTENTS_NAME": "17. 응암역 2번출구 ", "ADDR_OLD": "서울특별시 은평구 역촌동  85-42", "ADDR_NEW": "", "TEL_NO": "02-385-1351", "시설대분류": "셔틀버스정류장", "시설구분": null, "편의시설 구분": null, "경사로지원상태": "정보없음", "자동문정보": "정보없음", "경사로 설치 여부": null, "이동식 경사로 설치 여부": null, "자동문 설치 여부": null, "점자표지판 설치 여부": null, "점자 메뉴판 설치 여부": null, "의사소통판 설치 여부": null, "경사도": null, "영업시간": null, "버스번호": "12-1번", "버스정보": "전기 저상버스, 휠체어 탑승 가능, 토요일은 1회, 2회만 운영, 일요일 및 공휴일 미운영", "평일운영시간": null, "토요일운영시간": null, "상세위치": null, "최적경로": null, "대표점변환여부": false, "원본Geometry유형": "Point" }, "geometry": { "type": "Point", "coordinates": [ 126.9157, 37.5998 ] } },
{ "type": "Feature", "properties": { "id": "443", "CONTENTS_NAME": "큰솔약국", "ADDR_OLD": "서울특별시 은평구 역촌동 44-29", "ADDR_NEW": "서울특별시 은평구 연서로 12", "TEL_NO": "02-383-8869", "시설대분류": "접근성조사시설", "시설구분": "약국", "편의시설 구분": null, "경사로지원상태": "경사로 미설치", "자동문정보": "자동문 설치", "경사로 설치 여부": "미 설치", "이동식 경사로 설치 여부": "미설치", "자동문 설치 여부": "설치", "점자표지판 설치 여부": "미설치", "점자 메뉴판 설치 여부": "미설치", "의사소통판 설치 여부": "미설치", "경사도": null, "영업시간": null, "버스번호": null, "버스정보": null, "평일운영시간": null, "토요일운영시간": null, "상세위치": null, "최적경로": null, "대표점변환여부": false, "원본Geometry유형": "Point" }, "geometry": { "type": "Point", "coordinates": [ 126.9164, 37.6001 ] } },
{ "type": "Feature", "properties": { "id": "591", "CONTENTS_NAME": "씨스페이스", "ADDR_OLD": "서울특별시 은평구 역촌동 85-12", "ADDR_NEW": "서울특별시 은평구 연서로 9", "TEL_NO": "%EC%A0%95%EB%B3%B4%EC%97%86%EC%9D%8C", "시설대분류": "접근성조사시설", "시설구분": "편의점", "편의시설 구분": null, "경사로지원상태": "고정경사로 설치", "자동문정보": "자동문 미설치", "경사로 설치 여부": "설치", "이동식 경사로 설치 여부": "미설치", "자동문 설치 여부": "미 설치", "점자표지판 설치 여부": "미설치", "점자 메뉴판 설치 여부": "미설치", "의사소통판 설치 여부": "미설치", "경사도": null, "영업시간": null, "버스번호": null, "버스정보": null, "평일운영시간": null, "토요일운영시간": null, "상세위치": null, "최적경로": null, "대표점변환여부": false, "원본Geometry유형": "Point" }, "geometry": { "type": "Point", "coordinates": [ 126.9158, 37.6003 ] } },
{ "type": "Feature", "properties": { "id": "610", "CONTENTS_NAME": "미에르헤어", "ADDR_OLD": "서울특별시 은평구 역촌동 85-12", "ADDR_NEW": "서울특별시 은평구 연서로 9", "TEL_NO": "02-357-5777", "시설대분류": "접근성조사시설", "시설구분": "미용실", "편의시설 구분": null, "경사로지원상태": "고정경사로 설치", "자동문정보": "자동문 미설치", "경사로 설치 여부": "설치", "이동식 경사로 설치 여부": "미설치", "자동문 설치 여부": "미 설치", "점자표지판 설치 여부": "미설치", "점자 메뉴판 설치 여부": "미설치", "의사소통판 설치 여부": "미설치", "경사도": null, "영업시간": null, "버스번호": null, "버스정보": null, "평일운영시간": null, "토요일운영시간": null, "상세위치": null, "최적경로": null, "대표점변환여부": false, "원본Geometry유형": "Point" }, "geometry": { "type": "Point", "coordinates": [ 126.9158, 37.6003 ] } },
{ "type": "Feature", "properties": { "id": "393", "CONTENTS_NAME": "도미노피자은평점", "ADDR_OLD": "서울특별시 은평구 역촌동 83-1", "ADDR_NEW": "서울특별시 은평구 연서로 35", "TEL_NO": "02-359-3082", "시설대분류": "접근성조사시설", "시설구분": "음식점", "편의시설 구분": null, "경사로지원상태": "고정경사로 설치", "자동문정보": "자동문 미설치", "경사로 설치 여부": "설치", "이동식 경사로 설치 여부": "미설치", "자동문 설치 여부": "미 설치", "점자표지판 설치 여부": "미설치", "점자 메뉴판 설치 여부": "미설치", "의사소통판 설치 여부": "미설치", "경사도": null, "영업시간": null, "버스번호": null, "버스정보": null, "평일운영시간": null, "토요일운영시간": null, "상세위치": null, "최적경로": null, "대표점변환여부": false, "원본Geometry유형": "Point" }, "geometry": { "type": "Point", "coordinates": [ 126.9156, 37.6023 ] } },
{ "type": "Feature", "properties": { "id": "607", "CONTENTS_NAME": "역촌부동산", "ADDR_OLD": "서울특별시 은평구 역촌동 63-33", "ADDR_NEW": "서울특별시 은평구 연서로3길 6", "TEL_NO": "0507-1417-3700", "시설대분류": "접근성조사시설", "시설구분": "부동산", "편의시설 구분": null, "경사로지원상태": "이동식경사로 설치", "자동문정보": "자동문 미설치", "경사로 설치 여부": "미 설치", "이동식 경사로 설치 여부": "설치", "자동문 설치 여부": "미 설치", "점자표지판 설치 여부": "미설치", "점자 메뉴판 설치 여부": "미설치", "의사소통판 설치 여부": "미설치", "경사도": null, "영업시간": null, "버스번호": null, "버스정보": null, "평일운영시간": null, "토요일운영시간": null, "상세위치": null, "최적경로": null, "대표점변환여부": false, "원본Geometry유형": "Point" }, "geometry": { "type": "Point", "coordinates": [ 126.9152, 37.6025 ] } },
{ "type": "Feature", "properties": { "id": "523", "CONTENTS_NAME": "하늘애부동산중개사사무소", "ADDR_OLD": "서울특별시 은평구 역촌동 43-4", "ADDR_NEW": "서울특별시 은평구 진흥로 27", "TEL_NO": "02-388-9944", "시설대분류": "생활편의업소", "시설구분": null, "편의시설 구분": null, "경사로지원상태": "정보없음", "자동문정보": "정보없음", "경사로 설치 여부": null, "이동식 경사로 설치 여부": null, "자동문 설치 여부": null, "점자표지판 설치 여부": null, "점자 메뉴판 설치 여부": null, "의사소통판 설치 여부": null, "경사도": null, "영업시간": null, "버스번호": null, "버스정보": null, "평일운영시간": null, "토요일운영시간": null, "상세위치": null, "최적경로": null, "대표점변환여부": false, "원본Geometry유형": "Point" }, "geometry": { "type": "Point", "coordinates": [ 126.9184, 37.6005 ] } },
{ "type": "Feature", "properties": { "id": "428", "CONTENTS_NAME": "인간미 헤어", "ADDR_OLD": "서울특별시 은평구 역촌동 42-13", "ADDR_NEW": "서울특별시 은평구 진흥로1길 4", "TEL_NO": "0507-1337-7070", "시설대분류": "접근성조사시설", "시설구분": "미용실", "편의시설 구분": null, "경사로지원상태": "고정경사로 설치", "자동문정보": "자동문 미설치", "경사로 설치 여부": "설치", "이동식 경사로 설치 여부": "미설치", "자동문 설치 여부": "미 설치", "점자표지판 설치 여부": "미설치", "점자 메뉴판 설치 여부": "미설치", "의사소통판 설치 여부": "미설치", "경사도": null, "영업시간": null, "버스번호": null, "버스정보": null, "평일운영시간": null, "토요일운영시간": null, "상세위치": null, "최적경로": null, "대표점변환여부": false, "원본Geometry유형": "Point" }, "geometry": { "type": "Point", "coordinates": [ 126.919, 37.6007 ] } },
{ "type": "Feature", "properties": { "id": "404", "CONTENTS_NAME": "임마누엘역촌공동체", "ADDR_OLD": "서울특별시 은평구 역촌동 39-9", "ADDR_NEW": "서울특별시 은평구 진흥로1길 13-19", "TEL_NO": "02-352-9802", "시설대분류": "접근성조사시설", "시설구분": "거주시설(공동생활가정)", "편의시설 구분": null, "경사로지원상태": "정보없음", "자동문정보": "정보없음", "경사로 설치 여부": null, "이동식 경사로 설치 여부": null, "자동문 설치 여부": null, "점자표지판 설치 여부": null, "점자 메뉴판 설치 여부": null, "의사소통판 설치 여부": null, "경사도": null, "영업시간": null, "버스번호": null, "버스정보": null, "평일운영시간": null, "토요일운영시간": null, "상세위치": null, "최적경로": null, "대표점변환여부": false, "원본Geometry유형": "Point" }, "geometry": { "type": "Point", "coordinates": [ 126.9174, 37.6014 ] } },
{ "type": "Feature", "properties": { "id": "262", "CONTENTS_NAME": "친구공인중개사사무소", "ADDR_OLD": "서울특별시 은평구 역촌동 40-21", "ADDR_NEW": "서울특별시 은평구 진흥로1길 22", "TEL_NO": "02-384-0044", "시설대분류": "생활편의업소", "시설구분": null, "편의시설 구분": null, "경사로지원상태": "정보없음", "자동문정보": "정보없음", "경사로 설치 여부": null, "이동식 경사로 설치 여부": null, "자동문 설치 여부": null, "점자표지판 설치 여부": null, "점자 메뉴판 설치 여부": null, "의사소통판 설치 여부": null, "경사도": null, "영업시간": "10:00 ~ 18:30", "버스번호": null, "버스정보": null, "평일운영시간": null, "토요일운영시간": null, "상세위치": null, "최적경로": null, "대표점변환여부": false, "원본Geometry유형": "Point" }, "geometry": { "type": "Point", "coordinates": [ 126.9188, 37.6023 ] } },
{ "type": "Feature", "properties": { "id": "440", "CONTENTS_NAME": "동주루", "ADDR_OLD": "서울특별시 은평구 역촌동 37-25", "ADDR_NEW": "서울특별시 은평구 연서로4길 10-1", "TEL_NO": "0507-1332-2522", "시설대분류": "접근성조사시설", "시설구분": "음식점", "편의시설 구분": null, "경사로지원상태": "고정경사로 설치", "자동문정보": "자동문 미설치", "경사로 설치 여부": "설치", "이동식 경사로 설치 여부": "미설치", "자동문 설치 여부": "미 설치", "점자표지판 설치 여부": "미설치", "점자 메뉴판 설치 여부": "미설치", "의사소통판 설치 여부": "미설치", "경사도": null, "영업시간": null, "버스번호": null, "버스정보": null, "평일운영시간": null, "토요일운영시간": null, "상세위치": null, "최적경로": null, "대표점변환여부": false, "원본Geometry유형": "Point" }, "geometry": { "type": "Point", "coordinates": [ 126.9172, 37.6024 ] } },
{ "type": "Feature", "properties": { "id": "592", "CONTENTS_NAME": "계절의별미탕", "ADDR_OLD": "서울특별시 은평구 역촌동 34-53", "ADDR_NEW": "서울특별시 은평구 진흥로1길 25", "TEL_NO": "02-387-2463", "시설대분류": "접근성조사시설", "시설구분": "음식점", "편의시설 구분": null, "경사로지원상태": "경사로 미설치", "자동문정보": "자동문 미설치", "경사로 설치 여부": "미 설치", "이동식 경사로 설치 여부": "미설치", "자동문 설치 여부": "미 설치", "점자표지판 설치 여부": "미설치", "점자 메뉴판 설치 여부": "미설치", "의사소통판 설치 여부": "미설치", "경사도": null, "영업시간": null, "버스번호": null, "버스정보": null, "평일운영시간": null, "토요일운영시간": null, "상세위치": null, "최적경로": null, "대표점변환여부": false, "원본Geometry유형": "Point" }, "geometry": { "type": "Point", "coordinates": [ 126.9184, 37.6027 ] } },
{ "type": "Feature", "properties": { "id": "596", "CONTENTS_NAME": "희망나누미", "ADDR_OLD": "서울특별시 은평구 역촌동 24-24", "ADDR_NEW": "서울특별시 은평구 진흥로1길 48-1", "TEL_NO": "02-945-1316", "시설대분류": "접근성조사시설", "시설구분": "의류판매", "편의시설 구분": null, "경사로지원상태": "고정경사로 설치", "자동문정보": "자동문 미설치", "경사로 설치 여부": "설치", "이동식 경사로 설치 여부": "미설치", "자동문 설치 여부": "미 설치", "점자표지판 설치 여부": "미설치", "점자 메뉴판 설치 여부": "미설치", "의사소통판 설치 여부": "미설치", "경사도": null, "영업시간": null, "버스번호": null, "버스정보": null, "평일운영시간": null, "토요일운영시간": null, "상세위치": null, "최적경로": null, "대표점변환여부": false, "원본Geometry유형": "Point" }, "geometry": { "type": "Point", "coordinates": [ 126.9185, 37.6048 ] } },
{ "type": "Feature", "properties": { "id": "437", "CONTENTS_NAME": "향이나는야채", "ADDR_OLD": "서울특별시 은평구 역촌동 24-6", "ADDR_NEW": "서울특별시 은평구 진흥로1길 56", "TEL_NO": "02-3142-7273", "시설대분류": "접근성조사시설", "시설구분": "야채가게", "편의시설 구분": null, "경사로지원상태": "고정경사로 설치", "자동문정보": "자동문 미설치", "경사로 설치 여부": "설치", "이동식 경사로 설치 여부": "미설치", "자동문 설치 여부": "미 설치", "점자표지판 설치 여부": "미설치", "점자 메뉴판 설치 여부": "미설치", "의사소통판 설치 여부": "미설치", "경사도": null, "영업시간": null, "버스번호": null, "버스정보": null, "평일운영시간": null, "토요일운영시간": null, "상세위치": null, "최적경로": null, "대표점변환여부": false, "원본Geometry유형": "Point" }, "geometry": { "type": "Point", "coordinates": [ 126.9183, 37.6054 ] } },
{ "type": "Feature", "properties": { "id": "540", "CONTENTS_NAME": "온나라공인중개사사무소", "ADDR_OLD": "서울특별시 은평구 역촌동 10-2", "ADDR_NEW": "서울특별시 은평구 역말로7길 5", "TEL_NO": "353-4984", "시설대분류": "생활편의업소", "시설구분": null, "편의시설 구분": null, "경사로지원상태": "정보없음", "자동문정보": "정보없음", "경사로 설치 여부": null, "이동식 경사로 설치 여부": null, "자동문 설치 여부": null, "점자표지판 설치 여부": null, "점자 메뉴판 설치 여부": null, "의사소통판 설치 여부": null, "경사도": null, "영업시간": null, "버스번호": null, "버스정보": null, "평일운영시간": null, "토요일운영시간": null, "상세위치": null, "최적경로": null, "대표점변환여부": false, "원본Geometry유형": "Point" }, "geometry": { "type": "Point", "coordinates": [ 126.9179, 37.6067 ] } },
{ "type": "Feature", "properties": { "id": "261", "CONTENTS_NAME": "역촌리더스공인중개사사무소", "ADDR_OLD": "서울특별시 은평구 역촌동 13-39", "ADDR_NEW": "서울특별시 은평구 역말로 79", "TEL_NO": "02-358-0077", "시설대분류": "생활편의업소", "시설구분": null, "편의시설 구분": null, "경사로지원상태": "정보없음", "자동문정보": "정보없음", "경사로 설치 여부": null, "이동식 경사로 설치 여부": null, "자동문 설치 여부": null, "점자표지판 설치 여부": null, "점자 메뉴판 설치 여부": null, "의사소통판 설치 여부": null, "경사도": null, "영업시간": "10:00 ~ 19:00", "버스번호": null, "버스정보": null, "평일운영시간": null, "토요일운영시간": null, "상세위치": null, "최적경로": null, "대표점변환여부": false, "원본Geometry유형": "Point" }, "geometry": { "type": "Point", "coordinates": [ 126.9187, 37.6069 ] } },
{ "type": "Feature", "properties": { "id": "567", "CONTENTS_NAME": "역촌공인중개사사무소", "ADDR_OLD": "서울특별시 은평구 역촌동 63-33", "ADDR_NEW": "서울특별시 은평구 연서로3길 6", "TEL_NO": "384-3700", "시설대분류": "생활편의업소", "시설구분": null, "편의시설 구분": null, "경사로지원상태": "정보없음", "자동문정보": "정보없음", "경사로 설치 여부": null, "이동식 경사로 설치 여부": null, "자동문 설치 여부": null, "점자표지판 설치 여부": null, "점자 메뉴판 설치 여부": null, "의사소통판 설치 여부": null, "경사도": null, "영업시간": null, "버스번호": null, "버스정보": null, "평일운영시간": null, "토요일운영시간": null, "상세위치": null, "최적경로": null, "대표점변환여부": false, "원본Geometry유형": "Point" }, "geometry": { "type": "Point", "coordinates": [ 126.9152, 37.6025 ] } },
{ "type": "Feature", "properties": { "id": "418", "CONTENTS_NAME": "역촌점이마트24시", "ADDR_OLD": "서울특별시 은평구 역촌동 66-44", "ADDR_NEW": "서울특별시 은평구 연서로3길 8", "TEL_NO": "02-388-9661", "시설대분류": "접근성조사시설", "시설구분": "편의점", "편의시설 구분": null, "경사로지원상태": "고정경사로 설치", "자동문정보": "자동문 미설치", "경사로 설치 여부": "설치", "이동식 경사로 설치 여부": "미설치", "자동문 설치 여부": "미 설치", "점자표지판 설치 여부": "미설치", "점자 메뉴판 설치 여부": "미설치", "의사소통판 설치 여부": "미설치", "경사도": null, "영업시간": null, "버스번호": null, "버스정보": null, "평일운영시간": null, "토요일운영시간": null, "상세위치": null, "최적경로": null, "대표점변환여부": false, "원본Geometry유형": "Point" }, "geometry": { "type": "Point", "coordinates": [ 126.9148, 37.6025 ] } },
{ "type": "Feature", "properties": { "id": "432", "CONTENTS_NAME": "지호한방삼계탕", "ADDR_OLD": "서울특별시 은평구 역촌동 63-4", "ADDR_NEW": "서울특별시 은평구 연서로 47", "TEL_NO": "02-389-3343", "시설대분류": "접근성조사시설", "시설구분": "음식점", "편의시설 구분": null, "경사로지원상태": "이동식경사로 설치", "자동문정보": "자동문 미설치", "경사로 설치 여부": "미 설치", "이동식 경사로 설치 여부": "설치", "자동문 설치 여부": "미 설치", "점자표지판 설치 여부": "미설치", "점자 메뉴판 설치 여부": "미설치", "의사소통판 설치 여부": "미설치", "경사도": null, "영업시간": null, "버스번호": null, "버스정보": null, "평일운영시간": null, "토요일운영시간": null, "상세위치": null, "최적경로": null, "대표점변환여부": false, "원본Geometry유형": "Point" }, "geometry": { "type": "Point", "coordinates": [ 126.9154, 37.6034 ] } },
{ "type": "Feature", "properties": { "id": "76", "CONTENTS_NAME": "역촌동주민센터", "ADDR_OLD": "서울특별시 은평구 역촌동 62-26", "ADDR_NEW": "서울특별시 은평구 연서로 59", "TEL_NO": "02-351-5302", "시설대분류": "전동휠체어충전소", "시설구분": null, "편의시설 구분": null, "경사로지원상태": "정보없음", "자동문정보": "정보없음", "경사로 설치 여부": null, "이동식 경사로 설치 여부": null, "자동문 설치 여부": null, "점자표지판 설치 여부": null, "점자 메뉴판 설치 여부": null, "의사소통판 설치 여부": null, "경사도": null, "영업시간": null, "버스번호": null, "버스정보": null, "평일운영시간": "09시 ~ 18시", "토요일운영시간": "00시 ~ 24시", "상세위치": "1층 입구", "최적경로": null, "대표점변환여부": false, "원본Geometry유형": "Point" }, "geometry": { "type": "Point", "coordinates": [ 126.9152, 37.6044 ] } },
{ "type": "Feature", "properties": { "id": "417", "CONTENTS_NAME": "역촌동 멸치국수", "ADDR_OLD": "서울특별시 은평구 역촌동 59-20", "ADDR_NEW": "서울특별시 은평구 역말로 24", "TEL_NO": "02-356-5903", "시설대분류": "접근성조사시설", "시설구분": "음식점", "편의시설 구분": null, "경사로지원상태": "고정경사로 설치", "자동문정보": "자동문 미설치", "경사로 설치 여부": "설치", "이동식 경사로 설치 여부": "미설치", "자동문 설치 여부": "미 설치", "점자표지판 설치 여부": "미설치", "점자 메뉴판 설치 여부": "미설치", "의사소통판 설치 여부": "미설치", "경사도": null, "영업시간": null, "버스번호": null, "버스정보": null, "평일운영시간": null, "토요일운영시간": null, "상세위치": null, "최적경로": null, "대표점변환여부": false, "원본Geometry유형": "Point" }, "geometry": { "type": "Point", "coordinates": [ 126.9129, 37.6055 ] } },
{ "type": "Feature", "properties": { "id": "336", "CONTENTS_NAME": "16. 역말 사거리 ", "ADDR_OLD": "서울특별시 은평구 역촌동 62-3", "ADDR_NEW": "서울특별시 은평구 역말로 40", "TEL_NO": "02-385-1351", "시설대분류": "셔틀버스정류장", "시설구분": null, "편의시설 구분": null, "경사로지원상태": "정보없음", "자동문정보": "정보없음", "경사로 설치 여부": null, "이동식 경사로 설치 여부": null, "자동문 설치 여부": null, "점자표지판 설치 여부": null, "점자 메뉴판 설치 여부": null, "의사소통판 설치 여부": null, "경사도": null, "영업시간": null, "버스번호": "12-1번", "버스정보": "전기 저상버스, 휠체어 탑승 가능, 토요일은 1회, 2회만 운영, 일요일 및 공휴일 미운영", "평일운영시간": null, "토요일운영시간": null, "상세위치": null, "최적경로": null, "대표점변환여부": false, "원본Geometry유형": "Point" }, "geometry": { "type": "Point", "coordinates": [ 126.9147, 37.6056 ] } },
{ "type": "Feature", "properties": { "id": "415", "CONTENTS_NAME": "아우라헤어", "ADDR_OLD": "서울특별시 은평구 역촌동 62-1", "ADDR_NEW": "서울특별시 은평구 연서로 73", "TEL_NO": "0507-1342-9667", "시설대분류": "접근성조사시설", "시설구분": "미용실", "편의시설 구분": null, "경사로지원상태": "고정경사로 설치", "자동문정보": "자동문 미설치", "경사로 설치 여부": "설치", "이동식 경사로 설치 여부": "미설치", "자동문 설치 여부": "미 설치", "점자표지판 설치 여부": "미설치", "점자 메뉴판 설치 여부": "미설치", "의사소통판 설치 여부": "미설치", "경사도": null, "영업시간": null, "버스번호": null, "버스정보": null, "평일운영시간": null, "토요일운영시간": null, "상세위치": null, "최적경로": null, "대표점변환여부": false, "원본Geometry유형": "Point" }, "geometry": { "type": "Point", "coordinates": [ 126.915, 37.6057 ] } },
{ "type": "Feature", "properties": { "id": "434", "CONTENTS_NAME": "컴포즈커피역말사거리점", "ADDR_OLD": "서울특별시 은평구 역촌동 62-3", "ADDR_NEW": "서울특별시 은평구 역말로 40", "TEL_NO": "02-356-9886", "시설대분류": "접근성조사시설", "시설구분": "카페", "편의시설 구분": null, "경사로지원상태": "고정경사로 설치", "자동문정보": "자동문 미설치", "경사로 설치 여부": "설치", "이동식 경사로 설치 여부": "미설치", "자동문 설치 여부": "미 설치", "점자표지판 설치 여부": "미설치", "점자 메뉴판 설치 여부": "미설치", "의사소통판 설치 여부": "미설치", "경사도": null, "영업시간": null, "버스번호": null, "버스정보": null, "평일운영시간": null, "토요일운영시간": null, "상세위치": null, "최적경로": null, "대표점변환여부": false, "원본Geometry유형": "Point" }, "geometry": { "type": "Point", "coordinates": [ 126.9146, 37.6057 ] } },
{ "type": "Feature", "properties": { "id": "548", "CONTENTS_NAME": "27.  역촌상가", "ADDR_OLD": "서울특별시 은평구 역촌동  45-42", "ADDR_NEW": "", "TEL_NO": "02-385-1351", "시설대분류": "셔틀버스정류장", "시설구분": null, "편의시설 구분": null, "경사로지원상태": "정보없음", "자동문정보": "정보없음", "경사로 설치 여부": null, "이동식 경사로 설치 여부": null, "자동문 설치 여부": null, "점자표지판 설치 여부": null, "점자 메뉴판 설치 여부": null, "의사소통판 설치 여부": null, "경사도": null, "영업시간": null, "버스번호": "12번", "버스정보": "전기 저상버스, 휠체어 탑승 가능, 토요일은 1회, 2회만 운영, 일요일 및 공휴일 미운영", "평일운영시간": null, "토요일운영시간": null, "상세위치": null, "최적경로": null, "대표점변환여부": false, "원본Geometry유형": "Point" }, "geometry": { "type": "Point", "coordinates": [ 126.9144, 37.6057 ] } },
{ "type": "Feature", "properties": { "id": "424", "CONTENTS_NAME": "용두동쭈꾸미", "ADDR_OLD": "서울특별시 은평구 역촌동 59-48", "ADDR_NEW": "서울특별시 은평구 역말로 34-1", "TEL_NO": "02-385-0731", "시설대분류": "접근성조사시설", "시설구분": "음식점", "편의시설 구분": null, "경사로지원상태": "고정경사로 설치", "자동문정보": "자동문 미설치", "경사로 설치 여부": "설치", "이동식 경사로 설치 여부": "미설치", "자동문 설치 여부": "미 설치", "점자표지판 설치 여부": "미설치", "점자 메뉴판 설치 여부": "미설치", "의사소통판 설치 여부": "미설치", "경사도": null, "영업시간": null, "버스번호": null, "버스정보": null, "평일운영시간": null, "토요일운영시간": null, "상세위치": null, "최적경로": null, "대표점변환여부": false, "원본Geometry유형": "Point" }, "geometry": { "type": "Point", "coordinates": [ 126.9141, 37.6057 ] } },
{ "type": "Feature", "properties": { "id": "556", "CONTENTS_NAME": "12.  대주아파트", "ADDR_OLD": "서울특별시 은평구 응암동  691-1", "ADDR_NEW": "", "TEL_NO": "02-385-1351", "시설대분류": "셔틀버스정류장", "시설구분": null, "편의시설 구분": null, "경사로지원상태": "정보없음", "자동문정보": "정보없음", "경사로 설치 여부": null, "이동식 경사로 설치 여부": null, "자동문 설치 여부": null, "점자표지판 설치 여부": null, "점자 메뉴판 설치 여부": null, "의사소통판 설치 여부": null, "경사도": null, "영업시간": null, "버스번호": "12번", "버스정보": "전기 저상버스, 휠체어 탑승 가능, 토요일은 1회, 2회만 운영, 일요일 및 공휴일 미운영", "평일운영시간": null, "토요일운영시간": null, "상세위치": null, "최적경로": null, "대표점변환여부": false, "원본Geometry유형": "Point" }, "geometry": { "type": "Point", "coordinates": [ 126.9227, 37.5867 ] } },
{ "type": "Feature", "properties": { "id": "469", "CONTENTS_NAME": "28. 대주아파트", "ADDR_OLD": "서울특별시 은평구 응암동  761-9", "ADDR_NEW": "", "TEL_NO": "02-385-1351", "시설대분류": "셔틀버스정류장", "시설구분": null, "편의시설 구분": null, "경사로지원상태": "정보없음", "자동문정보": "정보없음", "경사로 설치 여부": null, "이동식 경사로 설치 여부": null, "자동문 설치 여부": null, "점자표지판 설치 여부": null, "점자 메뉴판 설치 여부": null, "의사소통판 설치 여부": null, "경사도": null, "영업시간": null, "버스번호": "12-1번", "버스정보": "전기 저상버스, 휠체어 탑승 가능, 토요일은 1회, 2회만 운영, 일요일 및 공휴일 미운영", "평일운영시간": null, "토요일운영시간": null, "상세위치": null, "최적경로": null, "대표점변환여부": false, "원본Geometry유형": "Point" }, "geometry": { "type": "Point", "coordinates": [ 126.9229, 37.5869 ] } },
{ "type": "Feature", "properties": { "id": "128", "CONTENTS_NAME": "가나공인중개사사무소", "ADDR_OLD": "서울특별시 은평구 응암동 761", "ADDR_NEW": "서울특별시 은평구 백련산로 36", "TEL_NO": "02-309-0900", "시설대분류": "생활편의업소", "시설구분": null, "편의시설 구분": null, "경사로지원상태": "정보없음", "자동문정보": "정보없음", "경사로 설치 여부": null, "이동식 경사로 설치 여부": null, "자동문 설치 여부": null, "점자표지판 설치 여부": null, "점자 메뉴판 설치 여부": null, "의사소통판 설치 여부": null, "경사도": null, "영업시간": null, "버스번호": null, "버스정보": null, "평일운영시간": null, "토요일운영시간": null, "상세위치": null, "최적경로": null, "대표점변환여부": false, "원본Geometry유형": "Point" }, "geometry": { "type": "Point", "coordinates": [ 126.9229, 37.5881 ] } },
{ "type": "Feature", "properties": { "id": "127", "CONTENTS_NAME": "백련산하늘 공인중개사사무소", "ADDR_OLD": "서울특별시 은평구 응암동 760", "ADDR_NEW": "서울특별시 은평구 백련산로 38", "TEL_NO": "", "시설대분류": "생활편의업소", "시설구분": null, "편의시설 구분": null, "경사로지원상태": "정보없음", "자동문정보": "정보없음", "경사로 설치 여부": null, "이동식 경사로 설치 여부": null, "자동문 설치 여부": null, "점자표지판 설치 여부": null, "점자 메뉴판 설치 여부": null, "의사소통판 설치 여부": null, "경사도": null, "영업시간": null, "버스번호": null, "버스정보": null, "평일운영시간": null, "토요일운영시간": null, "상세위치": null, "최적경로": null, "대표점변환여부": false, "원본Geometry유형": "Point" }, "geometry": { "type": "Point", "coordinates": [ 126.9229, 37.5894 ] } },
{ "type": "Feature", "properties": { "id": "18", "CONTENTS_NAME": "목동센트럴하나공인중개사사무소", "ADDR_OLD": "서울특별시 은평구 응암동 764", "ADDR_NEW": "서울특별시 은평구 백련산로 37", "TEL_NO": "02-2696-5500", "시설대분류": "생활편의업소", "시설구분": null, "편의시설 구분": null, "경사로지원상태": "정보없음", "자동문정보": "정보없음", "경사로 설치 여부": null, "이동식 경사로 설치 여부": null, "자동문 설치 여부": null, "점자표지판 설치 여부": null, "점자 메뉴판 설치 여부": null, "의사소통판 설치 여부": null, "경사도": null, "영업시간": null, "버스번호": null, "버스정보": null, "평일운영시간": null, "토요일운영시간": null, "상세위치": null, "최적경로": null, "대표점변환여부": false, "원본Geometry유형": "Point" }, "geometry": { "type": "Point", "coordinates": [ 126.9225, 37.5895 ] } },
{ "type": "Feature", "properties": { "id": "318", "CONTENTS_NAME": "11.  백련산  힐스테이트  4차", "ADDR_OLD": "서울특별시 은평구 응암동  764-1", "ADDR_NEW": "서울특별시 은평구 백련산로 37, 402동 (응암동, 힐스테이트백련산4차)", "TEL_NO": "02-385-1351", "시설대분류": "셔틀버스정류장", "시설구분": null, "편의시설 구분": null, "경사로지원상태": "정보없음", "자동문정보": "정보없음", "경사로 설치 여부": null, "이동식 경사로 설치 여부": null, "자동문 설치 여부": null, "점자표지판 설치 여부": null, "점자 메뉴판 설치 여부": null, "의사소통판 설치 여부": null, "경사도": null, "영업시간": null, "버스번호": "12번", "버스정보": "전기 저상버스, 휠체어 탑승 가능, 토요일은 1회, 2회만 운영, 일요일 및 공휴일 미운영", "평일운영시간": null, "토요일운영시간": null, "상세위치": null, "최적경로": null, "대표점변환여부": false, "원본Geometry유형": "Point" }, "geometry": { "type": "Point", "coordinates": [ 126.9226, 37.5901 ] } },
{ "type": "Feature", "properties": { "id": "346", "CONTENTS_NAME": "29. 백련산 힐스테이트 2차", "ADDR_OLD": "서울특별시 은평구 응암동  760", "ADDR_NEW": "서울특별시 은평구 백련산로 38, 202동 (응암동, 백련산 힐스테이트2차)", "TEL_NO": "02-385-1351", "시설대분류": "셔틀버스정류장", "시설구분": null, "편의시설 구분": null, "경사로지원상태": "정보없음", "자동문정보": "정보없음", "경사로 설치 여부": null, "이동식 경사로 설치 여부": null, "자동문 설치 여부": null, "점자표지판 설치 여부": null, "점자 메뉴판 설치 여부": null, "의사소통판 설치 여부": null, "경사도": null, "영업시간": null, "버스번호": "12-1번", "버스정보": "전기 저상버스, 휠체어 탑승 가능, 토요일은 1회, 2회만 운영, 일요일 및 공휴일 미운영", "평일운영시간": null, "토요일운영시간": null, "상세위치": null, "최적경로": null, "대표점변환여부": false, "원본Geometry유형": "Point" }, "geometry": { "type": "Point", "coordinates": [ 126.923, 37.5906 ] } },
{ "type": "Feature", "properties": { "id": "125", "CONTENTS_NAME": "미소공인중개사사무소", "ADDR_OLD": "서울특별시 은평구 응암동 759", "ADDR_NEW": "서울특별시 은평구 백련산로2길 19", "TEL_NO": "307-2400", "시설대분류": "생활편의업소", "시설구분": null, "편의시설 구분": null, "경사로지원상태": "정보없음", "자동문정보": "정보없음", "경사로 설치 여부": null, "이동식 경사로 설치 여부": null, "자동문 설치 여부": null, "점자표지판 설치 여부": null, "점자 메뉴판 설치 여부": null, "의사소통판 설치 여부": null, "경사도": null, "영업시간": null, "버스번호": null, "버스정보": null, "평일운영시간": null, "토요일운영시간": null, "상세위치": null, "최적경로": null, "대표점변환여부": false, "원본Geometry유형": "Point" }, "geometry": { "type": "Point", "coordinates": [ 126.9244, 37.5919 ] } },
{ "type": "Feature", "properties": { "id": "126", "CONTENTS_NAME": "미래공인중개사사무소", "ADDR_OLD": "서울특별시 은평구 응암동 759", "ADDR_NEW": "서울특별시 은평구 백련산로2길 19", "TEL_NO": "02-372-6400", "시설대분류": "생활편의업소", "시설구분": null, "편의시설 구분": null, "경사로지원상태": "정보없음", "자동문정보": "정보없음", "경사로 설치 여부": null, "이동식 경사로 설치 여부": null, "자동문 설치 여부": null, "점자표지판 설치 여부": null, "점자 메뉴판 설치 여부": null, "의사소통판 설치 여부": null, "경사도": null, "영업시간": "10:00 ~ 18:00", "버스번호": null, "버스정보": null, "평일운영시간": null, "토요일운영시간": null, "상세위치": null, "최적경로": null, "대표점변환여부": false, "원본Geometry유형": "Point" }, "geometry": { "type": "Point", "coordinates": [ 126.9243, 37.5921 ] } },
{ "type": "Feature", "properties": { "id": "124", "CONTENTS_NAME": "명가공인중개사사무소", "ADDR_OLD": "서울특별시 은평구 응암동 760-1", "ADDR_NEW": "서울특별시 은평구 백련산로 84", "TEL_NO": "02-372-6644", "시설대분류": "생활편의업소", "시설구분": null, "편의시설 구분": null, "경사로지원상태": "정보없음", "자동문정보": "정보없음", "경사로 설치 여부": null, "이동식 경사로 설치 여부": null, "자동문 설치 여부": null, "점자표지판 설치 여부": null, "점자 메뉴판 설치 여부": null, "의사소통판 설치 여부": null, "경사도": null, "영업시간": "10:00 ~ 19:30", "버스번호": null, "버스정보": null, "평일운영시간": null, "토요일운영시간": null, "상세위치": null, "최적경로": null, "대표점변환여부": false, "원본Geometry유형": "Point" }, "geometry": { "type": "Point", "coordinates": [ 126.9234, 37.593 ] } },
{ "type": "Feature", "properties": { "id": "516", "CONTENTS_NAME": "10.  시립은평병원", "ADDR_OLD": "서울특별시 은평구 응암동  236-5", "ADDR_NEW": "", "TEL_NO": "02-385-1351", "시설대분류": "셔틀버스정류장", "시설구분": null, "편의시설 구분": null, "경사로지원상태": "정보없음", "자동문정보": "정보없음", "경사로 설치 여부": null, "이동식 경사로 설치 여부": null, "자동문 설치 여부": null, "점자표지판 설치 여부": null, "점자 메뉴판 설치 여부": null, "의사소통판 설치 여부": null, "경사도": null, "영업시간": null, "버스번호": "12번", "버스정보": "전기 저상버스, 휠체어 탑승 가능, 토요일은 1회, 2회만 운영, 일요일 및 공휴일 미운영", "평일운영시간": null, "토요일운영시간": null, "상세위치": null, "최적경로": null, "대표점변환여부": false, "원본Geometry유형": "Point" }, "geometry": { "type": "Point", "coordinates": [ 126.923, 37.5935 ] } },
{ "type": "Feature", "properties": { "id": "230", "CONTENTS_NAME": "이레네미용실", "ADDR_OLD": "서울특별시 은평구 응암동 236-27", "ADDR_NEW": "서울특별시 은평구 백련산로 89", "TEL_NO": "02-354-4551", "시설대분류": "접근성조사시설", "시설구분": "미용실", "편의시설 구분": null, "경사로지원상태": "고정경사로 설치", "자동문정보": "자동문 설치", "경사로 설치 여부": "설치", "이동식 경사로 설치 여부": "미설치", "자동문 설치 여부": "설치", "점자표지판 설치 여부": "미설치", "점자 메뉴판 설치 여부": "미설치", "의사소통판 설치 여부": "미설치", "경사도": null, "영업시간": null, "버스번호": null, "버스정보": null, "평일운영시간": null, "토요일운영시간": null, "상세위치": null, "최적경로": null, "대표점변환여부": false, "원본Geometry유형": "Point" }, "geometry": { "type": "Point", "coordinates": [ 126.923, 37.5936 ] } },
{ "type": "Feature", "properties": { "id": "52", "CONTENTS_NAME": "이레네미용실", "ADDR_OLD": "서울특별시 은평구 응암동 236-27", "ADDR_NEW": "서울특별시 은평구 백련산로 89", "TEL_NO": "02-354-4551", "시설대분류": "이미용지원시설", "시설구분": null, "편의시설 구분": null, "경사로지원상태": "고정경사로 설치", "자동문정보": "자동문 설치", "경사로 설치 여부": "설치", "이동식 경사로 설치 여부": null, "자동문 설치 여부": "설치", "점자표지판 설치 여부": null, "점자 메뉴판 설치 여부": null, "의사소통판 설치 여부": null, "경사도": null, "영업시간": null, "버스번호": null, "버스정보": null, "평일운영시간": null, "토요일운영시간": null, "상세위치": null, "최적경로": null, "대표점변환여부": false, "원본Geometry유형": "Point" }, "geometry": { "type": "Point", "coordinates": [ 126.9229, 37.5936 ] } },
{ "type": "Feature", "properties": { "id": "347", "CONTENTS_NAME": "30. 시립은평병원", "ADDR_OLD": "서울특별시 은평구 응암동  232-3", "ADDR_NEW": "서울특별시 은평구 백련산로 90", "TEL_NO": "02-385-1351", "시설대분류": "셔틀버스정류장", "시설구분": null, "편의시설 구분": null, "경사로지원상태": "정보없음", "자동문정보": "정보없음", "경사로 설치 여부": null, "이동식 경사로 설치 여부": null, "자동문 설치 여부": null, "점자표지판 설치 여부": null, "점자 메뉴판 설치 여부": null, "의사소통판 설치 여부": null, "경사도": null, "영업시간": null, "버스번호": "12-1번", "버스정보": "전기 저상버스, 휠체어 탑승 가능, 토요일은 1회, 2회만 운영, 일요일 및 공휴일 미운영", "평일운영시간": null, "토요일운영시간": null, "상세위치": null, "최적경로": null, "대표점변환여부": false, "원본Geometry유형": "Point" }, "geometry": { "type": "Point", "coordinates": [ 126.9232, 37.5939 ] } },
{ "type": "Feature", "properties": { "id": "73", "CONTENTS_NAME": "응암2동주민센터", "ADDR_OLD": "서울특별시 은평구 응암동 229-13", "ADDR_NEW": "서울특별시 은평구 백련산로 100", "TEL_NO": "02-351-5242", "시설대분류": "전동휠체어충전소", "시설구분": null, "편의시설 구분": null, "경사로지원상태": "정보없음", "자동문정보": "정보없음", "경사로 설치 여부": null, "이동식 경사로 설치 여부": null, "자동문 설치 여부": null, "점자표지판 설치 여부": null, "점자 메뉴판 설치 여부": null, "의사소통판 설치 여부": null, "경사도": null, "영업시간": null, "버스번호": null, "버스정보": null, "평일운영시간": "09시 ~ 18시", "토요일운영시간": "00시 ~ 24시", "상세위치": "북카페 내부", "최적경로": null, "대표점변환여부": false, "원본Geometry유형": "Point" }, "geometry": { "type": "Point", "coordinates": [ 126.9231, 37.5946 ] } },
{ "type": "Feature", "properties": { "id": "535", "CONTENTS_NAME": "수지공인중개사사무소", "ADDR_OLD": "서울특별시 은평구 응암동 195-7", "ADDR_NEW": "서울특별시 은평구 백련산로 147", "TEL_NO": "02-353-4945", "시설대분류": "생활편의업소", "시설구분": null, "편의시설 구분": null, "경사로지원상태": "정보없음", "자동문정보": "정보없음", "경사로 설치 여부": null, "이동식 경사로 설치 여부": null, "자동문 설치 여부": null, "점자표지판 설치 여부": null, "점자 메뉴판 설치 여부": null, "의사소통판 설치 여부": null, "경사도": null, "영업시간": null, "버스번호": null, "버스정보": null, "평일운영시간": null, "토요일운영시간": null, "상세위치": null, "최적경로": null, "대표점변환여부": false, "원본Geometry유형": "Point" }, "geometry": { "type": "Point", "coordinates": [ 126.9252, 37.5983 ] } },
{ "type": "Feature", "properties": { "id": "566", "CONTENTS_NAME": "금호공인중개사사무소", "ADDR_OLD": "서울특별시 은평구 응암동 739", "ADDR_NEW": "서울특별시 은평구 응암로 318", "TEL_NO": "387-7755", "시설대분류": "생활편의업소", "시설구분": null, "편의시설 구분": null, "경사로지원상태": "정보없음", "자동문정보": "정보없음", "경사로 설치 여부": null, "이동식 경사로 설치 여부": null, "자동문 설치 여부": null, "점자표지판 설치 여부": null, "점자 메뉴판 설치 여부": null, "의사소통판 설치 여부": null, "경사도": null, "영업시간": null, "버스번호": null, "버스정보": null, "평일운영시간": null, "토요일운영시간": null, "상세위치": null, "최적경로": null, "대표점변환여부": false, "원본Geometry유형": "Point" }, "geometry": { "type": "Point", "coordinates": [ 126.9223, 37.5992 ] } },
{ "type": "Feature", "properties": { "id": "360", "CONTENTS_NAME": "연도약국", "ADDR_OLD": "서울특별시 은평구 응암동 98-48", "ADDR_NEW": "서울특별시 은평구 은평로 144", "TEL_NO": "02-355-1534", "시설대분류": "접근성조사시설", "시설구분": "약국", "편의시설 구분": null, "경사로지원상태": "고정경사로 설치", "자동문정보": "자동문 미설치", "경사로 설치 여부": "설치", "이동식 경사로 설치 여부": "미설치", "자동문 설치 여부": "미 설치", "점자표지판 설치 여부": "미설치", "점자 메뉴판 설치 여부": "미설치", "의사소통판 설치 여부": "미설치", "경사도": null, "영업시간": null, "버스번호": null, "버스정보": null, "평일운영시간": null, "토요일운영시간": null, "상세위치": null, "최적경로": null, "대표점변환여부": false, "원본Geometry유형": "Point" }, "geometry": { "type": "Point", "coordinates": [ 126.9237, 37.6006 ] } },
{ "type": "Feature", "properties": { "id": "442", "CONTENTS_NAME": "신일약국", "ADDR_OLD": "서울특별시 은평구 응암동 98-1", "ADDR_NEW": "서울특별시 은평구 은평로 156", "TEL_NO": "02-388-0648", "시설대분류": "접근성조사시설", "시설구분": "약국", "편의시설 구분": null, "경사로지원상태": "경사로 미설치", "자동문정보": "자동문 설치", "경사로 설치 여부": "미 설치", "이동식 경사로 설치 여부": "미설치", "자동문 설치 여부": "설치", "점자표지판 설치 여부": "미설치", "점자 메뉴판 설치 여부": "미설치", "의사소통판 설치 여부": "미설치", "경사도": null, "영업시간": null, "버스번호": null, "버스정보": null, "평일운영시간": null, "토요일운영시간": null, "상세위치": null, "최적경로": null, "대표점변환여부": false, "원본Geometry유형": "Point" }, "geometry": { "type": "Point", "coordinates": [ 126.9249, 37.6008 ] } },
{ "type": "Feature", "properties": { "id": "284", "CONTENTS_NAME": "KB부동산공인중개사사무소", "ADDR_OLD": "서울특별시 은평구 응암동 86-14", "ADDR_NEW": "서울특별시 은평구 은평로 145", "TEL_NO": "02-382-5004", "시설대분류": "생활편의업소", "시설구분": null, "편의시설 구분": null, "경사로지원상태": "정보없음", "자동문정보": "정보없음", "경사로 설치 여부": null, "이동식 경사로 설치 여부": null, "자동문 설치 여부": null, "점자표지판 설치 여부": null, "점자 메뉴판 설치 여부": null, "의사소통판 설치 여부": null, "경사도": null, "영업시간": "10:00 ~ 20:00", "버스번호": null, "버스정보": null, "평일운영시간": null, "토요일운영시간": null, "상세위치": null, "최적경로": null, "대표점변환여부": false, "원본Geometry유형": "Point" }, "geometry": { "type": "Point", "coordinates": [ 126.9237, 37.601 ] } },
{ "type": "Feature", "properties": { "id": "561", "CONTENTS_NAME": "정보부동산중개인사무소", "ADDR_OLD": "서울특별시 은평구 응암동 31-7", "ADDR_NEW": "서울특별시 은평구 통일로 581-2", "TEL_NO": "352-4949", "시설대분류": "생활편의업소", "시설구분": null, "편의시설 구분": null, "경사로지원상태": "정보없음", "자동문정보": "정보없음", "경사로 설치 여부": null, "이동식 경사로 설치 여부": null, "자동문 설치 여부": null, "점자표지판 설치 여부": null, "점자 메뉴판 설치 여부": null, "의사소통판 설치 여부": null, "경사도": null, "영업시간": null, "버스번호": null, "버스정보": null, "평일운영시간": null, "토요일운영시간": null, "상세위치": null, "최적경로": null, "대표점변환여부": false, "원본Geometry유형": "Point" }, "geometry": { "type": "Point", "coordinates": [ 126.937, 37.5988 ] } },
{ "type": "Feature", "properties": { "id": "529", "CONTENTS_NAME": "청수공인중개사사무소", "ADDR_OLD": "서울특별시 은평구 응암동 31-7", "ADDR_NEW": "서울특별시 은평구 통일로 581-2", "TEL_NO": "02-352-4949", "시설대분류": "생활편의업소", "시설구분": null, "편의시설 구분": null, "경사로지원상태": "정보없음", "자동문정보": "정보없음", "경사로 설치 여부": null, "이동식 경사로 설치 여부": null, "자동문 설치 여부": null, "점자표지판 설치 여부": null, "점자 메뉴판 설치 여부": null, "의사소통판 설치 여부": null, "경사도": null, "영업시간": null, "버스번호": null, "버스정보": null, "평일운영시간": null, "토요일운영시간": null, "상세위치": null, "최적경로": null, "대표점변환여부": false, "원본Geometry유형": "Point" }, "geometry": { "type": "Point", "coordinates": [ 126.937, 37.5988 ] } },
{ "type": "Feature", "properties": { "id": "123", "CONTENTS_NAME": "일등단지내(375-8500)공인중개사사무소", "ADDR_OLD": "서울특별시 은평구 응암동 769", "ADDR_NEW": "서울특별시 은평구 은평로 220", "TEL_NO": "02-375-8500", "시설대분류": "생활편의업소", "시설구분": null, "편의시설 구분": null, "경사로지원상태": "정보없음", "자동문정보": "정보없음", "경사로 설치 여부": null, "이동식 경사로 설치 여부": null, "자동문 설치 여부": null, "점자표지판 설치 여부": null, "점자 메뉴판 설치 여부": null, "의사소통판 설치 여부": null, "경사도": null, "영업시간": "9:30 ~ 19:30", "버스번호": null, "버스정보": null, "평일운영시간": null, "토요일운영시간": null, "상세위치": null, "최적경로": null, "대표점변환여부": false, "원본Geometry유형": "Point" }, "geometry": { "type": "Point", "coordinates": [ 126.9313, 37.5997 ] } },
{ "type": "Feature", "properties": { "id": "268", "CONTENTS_NAME": "녹번힐스테이트공인중개사사무소", "ADDR_OLD": "서울특별시 은평구 녹번동 61-6", "ADDR_NEW": "서울특별시 은평구 통일로 596", "TEL_NO": "02-357-7555", "시설대분류": "생활편의업소", "시설구분": null, "편의시설 구분": null, "경사로지원상태": "정보없음", "자동문정보": "정보없음", "경사로 설치 여부": null, "이동식 경사로 설치 여부": null, "자동문 설치 여부": null, "점자표지판 설치 여부": null, "점자 메뉴판 설치 여부": null, "의사소통판 설치 여부": null, "경사도": null, "영업시간": "9:00 ~ 20:00", "버스번호": null, "버스정보": null, "평일운영시간": null, "토요일운영시간": null, "상세위치": null, "최적경로": null, "대표점변환여부": false, "원본Geometry유형": "Point" }, "geometry": { "type": "Point", "coordinates": [ 126.9365, 37.6001 ] } },
{ "type": "Feature", "properties": { "id": "541", "CONTENTS_NAME": "현대공인중개사사무소", "ADDR_OLD": "서울특별시 은평구 녹번동 61-1", "ADDR_NEW": "서울특별시 은평구 통일로 598", "TEL_NO": "352-4470", "시설대분류": "생활편의업소", "시설구분": null, "편의시설 구분": null, "경사로지원상태": "정보없음", "자동문정보": "정보없음", "경사로 설치 여부": null, "이동식 경사로 설치 여부": null, "자동문 설치 여부": null, "점자표지판 설치 여부": null, "점자 메뉴판 설치 여부": null, "의사소통판 설치 여부": null, "경사도": null, "영업시간": null, "버스번호": null, "버스정보": null, "평일운영시간": null, "토요일운영시간": null, "상세위치": null, "최적경로": null, "대표점변환여부": false, "원본Geometry유형": "Point" }, "geometry": { "type": "Point", "coordinates": [ 126.9364, 37.6002 ] } },
{ "type": "Feature", "properties": { "id": "279", "CONTENTS_NAME": "다원공인중개사사무소", "ADDR_OLD": "서울특별시 은평구 응암동 4-7", "ADDR_NEW": "서울특별시 은평구 은평로20길 6", "TEL_NO": "02-352-7898", "시설대분류": "생활편의업소", "시설구분": null, "편의시설 구분": null, "경사로지원상태": "정보없음", "자동문정보": "정보없음", "경사로 설치 여부": null, "이동식 경사로 설치 여부": null, "자동문 설치 여부": null, "점자표지판 설치 여부": null, "점자 메뉴판 설치 여부": null, "의사소통판 설치 여부": null, "경사도": null, "영업시간": "10:00 ~ 20:00", "버스번호": null, "버스정보": null, "평일운영시간": null, "토요일운영시간": null, "상세위치": null, "최적경로": null, "대표점변환여부": false, "원본Geometry유형": "Point" }, "geometry": { "type": "Point", "coordinates": [ 126.9333, 37.6005 ] } },
{ "type": "Feature", "properties": { "id": "122", "CONTENTS_NAME": "이편한부동산공인중개사사무소", "ADDR_OLD": "서울특별시 은평구 응암동 769", "ADDR_NEW": "서울특별시 은평구 은평로 220", "TEL_NO": "02-388-4959", "시설대분류": "생활편의업소", "시설구분": null, "편의시설 구분": null, "경사로지원상태": "정보없음", "자동문정보": "정보없음", "경사로 설치 여부": null, "이동식 경사로 설치 여부": null, "자동문 설치 여부": null, "점자표지판 설치 여부": null, "점자 메뉴판 설치 여부": null, "의사소통판 설치 여부": null, "경사도": null, "영업시간": "10:00 ~ 20:00", "버스번호": null, "버스정보": null, "평일운영시간": null, "토요일운영시간": null, "상세위치": null, "최적경로": null, "대표점변환여부": false, "원본Geometry유형": "Point" }, "geometry": { "type": "Point", "coordinates": [ 126.932, 37.6005 ] } },
{ "type": "Feature", "properties": { "id": "121", "CONTENTS_NAME": "e끌림(단지내)공인중개사사무소", "ADDR_OLD": "서울특별시 은평구 응암동 769", "ADDR_NEW": "서울특별시 은평구 은평로 220", "TEL_NO": "02-354-1119", "시설대분류": "생활편의업소", "시설구분": null, "편의시설 구분": null, "경사로지원상태": "정보없음", "자동문정보": "정보없음", "경사로 설치 여부": null, "이동식 경사로 설치 여부": null, "자동문 설치 여부": null, "점자표지판 설치 여부": null, "점자 메뉴판 설치 여부": null, "의사소통판 설치 여부": null, "경사도": null, "영업시간": "10:00 ~ 19:00", "버스번호": null, "버스정보": null, "평일운영시간": null, "토요일운영시간": null, "상세위치": null, "최적경로": null, "대표점변환여부": false, "원본Geometry유형": "Point" }, "geometry": { "type": "Point", "coordinates": [ 126.932, 37.6006 ] } },
{ "type": "Feature", "properties": { "id": "120", "CONTENTS_NAME": "녹번역힐스테이트공인중개사사무소", "ADDR_OLD": "서울특별시 은평구 응암동 770", "ADDR_NEW": "서울특별시 은평구 은평로 240", "TEL_NO": "02-353-3303", "시설대분류": "생활편의업소", "시설구분": null, "편의시설 구분": null, "경사로지원상태": "정보없음", "자동문정보": "정보없음", "경사로 설치 여부": null, "이동식 경사로 설치 여부": null, "자동문 설치 여부": null, "점자표지판 설치 여부": null, "점자 메뉴판 설치 여부": null, "의사소통판 설치 여부": null, "경사도": null, "영업시간": "10:00 ~ 19:00", "버스번호": null, "버스정보": null, "평일운영시간": null, "토요일운영시간": null, "상세위치": null, "최적경로": null, "대표점변환여부": false, "원본Geometry유형": "Point" }, "geometry": { "type": "Point", "coordinates": [ 126.9352, 37.6007 ] } },
{ "type": "Feature", "properties": { "id": "643", "CONTENTS_NAME": "호박부동산", "ADDR_OLD": "서울특별시 은평구 응암동 4-2", "ADDR_NEW": "서울특별시 은평구 은평로 228", "TEL_NO": "0507-1493-0330", "시설대분류": "접근성조사시설", "시설구분": "부동산", "편의시설 구분": null, "경사로지원상태": "고정경사로 설치", "자동문정보": "자동문 미설치", "경사로 설치 여부": "설치", "이동식 경사로 설치 여부": "미설치", "자동문 설치 여부": "미 설치", "점자표지판 설치 여부": "미설치", "점자 메뉴판 설치 여부": "미설치", "의사소통판 설치 여부": "미설치", "경사도": null, "영업시간": null, "버스번호": null, "버스정보": null, "평일운영시간": null, "토요일운영시간": null, "상세위치": null, "최적경로": null, "대표점변환여부": false, "원본Geometry유형": "Point" }, "geometry": { "type": "Point", "coordinates": [ 126.9328, 37.6009 ] } },
{ "type": "Feature", "properties": { "id": "517", "CONTENTS_NAME": "09.  동부센트레빌", "ADDR_OLD": "서울특별시 은평구 응암동  159-3", "ADDR_NEW": "", "TEL_NO": "02-385-1351", "시설대분류": "셔틀버스정류장", "시설구분": null, "편의시설 구분": null, "경사로지원상태": "정보없음", "자동문정보": "정보없음", "경사로 설치 여부": null, "이동식 경사로 설치 여부": null, "자동문 설치 여부": null, "점자표지판 설치 여부": null, "점자 메뉴판 설치 여부": null, "의사소통판 설치 여부": null, "경사도": null, "영업시간": null, "버스번호": "12번", "버스정보": "전기 저상버스, 휠체어 탑승 가능, 토요일은 1회, 2회만 운영, 일요일 및 공휴일 미운영", "평일운영시간": null, "토요일운영시간": null, "상세위치": null, "최적경로": null, "대표점변환여부": false, "원본Geometry유형": "Point" }, "geometry": { "type": "Point", "coordinates": [ 126.926, 37.5991 ] } },
{ "type": "Feature", "properties": { "id": "525", "CONTENTS_NAME": "일광단지내공인중개사사무소", "ADDR_OLD": "서울특별시 은평구 응암동 769", "ADDR_NEW": "서울특별시 은평구 은평로 220, 108동 (응암동, 녹번역e편한세상캐슬)", "TEL_NO": "359-9400", "시설대분류": "생활편의업소", "시설구분": null, "편의시설 구분": null, "경사로지원상태": "정보없음", "자동문정보": "정보없음", "경사로 설치 여부": null, "이동식 경사로 설치 여부": null, "자동문 설치 여부": null, "점자표지판 설치 여부": null, "점자 메뉴판 설치 여부": null, "의사소통판 설치 여부": null, "경사도": null, "영업시간": null, "버스번호": null, "버스정보": null, "평일운영시간": null, "토요일운영시간": null, "상세위치": null, "최적경로": null, "대표점변환여부": false, "원본Geometry유형": "Point" }, "geometry": { "type": "Point", "coordinates": [ 126.9301, 37.5992 ] } },
{ "type": "Feature", "properties": { "id": "348", "CONTENTS_NAME": "31. 동부센트레빌 / 등기소 ", "ADDR_OLD": "서울특별시 은평구 응암동  159-3", "ADDR_NEW": "", "TEL_NO": "02-385-1351", "시설대분류": "셔틀버스정류장", "시설구분": null, "편의시설 구분": null, "경사로지원상태": "정보없음", "자동문정보": "정보없음", "경사로 설치 여부": null, "이동식 경사로 설치 여부": null, "자동문 설치 여부": null, "점자표지판 설치 여부": null, "점자 메뉴판 설치 여부": null, "의사소통판 설치 여부": null, "경사도": null, "영업시간": null, "버스번호": "12-1번", "버스정보": "전기 저상버스, 휠체어 탑승 가능, 토요일은 1회, 2회만 운영, 일요일 및 공휴일 미운영", "평일운영시간": null, "토요일운영시간": null, "상세위치": null, "최적경로": null, "대표점변환여부": false, "원본Geometry유형": "Point" }, "geometry": { "type": "Point", "coordinates": [ 126.9262, 37.5992 ] } },
{ "type": "Feature", "properties": { "id": "72", "CONTENTS_NAME": "응암1동 주민센터", "ADDR_OLD": "서울특별시 은평구 응암동 96-3", "ADDR_NEW": "서울특별시 은평구 백련산로 179", "TEL_NO": "02-3159-4676", "시설대분류": "전동휠체어충전소", "시설구분": null, "편의시설 구분": null, "경사로지원상태": "정보없음", "자동문정보": "정보없음", "경사로 설치 여부": null, "이동식 경사로 설치 여부": null, "자동문 설치 여부": null, "점자표지판 설치 여부": null, "점자 메뉴판 설치 여부": null, "의사소통판 설치 여부": null, "경사도": null, "영업시간": null, "버스번호": null, "버스정보": null, "평일운영시간": "09시 ~ 18시", "토요일운영시간": "00시 ~ 24시", "상세위치": "응암1동주민센터 정문", "최적경로": null, "대표점변환여부": false, "원본Geometry유형": "Point" }, "geometry": { "type": "Point", "coordinates": [ 126.9269, 37.6008 ] } },
{ "type": "Feature", "properties": { "id": "362", "CONTENTS_NAME": "CU은평여왕점", "ADDR_OLD": "서울특별시 은평구 응암동 72-2", "ADDR_NEW": "서울특별시 은평구 은평로 200", "TEL_NO": "정보없음", "시설대분류": "접근성조사시설", "시설구분": "편의점", "편의시설 구분": null, "경사로지원상태": "고정경사로 설치", "자동문정보": "자동문 미설치", "경사로 설치 여부": "설치", "이동식 경사로 설치 여부": "미설치", "자동문 설치 여부": "미 설치", "점자표지판 설치 여부": "미설치", "점자 메뉴판 설치 여부": "미설치", "의사소통판 설치 여부": "미설치", "경사도": null, "영업시간": null, "버스번호": null, "버스정보": null, "평일운영시간": null, "토요일운영시간": null, "상세위치": null, "최적경로": null, "대표점변환여부": false, "원본Geometry유형": "Point" }, "geometry": { "type": "Point", "coordinates": [ 126.9297, 37.6011 ] } },
{ "type": "Feature", "properties": { "id": "368", "CONTENTS_NAME": "뽕잎사랑", "ADDR_OLD": "서울특별시 은평구 녹번동 73-14", "ADDR_NEW": "서울특별시 은평구 은평로 205-1", "TEL_NO": "02-358-5866", "시설대분류": "접근성조사시설", "시설구분": "식당", "편의시설 구분": null, "경사로지원상태": "경사로 미설치", "자동문정보": "자동문 미설치", "경사로 설치 여부": "미 설치", "이동식 경사로 설치 여부": "미설치", "자동문 설치 여부": "미 설치", "점자표지판 설치 여부": "미설치", "점자 메뉴판 설치 여부": "설치", "의사소통판 설치 여부": "미설치", "경사도": null, "영업시간": null, "버스번호": null, "버스정보": null, "평일운영시간": null, "토요일운영시간": null, "상세위치": null, "최적경로": null, "대표점변환여부": false, "원본Geometry유형": "Point" }, "geometry": { "type": "Point", "coordinates": [ 126.9309, 37.6015 ] } },
{ "type": "Feature", "properties": { "id": "317", "CONTENTS_NAME": "08.  은평구청", "ADDR_OLD": "서울특별시 은평구 응암동  82-31", "ADDR_NEW": "", "TEL_NO": "02-385-1351", "시설대분류": "셔틀버스정류장", "시설구분": null, "편의시설 구분": null, "경사로지원상태": "정보없음", "자동문정보": "정보없음", "경사로 설치 여부": null, "이동식 경사로 설치 여부": null, "자동문 설치 여부": null, "점자표지판 설치 여부": null, "점자 메뉴판 설치 여부": null, "의사소통판 설치 여부": null, "경사도": null, "영업시간": null, "버스번호": "12번", "버스정보": "전기 저상버스, 휠체어 탑승 가능, 토요일은 1회, 2회만 운영, 일요일 및 공휴일 미운영", "평일운영시간": null, "토요일운영시간": null, "상세위치": null, "최적경로": null, "대표점변환여부": false, "원본Geometry유형": "Point" }, "geometry": { "type": "Point", "coordinates": [ 126.9288, 37.6016 ] } },
{ "type": "Feature", "properties": { "id": "645", "CONTENTS_NAME": "도원꽃집", "ADDR_OLD": "서울특별시 은평구 녹번동 206", "ADDR_NEW": "서울특별시 은평구 은평로 193", "TEL_NO": "010-3477-5621", "시설대분류": "접근성조사시설", "시설구분": "기타", "편의시설 구분": null, "경사로지원상태": "고정경사로 설치", "자동문정보": "자동문 미설치", "경사로 설치 여부": "설치", "이동식 경사로 설치 여부": "미설치", "자동문 설치 여부": "미 설치", "점자표지판 설치 여부": "미설치", "점자 메뉴판 설치 여부": "미설치", "의사소통판 설치 여부": "미설치", "경사도": null, "영업시간": null, "버스번호": null, "버스정보": null, "평일운영시간": null, "토요일운영시간": null, "상세위치": null, "최적경로": null, "대표점변환여부": false, "원본Geometry유형": "Point" }, "geometry": { "type": "Point", "coordinates": [ 126.9292, 37.6017 ] } },
{ "type": "Feature", "properties": { "id": "497", "CONTENTS_NAME": "동화공인중개사사무소", "ADDR_OLD": "서울특별시 은평구 응암동 84-6", "ADDR_NEW": "서울특별시 은평구 서오릉로 3", "TEL_NO": "02-355-5227", "시설대분류": "생활편의업소", "시설구분": null, "편의시설 구분": null, "경사로지원상태": "정보없음", "자동문정보": "정보없음", "경사로 설치 여부": null, "이동식 경사로 설치 여부": null, "자동문 설치 여부": null, "점자표지판 설치 여부": null, "점자 메뉴판 설치 여부": null, "의사소통판 설치 여부": null, "경사도": null, "영업시간": null, "버스번호": null, "버스정보": null, "평일운영시간": null, "토요일운영시간": null, "상세위치": null, "최적경로": null, "대표점변환여부": false, "원본Geometry유형": "Point" }, "geometry": { "type": "Point", "coordinates": [ 126.9267, 37.6017 ] } },
{ "type": "Feature", "properties": { "id": "363", "CONTENTS_NAME": "행복한사진관", "ADDR_OLD": "서울특별시 은평구 녹번동 193", "ADDR_NEW": "서울특별시 은평구 은평로 193-2", "TEL_NO": "0507-1405-4832", "시설대분류": "접근성조사시설", "시설구분": "기타", "편의시설 구분": null, "경사로지원상태": "고정경사로 설치", "자동문정보": "자동문 미설치", "경사로 설치 여부": "설치", "이동식 경사로 설치 여부": "미설치", "자동문 설치 여부": "미 설치", "점자표지판 설치 여부": "미설치", "점자 메뉴판 설치 여부": "미설치", "의사소통판 설치 여부": "미설치", "경사도": null, "영업시간": null, "버스번호": null, "버스정보": null, "평일운영시간": null, "토요일운영시간": null, "상세위치": null, "최적경로": null, "대표점변환여부": false, "원본Geometry유형": "Point" }, "geometry": { "type": "Point", "coordinates": [ 126.929, 37.6021 ] } },
{ "type": "Feature", "properties": { "id": "307", "CONTENTS_NAME": "호박공인중개사사무소", "ADDR_OLD": "서울특별시 은평구 응암동 4-2", "ADDR_NEW": "서울특별시 은평구 은평로 228", "TEL_NO": "02-305-0330", "시설대분류": "생활편의업소", "시설구분": null, "편의시설 구분": null, "경사로지원상태": "정보없음", "자동문정보": "정보없음", "경사로 설치 여부": null, "이동식 경사로 설치 여부": null, "자동문 설치 여부": null, "점자표지판 설치 여부": null, "점자 메뉴판 설치 여부": null, "의사소통판 설치 여부": null, "경사도": null, "영업시간": null, "버스번호": null, "버스정보": null, "평일운영시간": null, "토요일운영시간": null, "상세위치": null, "최적경로": null, "대표점변환여부": false, "원본Geometry유형": "Point" }, "geometry": { "type": "Point", "coordinates": [ 126.9328, 37.6009 ] } },
{ "type": "Feature", "properties": { "id": "644", "CONTENTS_NAME": "파리바게트 녹번역점", "ADDR_OLD": "서울특별시 은평구 녹번동 268", "ADDR_NEW": "서울특별시 은평구 은평로 237", "TEL_NO": "0507-2093-2089", "시설대분류": "접근성조사시설", "시설구분": "카페", "편의시설 구분": null, "경사로지원상태": "이동식경사로 설치", "자동문정보": "자동문 미설치", "경사로 설치 여부": "미 설치", "이동식 경사로 설치 여부": "설치", "자동문 설치 여부": "미 설치", "점자표지판 설치 여부": "미설치", "점자 메뉴판 설치 여부": "미설치", "의사소통판 설치 여부": "미설치", "경사도": null, "영업시간": null, "버스번호": null, "버스정보": null, "평일운영시간": null, "토요일운영시간": null, "상세위치": null, "최적경로": null, "대표점변환여부": false, "원본Geometry유형": "Point" }, "geometry": { "type": "Point", "coordinates": [ 126.9342, 37.6011 ] } },
{ "type": "Feature", "properties": { "id": "137", "CONTENTS_NAME": "07.  녹번역  5번출구", "ADDR_OLD": "서울특별시 은평구 녹번동 53-35", "ADDR_NEW": "서울특별시 은평구 통일로 615-2", "TEL_NO": "02-385-1351", "시설대분류": "셔틀버스정류장", "시설구분": null, "편의시설 구분": null, "경사로지원상태": "정보없음", "자동문정보": "정보없음", "경사로 설치 여부": null, "이동식 경사로 설치 여부": null, "자동문 설치 여부": null, "점자표지판 설치 여부": null, "점자 메뉴판 설치 여부": null, "의사소통판 설치 여부": null, "경사도": null, "영업시간": null, "버스번호": "12번", "버스정보": "전기 저상버스, 휠체어 탑승 가능, 토요일은 1회, 2회만 운영, 일요일 및 공휴일 미운영", "평일운영시간": null, "토요일운영시간": null, "상세위치": null, "최적경로": null, "대표점변환여부": false, "원본Geometry유형": "Point" }, "geometry": { "type": "Point", "coordinates": [ 126.9353, 37.6015 ] } },
{ "type": "Feature", "properties": { "id": "646", "CONTENTS_NAME": "고은헤어", "ADDR_OLD": "서울특별시 은평구 녹번동 75-9", "ADDR_NEW": "서울특별시 은평구 은평로21길 19-6", "TEL_NO": "정보없음", "시설대분류": "접근성조사시설", "시설구분": "기타", "편의시설 구분": null, "경사로지원상태": "고정경사로 설치", "자동문정보": "자동문 미설치", "경사로 설치 여부": "설치", "이동식 경사로 설치 여부": "미설치", "자동문 설치 여부": "미 설치", "점자표지판 설치 여부": "미설치", "점자 메뉴판 설치 여부": "미설치", "의사소통판 설치 여부": "미설치", "경사도": null, "영업시간": null, "버스번호": null, "버스정보": null, "평일운영시간": null, "토요일운영시간": null, "상세위치": null, "최적경로": null, "대표점변환여부": false, "원본Geometry유형": "Point" }, "geometry": { "type": "Point", "coordinates": [ 126.9319, 37.6018 ] } },
{ "type": "Feature", "properties": { "id": "99", "CONTENTS_NAME": "주스공인중개사사무소", "ADDR_OLD": "서울특별시 은평구 녹번동 75-14", "ADDR_NEW": "서울특별시 은평구 은평로21길 25", "TEL_NO": "02-357-6116", "시설대분류": "생활편의업소", "시설구분": null, "편의시설 구분": null, "경사로지원상태": "정보없음", "자동문정보": "정보없음", "경사로 설치 여부": null, "이동식 경사로 설치 여부": null, "자동문 설치 여부": null, "점자표지판 설치 여부": null, "점자 메뉴판 설치 여부": null, "의사소통판 설치 여부": null, "경사도": null, "영업시간": null, "버스번호": null, "버스정보": null, "평일운영시간": null, "토요일운영시간": null, "상세위치": null, "최적경로": null, "대표점변환여부": false, "원본Geometry유형": "Point" }, "geometry": { "type": "Point", "coordinates": [ 126.9316, 37.6021 ] } },
{ "type": "Feature", "properties": { "id": "584", "CONTENTS_NAME": "평화공인중개사사무소", "ADDR_OLD": "서울특별시 은평구 녹번동 35-101", "ADDR_NEW": "서울특별시 은평구 통일로 631", "TEL_NO": "02-384-8880", "시설대분류": "생활편의업소", "시설구분": null, "편의시설 구분": null, "경사로지원상태": "정보없음", "자동문정보": "정보없음", "경사로 설치 여부": null, "이동식 경사로 설치 여부": null, "자동문 설치 여부": null, "점자표지판 설치 여부": null, "점자 메뉴판 설치 여부": null, "의사소통판 설치 여부": null, "경사도": null, "영업시간": "10:00 ~ 18:00", "버스번호": null, "버스정보": null, "평일운영시간": null, "토요일운영시간": null, "상세위치": null, "최적경로": null, "대표점변환여부": false, "원본Geometry유형": "Point" }, "geometry": { "type": "Point", "coordinates": [ 126.9348, 37.603 ] } },
{ "type": "Feature", "properties": { "id": "223", "CONTENTS_NAME": "바코드짐", "ADDR_OLD": "서울특별시 은평구 녹번동 35-75", "ADDR_NEW": "서울특별시 은평구 통일로 633", "TEL_NO": "0507-1493-5354", "시설대분류": "접근성조사시설", "시설구분": "헬스장", "편의시설 구분": null, "경사로지원상태": "고정경사로 설치", "자동문정보": "자동문 미설치", "경사로 설치 여부": "설치", "이동식 경사로 설치 여부": "미설치", "자동문 설치 여부": "미 설치", "점자표지판 설치 여부": "미설치", "점자 메뉴판 설치 여부": "미설치", "의사소통판 설치 여부": "미설치", "경사도": null, "영업시간": null, "버스번호": null, "버스정보": null, "평일운영시간": null, "토요일운영시간": null, "상세위치": null, "최적경로": null, "대표점변환여부": false, "원본Geometry유형": "Point" }, "geometry": { "type": "Point", "coordinates": [ 126.9347, 37.6032 ] } },
{ "type": "Feature", "properties": { "id": "500", "CONTENTS_NAME": "현대공인중개사사무소", "ADDR_OLD": "서울특별시 은평구 녹번동 31-35", "ADDR_NEW": "서울특별시 은평구 통일로 645", "TEL_NO": "02-359-9300", "시설대분류": "생활편의업소", "시설구분": null, "편의시설 구분": null, "경사로지원상태": "정보없음", "자동문정보": "정보없음", "경사로 설치 여부": null, "이동식 경사로 설치 여부": null, "자동문 설치 여부": null, "점자표지판 설치 여부": null, "점자 메뉴판 설치 여부": null, "의사소통판 설치 여부": null, "경사도": null, "영업시간": null, "버스번호": null, "버스정보": null, "평일운영시간": null, "토요일운영시간": null, "상세위치": null, "최적경로": null, "대표점변환여부": false, "원본Geometry유형": "Point" }, "geometry": { "type": "Point", "coordinates": [ 126.9346, 37.6043 ] } },
{ "type": "Feature", "properties": { "id": "32", "CONTENTS_NAME": "원탑(래미안단지내)공인중개사사무소", "ADDR_OLD": "서울특별시 은평구 녹번동 283", "ADDR_NEW": "서울특별시 은평구 통일로 630", "TEL_NO": "02-355-8900", "시설대분류": "생활편의업소", "시설구분": null, "편의시설 구분": null, "경사로지원상태": "정보없음", "자동문정보": "정보없음", "경사로 설치 여부": null, "이동식 경사로 설치 여부": null, "자동문 설치 여부": null, "점자표지판 설치 여부": null, "점자 메뉴판 설치 여부": null, "의사소통판 설치 여부": null, "경사도": null, "영업시간": "10:00 ~ 19:00", "버스번호": null, "버스정보": null, "평일운영시간": null, "토요일운영시간": null, "상세위치": null, "최적경로": null, "대표점변환여부": false, "원본Geometry유형": "Point" }, "geometry": { "type": "Point", "coordinates": [ 126.9353, 37.6055 ] } },
{ "type": "Feature", "properties": { "id": "118", "CONTENTS_NAME": "좋은예감(단지내)공인중개사사무소", "ADDR_OLD": "서울특별시 은평구 녹번동 281", "ADDR_NEW": "서울특별시 은평구 통일로 660", "TEL_NO": "02-395-1144", "시설대분류": "생활편의업소", "시설구분": null, "편의시설 구분": null, "경사로지원상태": "정보없음", "자동문정보": "정보없음", "경사로 설치 여부": null, "이동식 경사로 설치 여부": null, "자동문 설치 여부": null, "점자표지판 설치 여부": null, "점자 메뉴판 설치 여부": null, "의사소통판 설치 여부": null, "경사도": null, "영업시간": null, "버스번호": null, "버스정보": null, "평일운영시간": null, "토요일운영시간": null, "상세위치": null, "최적경로": null, "대표점변환여부": false, "원본Geometry유형": "Point" }, "geometry": { "type": "Point", "coordinates": [ 126.9358, 37.6056 ] } },
{ "type": "Feature", "properties": { "id": "243", "CONTENTS_NAME": "은평대아공인중개사사무소", "ADDR_OLD": "서울특별시 은평구 응암동 84-32", "ADDR_NEW": "서울특별시 은평구 은평로13길 12-6", "TEL_NO": "02-386-7774", "시설대분류": "생활편의업소", "시설구분": null, "편의시설 구분": null, "경사로지원상태": "정보없음", "자동문정보": "정보없음", "경사로 설치 여부": null, "이동식 경사로 설치 여부": null, "자동문 설치 여부": null, "점자표지판 설치 여부": null, "점자 메뉴판 설치 여부": null, "의사소통판 설치 여부": null, "경사도": null, "영업시간": null, "버스번호": null, "버스정보": null, "평일운영시간": null, "토요일운영시간": null, "상세위치": null, "최적경로": null, "대표점변환여부": false, "원본Geometry유형": "Point" }, "geometry": { "type": "Point", "coordinates": [ 126.9258, 37.6022 ] } },
{ "type": "Feature", "properties": { "id": "62", "CONTENTS_NAME": "은평백세콜", "ADDR_OLD": "서울특별시 은평구 녹번동 84", "ADDR_NEW": "서울특별시 은평구 은평로 195", "TEL_NO": "02-2665-5500", "시설대분류": "이동지원서비스", "시설구분": null, "편의시설 구분": null, "경사로지원상태": "정보없음", "자동문정보": "정보없음", "경사로 설치 여부": null, "이동식 경사로 설치 여부": null, "자동문 설치 여부": null, "점자표지판 설치 여부": null, "점자 메뉴판 설치 여부": null, "의사소통판 설치 여부": null, "경사도": null, "영업시간": null, "버스번호": null, "버스정보": null, "평일운영시간": null, "토요일운영시간": null, "상세위치": null, "최적경로": null, "대표점변환여부": false, "원본Geometry유형": "Point" }, "geometry": { "type": "Point", "coordinates": [ 126.9289, 37.6024 ] } },
{ "type": "Feature", "properties": { "id": "55", "CONTENTS_NAME": "은평구청", "ADDR_OLD": "서울특별시 은평구 녹번동 87-1", "ADDR_NEW": "서울특별시 은평구 은평로 195", "TEL_NO": "02-351-7313", "시설대분류": "전동휠체어충전소", "시설구분": null, "편의시설 구분": null, "경사로지원상태": "정보없음", "자동문정보": "정보없음", "경사로 설치 여부": null, "이동식 경사로 설치 여부": null, "자동문 설치 여부": null, "점자표지판 설치 여부": null, "점자 메뉴판 설치 여부": null, "의사소통판 설치 여부": null, "경사도": null, "영업시간": null, "버스번호": null, "버스정보": null, "평일운영시간": "09시 ~ 18시", "토요일운영시간": "00시 ~ 24시", "상세위치": "은평구의회 1층(내부) 안내 데스크 뒤", "최적경로": null, "대표점변환여부": false, "원본Geometry유형": "Point" }, "geometry": { "type": "Point", "coordinates": [ 126.9294, 37.6027 ] } },
{ "type": "Feature", "properties": { "id": "75", "CONTENTS_NAME": "아이맘택시", "ADDR_OLD": "서울특별시 은평구 녹번동 87-1", "ADDR_NEW": "서울특별시 은평구 은평로 195", "TEL_NO": "02-351-6222", "시설대분류": "이동지원서비스", "시설구분": null, "편의시설 구분": null, "경사로지원상태": "정보없음", "자동문정보": "정보없음", "경사로 설치 여부": null, "이동식 경사로 설치 여부": null, "자동문 설치 여부": null, "점자표지판 설치 여부": null, "점자 메뉴판 설치 여부": null, "의사소통판 설치 여부": null, "경사도": null, "영업시간": null, "버스번호": null, "버스정보": null, "평일운영시간": null, "토요일운영시간": null, "상세위치": null, "최적경로": null, "대표점변환여부": false, "원본Geometry유형": "Point" }, "geometry": { "type": "Point", "coordinates": [ 126.9296, 37.6028 ] } },
{ "type": "Feature", "properties": { "id": "61", "CONTENTS_NAME": "은평모두로", "ADDR_OLD": "서울특별시 은평구 녹번동 87-1", "ADDR_NEW": "서울특별시 은평구 은평로 195", "TEL_NO": "02-351-6382", "시설대분류": "이동지원서비스", "시설구분": null, "편의시설 구분": null, "경사로지원상태": "정보없음", "자동문정보": "정보없음", "경사로 설치 여부": null, "이동식 경사로 설치 여부": null, "자동문 설치 여부": null, "점자표지판 설치 여부": null, "점자 메뉴판 설치 여부": null, "의사소통판 설치 여부": null, "경사도": null, "영업시간": null, "버스번호": null, "버스정보": null, "평일운영시간": null, "토요일운영시간": null, "상세위치": null, "최적경로": null, "대표점변환여부": false, "원본Geometry유형": "Point" }, "geometry": { "type": "Point", "coordinates": [ 126.9291, 37.6028 ] } },
{ "type": "Feature", "properties": { "id": "349", "CONTENTS_NAME": "32. 은평세무소 / 은평구청", "ADDR_OLD": "서울특별시 은평구 녹번동  81-27", "ADDR_NEW": "", "TEL_NO": "02-385-1351", "시설대분류": "셔틀버스정류장", "시설구분": null, "편의시설 구분": null, "경사로지원상태": "정보없음", "자동문정보": "정보없음", "경사로 설치 여부": null, "이동식 경사로 설치 여부": null, "자동문 설치 여부": null, "점자표지판 설치 여부": null, "점자 메뉴판 설치 여부": null, "의사소통판 설치 여부": null, "경사도": null, "영업시간": null, "버스번호": "12-1번", "버스정보": "전기 저상버스, 휠체어 탑승 가능, 토요일은 1회, 2회만 운영, 일요일 및 공휴일 미운영", "평일운영시간": null, "토요일운영시간": null, "상세위치": null, "최적경로": null, "대표점변환여부": false, "원본Geometry유형": "Point" }, "geometry": { "type": "Point", "coordinates": [ 126.9262, 37.6028 ] } },
{ "type": "Feature", "properties": { "id": "631", "CONTENTS_NAME": "킹콩부대찌개", "ADDR_OLD": "서울특별시 은평구 녹번동 83-52", "ADDR_NEW": "서울특별시 은평구 녹번로 8", "TEL_NO": "02-353-1102", "시설대분류": "접근성조사시설", "시설구분": "식당", "편의시설 구분": null, "경사로지원상태": "고정경사로 설치", "자동문정보": "자동문 설치", "경사로 설치 여부": "설치", "이동식 경사로 설치 여부": "미설치", "자동문 설치 여부": "설치", "점자표지판 설치 여부": "미설치", "점자 메뉴판 설치 여부": "미설치", "의사소통판 설치 여부": "미설치", "경사도": null, "영업시간": null, "버스번호": null, "버스정보": null, "평일운영시간": null, "토요일운영시간": null, "상세위치": null, "최적경로": null, "대표점변환여부": false, "원본Geometry유형": "Point" }, "geometry": { "type": "Point", "coordinates": [ 126.9272, 37.603 ] } },
{ "type": "Feature", "properties": { "id": "384", "CONTENTS_NAME": "봉평메밀막국수", "ADDR_OLD": "서울특별시 은평구 녹번동 83-8", "ADDR_NEW": "서울특별시 은평구 녹번로 12", "TEL_NO": "02-355-5191", "시설대분류": "접근성조사시설", "시설구분": "식당", "편의시설 구분": null, "경사로지원상태": "경사로 미설치", "자동문정보": "자동문 미설치", "경사로 설치 여부": "미 설치", "이동식 경사로 설치 여부": "미설치", "자동문 설치 여부": "미 설치", "점자표지판 설치 여부": "미설치", "점자 메뉴판 설치 여부": "설치", "의사소통판 설치 여부": "미설치", "경사도": null, "영업시간": null, "버스번호": null, "버스정보": null, "평일운영시간": null, "토요일운영시간": null, "상세위치": null, "최적경로": null, "대표점변환여부": false, "원본Geometry유형": "Point" }, "geometry": { "type": "Point", "coordinates": [ 126.9273, 37.6033 ] } },
{ "type": "Feature", "properties": { "id": "634", "CONTENTS_NAME": "녹파랑", "ADDR_OLD": "서울특별시 은평구 녹번동 82-1", "ADDR_NEW": "서울특별시 은평구 녹번로 11, A동", "TEL_NO": "02-353-6688", "시설대분류": "접근성조사시설", "시설구분": "식당", "편의시설 구분": null, "경사로지원상태": "경사로 미설치", "자동문정보": "자동문 미설치", "경사로 설치 여부": "미 설치", "이동식 경사로 설치 여부": "미설치", "자동문 설치 여부": "미 설치", "점자표지판 설치 여부": "미설치", "점자 메뉴판 설치 여부": "설치", "의사소통판 설치 여부": "미설치", "경사도": null, "영업시간": null, "버스번호": null, "버스정보": null, "평일운영시간": null, "토요일운영시간": null, "상세위치": null, "최적경로": null, "대표점변환여부": false, "원본Geometry유형": "Point" }, "geometry": { "type": "Point", "coordinates": [ 126.927, 37.6034 ] } },
{ "type": "Feature", "properties": { "id": "235", "CONTENTS_NAME": "은평구립직업재활센터", "ADDR_OLD": "서울특별시 은평구 녹번동 173", "ADDR_NEW": "서울특별시 은평구 녹번로1길 13", "TEL_NO": "02-384-1320~2", "시설대분류": "접근성조사시설", "시설구분": "직업재활시설", "편의시설 구분": null, "경사로지원상태": "정보없음", "자동문정보": "정보없음", "경사로 설치 여부": null, "이동식 경사로 설치 여부": null, "자동문 설치 여부": null, "점자표지판 설치 여부": null, "점자 메뉴판 설치 여부": null, "의사소통판 설치 여부": null, "경사도": null, "영업시간": null, "버스번호": null, "버스정보": null, "평일운영시간": null, "토요일운영시간": null, "상세위치": null, "최적경로": null, "대표점변환여부": false, "원본Geometry유형": "Point" }, "geometry": { "type": "Point", "coordinates": [ 126.9266, 37.6047 ] } },
{ "type": "Feature", "properties": { "id": "446", "CONTENTS_NAME": "한양설렁탕", "ADDR_OLD": "서울특별시 은평구 응암동 86-6", "ADDR_NEW": "서울특별시 은평구 은평로 161", "TEL_NO": "0507-1338-1533", "시설대분류": "접근성조사시설", "시설구분": "음식점", "편의시설 구분": null, "경사로지원상태": "고정경사로 설치", "자동문정보": "자동문 미설치", "경사로 설치 여부": "설치", "이동식 경사로 설치 여부": "미설치", "자동문 설치 여부": "미 설치", "점자표지판 설치 여부": "미설치", "점자 메뉴판 설치 여부": "미설치", "의사소통판 설치 여부": "미설치", "경사도": null, "영업시간": null, "버스번호": null, "버스정보": null, "평일운영시간": null, "토요일운영시간": null, "상세위치": null, "최적경로": null, "대표점변환여부": false, "원본Geometry유형": "Point" }, "geometry": { "type": "Point", "coordinates": [ 126.9256, 37.6013 ] } },
{ "type": "Feature", "properties": { "id": "477", "CONTENTS_NAME": "신도문방구", "ADDR_OLD": "서울특별시 은평구 응암동 86-6", "ADDR_NEW": "서울특별시 은평구 은평로 161", "TEL_NO": "02-355-3427", "시설대분류": "접근성조사시설", "시설구분": "문구점", "편의시설 구분": null, "경사로지원상태": "고정경사로 설치", "자동문정보": "자동문 미설치", "경사로 설치 여부": "설치", "이동식 경사로 설치 여부": "미설치", "자동문 설치 여부": "미 설치", "점자표지판 설치 여부": "미설치", "점자 메뉴판 설치 여부": "미설치", "의사소통판 설치 여부": "미설치", "경사도": null, "영업시간": null, "버스번호": null, "버스정보": null, "평일운영시간": null, "토요일운영시간": null, "상세위치": null, "최적경로": null, "대표점변환여부": false, "원본Geometry유형": "Point" }, "geometry": { "type": "Point", "coordinates": [ 126.9255, 37.6013 ] } },
{ "type": "Feature", "properties": { "id": "608", "CONTENTS_NAME": "식껍", "ADDR_OLD": "서울특별시 은평구 응암동 88-1", "ADDR_NEW": "서울특별시 은평구 응암로 339", "TEL_NO": "0507-1479-5883", "시설대분류": "접근성조사시설", "시설구분": "음식점", "편의시설 구분": null, "경사로지원상태": "고정경사로 설치", "자동문정보": "자동문 미설치", "경사로 설치 여부": "설치", "이동식 경사로 설치 여부": "미설치", "자동문 설치 여부": "미 설치", "점자표지판 설치 여부": "미설치", "점자 메뉴판 설치 여부": "미설치", "의사소통판 설치 여부": "미설치", "경사도": null, "영업시간": null, "버스번호": null, "버스정보": null, "평일운영시간": null, "토요일운영시간": null, "상세위치": null, "최적경로": null, "대표점변환여부": false, "원본Geometry유형": "Point" }, "geometry": { "type": "Point", "coordinates": [ 126.9221, 37.6015 ] } },
{ "type": "Feature", "properties": { "id": "281", "CONTENTS_NAME": "킹부동산공인중개사사무소", "ADDR_OLD": "서울특별시 은평구 녹번동 160-37", "ADDR_NEW": "서울특별시 은평구 응암로 348-2", "TEL_NO": "02-356-7244", "시설대분류": "생활편의업소", "시설구분": null, "편의시설 구분": null, "경사로지원상태": "정보없음", "자동문정보": "정보없음", "경사로 설치 여부": null, "이동식 경사로 설치 여부": null, "자동문 설치 여부": null, "점자표지판 설치 여부": null, "점자 메뉴판 설치 여부": null, "의사소통판 설치 여부": null, "경사도": null, "영업시간": "10:00 ~ 19:00", "버스번호": null, "버스정보": null, "평일운영시간": null, "토요일운영시간": null, "상세위치": null, "최적경로": null, "대표점변환여부": false, "원본Geometry유형": "Point" }, "geometry": { "type": "Point", "coordinates": [ 126.9227, 37.602 ] } },
{ "type": "Feature", "properties": { "id": "86", "CONTENTS_NAME": "은평구 장애인 이동기기 수리센터", "ADDR_OLD": "서울특별시 은평구 녹번동 155-42", "ADDR_NEW": "서울특별시 은평구 서오릉로 19", "TEL_NO": "02-374-0818", "시설대분류": "전동휠체어충전소", "시설구분": null, "편의시설 구분": null, "경사로지원상태": "정보없음", "자동문정보": "정보없음", "경사로 설치 여부": null, "이동식 경사로 설치 여부": null, "자동문 설치 여부": null, "점자표지판 설치 여부": null, "점자 메뉴판 설치 여부": null, "의사소통판 설치 여부": null, "경사도": null, "영업시간": null, "버스번호": null, "버스정보": null, "평일운영시간": "09시 ~ 18시", "토요일운영시간": "토요일, 일요일, 공휴일 휴무", "상세위치": "소형.휴대용", "최적경로": null, "대표점변환여부": false, "원본Geometry유형": "Point" }, "geometry": { "type": "Point", "coordinates": [ 126.9256, 37.6029 ] } },
{ "type": "Feature", "properties": { "id": "374", "CONTENTS_NAME": "할머니추어탕", "ADDR_OLD": "서울특별시 은평구 녹번동 162-11", "ADDR_NEW": "서울특별시 은평구 응암로 361", "TEL_NO": "02-352-1088", "시설대분류": "접근성조사시설", "시설구분": "식당", "편의시설 구분": null, "경사로지원상태": "고정경사로 설치", "자동문정보": "자동문 미설치", "경사로 설치 여부": "설치", "이동식 경사로 설치 여부": "설치", "자동문 설치 여부": "미 설치", "점자표지판 설치 여부": "설치", "점자 메뉴판 설치 여부": "설치", "의사소통판 설치 여부": "미설치", "경사도": null, "영업시간": null, "버스번호": null, "버스정보": null, "평일운영시간": null, "토요일운영시간": null, "상세위치": null, "최적경로": null, "대표점변환여부": false, "원본Geometry유형": "Point" }, "geometry": { "type": "Point", "coordinates": [ 126.9224, 37.6034 ] } },
{ "type": "Feature", "properties": { "id": "641", "CONTENTS_NAME": "쿠아레비", "ADDR_OLD": "서울특별시 은평구 역촌동 17-15", "ADDR_NEW": "서울특별시 은평구 진흥로 101", "TEL_NO": "02-356-7886", "시설대분류": "접근성조사시설", "시설구분": "카페", "편의시설 구분": null, "경사로지원상태": "이동식경사로 설치", "자동문정보": "자동문 미설치", "경사로 설치 여부": "미 설치", "이동식 경사로 설치 여부": "설치", "자동문 설치 여부": "미 설치", "점자표지판 설치 여부": "설치", "점자 메뉴판 설치 여부": "미설치", "의사소통판 설치 여부": "설치", "경사도": null, "영업시간": null, "버스번호": null, "버스정보": null, "평일운영시간": null, "토요일운영시간": null, "상세위치": null, "최적경로": null, "대표점변환여부": false, "원본Geometry유형": "Point" }, "geometry": { "type": "Point", "coordinates": [ 126.9224, 37.6059 ] } },
{ "type": "Feature", "properties": { "id": "88", "CONTENTS_NAME": "역촌역", "ADDR_OLD": "서울특별시 은평구 녹번동 153-31", "ADDR_NEW": "서울특별시 은평구 서오릉로 63", "TEL_NO": "02-6311-6111", "시설대분류": "전동휠체어충전소", "시설구분": null, "편의시설 구분": null, "경사로지원상태": "정보없음", "자동문정보": "정보없음", "경사로 설치 여부": null, "이동식 경사로 설치 여부": null, "자동문 설치 여부": null, "점자표지판 설치 여부": null, "점자 메뉴판 설치 여부": null, "의사소통판 설치 여부": null, "경사도": null, "영업시간": null, "버스번호": null, "버스정보": null, "평일운영시간": "00시 ~ 24시", "토요일운영시간": "00시 ~ 24시", "상세위치": "B1층 4번출구와 엘리베이터2호기 사이", "최적경로": null, "대표점변환여부": false, "원본Geometry유형": "Point" }, "geometry": { "type": "Point", "coordinates": [ 126.923, 37.606 ] } },
{ "type": "Feature", "properties": { "id": "350", "CONTENTS_NAME": "33. 역촌역 3번출구", "ADDR_OLD": "서울특별시 은평구 녹번동  144-100", "ADDR_NEW": "", "TEL_NO": "02-385-1351", "시설대분류": "셔틀버스정류장", "시설구분": null, "편의시설 구분": null, "경사로지원상태": "정보없음", "자동문정보": "정보없음", "경사로 설치 여부": null, "이동식 경사로 설치 여부": null, "자동문 설치 여부": null, "점자표지판 설치 여부": null, "점자 메뉴판 설치 여부": null, "의사소통판 설치 여부": null, "경사도": null, "영업시간": null, "버스번호": "12-1번", "버스정보": "전기 저상버스, 휠체어 탑승 가능, 토요일은 1회, 2회만 운영, 일요일 및 공휴일 미운영", "평일운영시간": null, "토요일운영시간": null, "상세위치": null, "최적경로": null, "대표점변환여부": false, "원본Geometry유형": "Point" }, "geometry": { "type": "Point", "coordinates": [ 126.9235, 37.607 ] } },
{ "type": "Feature", "properties": { "id": "633", "CONTENTS_NAME": "정다운약국", "ADDR_OLD": "서울특별시 은평구 대조동 38-10", "ADDR_NEW": "서울특별시 은평구 진흥로 137", "TEL_NO": "0507-1348-8547", "시설대분류": "접근성조사시설", "시설구분": "약국", "편의시설 구분": null, "경사로지원상태": "경사로 미설치", "자동문정보": "자동문 설치", "경사로 설치 여부": "미 설치", "이동식 경사로 설치 여부": "미설치", "자동문 설치 여부": "설치", "점자표지판 설치 여부": "미설치", "점자 메뉴판 설치 여부": "미설치", "의사소통판 설치 여부": "미설치", "경사도": null, "영업시간": null, "버스번호": null, "버스정보": null, "평일운영시간": null, "토요일운영시간": null, "상세위치": null, "최적경로": null, "대표점변환여부": false, "원본Geometry유형": "Point" }, "geometry": { "type": "Point", "coordinates": [ 126.9251, 37.6083 ] } },
{ "type": "Feature", "properties": { "id": "615", "CONTENTS_NAME": "은평구립 우리장애인복지관", "ADDR_OLD": "서울특별시 은평구 녹번동 173", "ADDR_NEW": "서울특별시 은평구 녹번로1길 13", "TEL_NO": "02-6951-0301", "시설대분류": "접근성조사시설", "시설구분": "재활시설(복지관)", "편의시설 구분": null, "경사로지원상태": "정보없음", "자동문정보": "정보없음", "경사로 설치 여부": null, "이동식 경사로 설치 여부": null, "자동문 설치 여부": null, "점자표지판 설치 여부": null, "점자 메뉴판 설치 여부": null, "의사소통판 설치 여부": null, "경사도": null, "영업시간": null, "버스번호": null, "버스정보": null, "평일운영시간": null, "토요일운영시간": null, "상세위치": null, "최적경로": null, "대표점변환여부": false, "원본Geometry유형": "Point" }, "geometry": { "type": "Point", "coordinates": [ 126.9266, 37.6047 ] } },
{ "type": "Feature", "properties": { "id": "427", "CONTENTS_NAME": "이룸부동산", "ADDR_OLD": "서울특별시 은평구 녹번동 120-73", "ADDR_NEW": "서울특별시 은평구 녹번로9길 9-1", "TEL_NO": "0507-1335-7993", "시설대분류": "접근성조사시설", "시설구분": "부동산", "편의시설 구분": null, "경사로지원상태": "고정경사로 설치", "자동문정보": "자동문 미설치", "경사로 설치 여부": "설치", "이동식 경사로 설치 여부": "미설치", "자동문 설치 여부": "미 설치", "점자표지판 설치 여부": "미설치", "점자 메뉴판 설치 여부": "미설치", "의사소통판 설치 여부": "미설치", "경사도": null, "영업시간": null, "버스번호": null, "버스정보": null, "평일운영시간": null, "토요일운영시간": null, "상세위치": null, "최적경로": null, "대표점변환여부": false, "원본Geometry유형": "Point" }, "geometry": { "type": "Point", "coordinates": [ 126.9306, 37.6072 ] } },
{ "type": "Feature", "properties": { "id": "574", "CONTENTS_NAME": "이혜정헤어라인", "ADDR_OLD": "서울특별시 은평구 녹번동 127-1", "ADDR_NEW": "서울특별시 은평구 진흥로12가길 25", "TEL_NO": "02-351-9011", "시설대분류": "접근성조사시설", "시설구분": "미용실", "편의시설 구분": null, "경사로지원상태": "고정경사로 설치", "자동문정보": "자동문 미설치", "경사로 설치 여부": "설치", "이동식 경사로 설치 여부": "미설치", "자동문 설치 여부": "미 설치", "점자표지판 설치 여부": "미설치", "점자 메뉴판 설치 여부": "미설치", "의사소통판 설치 여부": "미설치", "경사도": null, "영업시간": null, "버스번호": null, "버스정보": null, "평일운영시간": null, "토요일운영시간": null, "상세위치": null, "최적경로": null, "대표점변환여부": false, "원본Geometry유형": "Point" }, "geometry": { "type": "Point", "coordinates": [ 126.9294, 37.6079 ] } },
{ "type": "Feature", "properties": { "id": "53", "CONTENTS_NAME": "이혜정헤어라인", "ADDR_OLD": "서울특별시 은평구 녹번동 127-1", "ADDR_NEW": "서울특별시 은평구 진흥로12가길 25", "TEL_NO": "02-351-9011", "시설대분류": "이미용지원시설", "시설구분": null, "편의시설 구분": null, "경사로지원상태": "고정경사로 설치", "자동문정보": "자동문 미설치", "경사로 설치 여부": "설치", "이동식 경사로 설치 여부": null, "자동문 설치 여부": "미 설치", "점자표지판 설치 여부": null, "점자 메뉴판 설치 여부": null, "의사소통판 설치 여부": null, "경사도": null, "영업시간": null, "버스번호": null, "버스정보": null, "평일운영시간": null, "토요일운영시간": null, "상세위치": null, "최적경로": null, "대표점변환여부": false, "원본Geometry유형": "Point" }, "geometry": { "type": "Point", "coordinates": [ 126.9294, 37.6079 ] } },
{ "type": "Feature", "properties": { "id": "44", "CONTENTS_NAME": "예랑헤어", "ADDR_OLD": "서울특별시 은평구 녹번동 118-4", "ADDR_NEW": "서울특별시 은평구 통일로63길 10", "TEL_NO": "0507-1308-6916", "시설대분류": "이미용지원시설", "시설구분": null, "편의시설 구분": null, "경사로지원상태": "고정경사로 설치", "자동문정보": "자동문 설치", "경사로 설치 여부": "설치", "이동식 경사로 설치 여부": null, "자동문 설치 여부": "설치", "점자표지판 설치 여부": null, "점자 메뉴판 설치 여부": null, "의사소통판 설치 여부": null, "경사도": null, "영업시간": null, "버스번호": null, "버스정보": null, "평일운영시간": null, "토요일운영시간": null, "상세위치": null, "최적경로": null, "대표점변환여부": false, "원본Geometry유형": "Point" }, "geometry": { "type": "Point", "coordinates": [ 126.9308, 37.608 ] } },
{ "type": "Feature", "properties": { "id": "226", "CONTENTS_NAME": "장어가", "ADDR_OLD": "서울특별시 은평구 녹번동 141-8", "ADDR_NEW": "서울특별시 은평구 진흥로 144", "TEL_NO": "0507-1408-1196", "시설대분류": "접근성조사시설", "시설구분": "음식점", "편의시설 구분": null, "경사로지원상태": "고정경사로 설치", "자동문정보": "자동문 미설치", "경사로 설치 여부": "설치", "이동식 경사로 설치 여부": "미설치", "자동문 설치 여부": "미 설치", "점자표지판 설치 여부": "미설치", "점자 메뉴판 설치 여부": "미설치", "의사소통판 설치 여부": "미설치", "경사도": null, "영업시간": null, "버스번호": null, "버스정보": null, "평일운영시간": null, "토요일운영시간": null, "상세위치": null, "최적경로": null, "대표점변환여부": false, "원본Geometry유형": "Point" }, "geometry": { "type": "Point", "coordinates": [ 126.9261, 37.6082 ] } },
{ "type": "Feature", "properties": { "id": "224", "CONTENTS_NAME": "내고향 막창", "ADDR_OLD": "서울특별시 은평구 녹번동 141-52", "ADDR_NEW": "서울특별시 은평구 진흥로 144", "TEL_NO": "0507-1376-8052", "시설대분류": "접근성조사시설", "시설구분": "음식점", "편의시설 구분": null, "경사로지원상태": "고정경사로 설치", "자동문정보": "자동문 미설치", "경사로 설치 여부": "설치", "이동식 경사로 설치 여부": "미설치", "자동문 설치 여부": "미 설치", "점자표지판 설치 여부": "미설치", "점자 메뉴판 설치 여부": "미설치", "의사소통판 설치 여부": "미설치", "경사도": null, "영업시간": null, "버스번호": null, "버스정보": null, "평일운영시간": null, "토요일운영시간": null, "상세위치": null, "최적경로": null, "대표점변환여부": false, "원본Geometry유형": "Point" }, "geometry": { "type": "Point", "coordinates": [ 126.926, 37.6082 ] } },
{ "type": "Feature", "properties": { "id": "602", "CONTENTS_NAME": "정관장", "ADDR_OLD": "서울특별시 은평구 녹번동 117-111", "ADDR_NEW": "서울특별시 은평구 진흥로 196", "TEL_NO": "02-3157-8888", "시설대분류": "접근성조사시설", "시설구분": "잡화점", "편의시설 구분": null, "경사로지원상태": "고정경사로 설치", "자동문정보": "자동문 미설치", "경사로 설치 여부": "설치", "이동식 경사로 설치 여부": "미설치", "자동문 설치 여부": "미 설치", "점자표지판 설치 여부": "미설치", "점자 메뉴판 설치 여부": "미설치", "의사소통판 설치 여부": "미설치", "경사도": null, "영업시간": null, "버스번호": null, "버스정보": null, "평일운영시간": null, "토요일운영시간": null, "상세위치": null, "최적경로": null, "대표점변환여부": false, "원본Geometry유형": "Point" }, "geometry": { "type": "Point", "coordinates": [ 126.9312, 37.6085 ] } },
{ "type": "Feature", "properties": { "id": "316", "CONTENTS_NAME": "06.  불광역  4번출구", "ADDR_OLD": "서울특별시 은평구 대조동 13-10", "ADDR_NEW": "서울특별시 은평구 통일로 723-1", "TEL_NO": "02-385-1351", "시설대분류": "셔틀버스정류장", "시설구분": null, "편의시설 구분": null, "경사로지원상태": "정보없음", "자동문정보": "정보없음", "경사로 설치 여부": null, "이동식 경사로 설치 여부": null, "자동문 설치 여부": null, "점자표지판 설치 여부": null, "점자 메뉴판 설치 여부": null, "의사소통판 설치 여부": null, "경사도": null, "영업시간": null, "버스번호": "12번", "버스정보": "전기 저상버스, 휠체어 탑승 가능, 토요일은 1회, 2회만 운영, 일요일 및 공휴일 미운영", "평일운영시간": null, "토요일운영시간": null, "상세위치": null, "최적경로": null, "대표점변환여부": false, "원본Geometry유형": "Point" }, "geometry": { "type": "Point", "coordinates": [ 126.9302, 37.61 ] } },
{ "type": "Feature", "properties": { "id": "351", "CONTENTS_NAME": "34. 불광역 1번출구", "ADDR_OLD": "서울특별시 은평구 불광동 281-172", "ADDR_NEW": "서울특별시 은평구 통일로 720", "TEL_NO": "02-385-1351", "시설대분류": "셔틀버스정류장", "시설구분": null, "편의시설 구분": null, "경사로지원상태": "정보없음", "자동문정보": "정보없음", "경사로 설치 여부": null, "이동식 경사로 설치 여부": null, "자동문 설치 여부": null, "점자표지판 설치 여부": null, "점자 메뉴판 설치 여부": null, "의사소통판 설치 여부": null, "경사도": null, "영업시간": null, "버스번호": "12-1번", "버스정보": "전기 저상버스, 휠체어 탑승 가능, 토요일은 1회, 2회만 운영, 일요일 및 공휴일 미운영", "평일운영시간": null, "토요일운영시간": null, "상세위치": null, "최적경로": null, "대표점변환여부": false, "원본Geometry유형": "Point" }, "geometry": { "type": "Point", "coordinates": [ 126.9305, 37.6101 ] } },
{ "type": "Feature", "properties": { "id": "119", "CONTENTS_NAME": "예스부동산공인중개사사무소", "ADDR_OLD": "서울특별시 은평구 녹번동 281", "ADDR_NEW": "서울특별시 은평구 통일로 660", "TEL_NO": "388-9966", "시설대분류": "생활편의업소", "시설구분": null, "편의시설 구분": null, "경사로지원상태": "정보없음", "자동문정보": "정보없음", "경사로 설치 여부": null, "이동식 경사로 설치 여부": null, "자동문 설치 여부": null, "점자표지판 설치 여부": null, "점자 메뉴판 설치 여부": null, "의사소통판 설치 여부": null, "경사도": null, "영업시간": null, "버스번호": null, "버스정보": null, "평일운영시간": null, "토요일운영시간": null, "상세위치": null, "최적경로": null, "대표점변환여부": false, "원본Geometry유형": "Point" }, "geometry": { "type": "Point", "coordinates": [ 126.9358, 37.6056 ] } },
{ "type": "Feature", "properties": { "id": "383", "CONTENTS_NAME": "CU은평수안점", "ADDR_OLD": "서울특별시 은평구 녹번동 27-7", "ADDR_NEW": "서울특별시 은평구 통일로 671", "TEL_NO": "%EC%A0%95%EB%B3%B4%EC%97%86%EC%9D%8C", "시설대분류": "접근성조사시설", "시설구분": "편의점", "편의시설 구분": null, "경사로지원상태": "고정경사로 설치", "자동문정보": "자동문 미설치", "경사로 설치 여부": "설치", "이동식 경사로 설치 여부": "미설치", "자동문 설치 여부": "미 설치", "점자표지판 설치 여부": "미설치", "점자 메뉴판 설치 여부": "미설치", "의사소통판 설치 여부": "미설치", "경사도": null, "영업시간": null, "버스번호": null, "버스정보": null, "평일운영시간": null, "토요일운영시간": null, "상세위치": null, "최적경로": null, "대표점변환여부": false, "원본Geometry유형": "Point" }, "geometry": { "type": "Point", "coordinates": [ 126.9333, 37.6064 ] } },
{ "type": "Feature", "properties": { "id": "251", "CONTENTS_NAME": "중앙공인중개사사무소", "ADDR_OLD": "서울특별시 은평구 녹번동 14-5", "ADDR_NEW": "서울특별시 은평구 통일로 673", "TEL_NO": "386-7003", "시설대분류": "생활편의업소", "시설구분": null, "편의시설 구분": null, "경사로지원상태": "정보없음", "자동문정보": "정보없음", "경사로 설치 여부": null, "이동식 경사로 설치 여부": null, "자동문 설치 여부": null, "점자표지판 설치 여부": null, "점자 메뉴판 설치 여부": null, "의사소통판 설치 여부": null, "경사도": null, "영업시간": null, "버스번호": null, "버스정보": null, "평일운영시간": null, "토요일운영시간": null, "상세위치": null, "최적경로": null, "대표점변환여부": false, "원본Geometry유형": "Point" }, "geometry": { "type": "Point", "coordinates": [ 126.933, 37.6065 ] } },
{ "type": "Feature", "properties": { "id": "560", "CONTENTS_NAME": "열매공인중개사사무소", "ADDR_OLD": "서울특별시 은평구 녹번동 12-4", "ADDR_NEW": "서울특별시 은평구 통일로 676-1", "TEL_NO": "02-353-4488", "시설대분류": "생활편의업소", "시설구분": null, "편의시설 구분": null, "경사로지원상태": "정보없음", "자동문정보": "정보없음", "경사로 설치 여부": null, "이동식 경사로 설치 여부": null, "자동문 설치 여부": null, "점자표지판 설치 여부": null, "점자 메뉴판 설치 여부": null, "의사소통판 설치 여부": null, "경사도": null, "영업시간": "10:00 ~ 18:00", "버스번호": null, "버스정보": null, "평일운영시간": null, "토요일운영시간": null, "상세위치": null, "최적경로": null, "대표점변환여부": false, "원본Geometry유형": "Point" }, "geometry": { "type": "Point", "coordinates": [ 126.9334, 37.6069 ] } },
{ "type": "Feature", "properties": { "id": "48", "CONTENTS_NAME": "열매공인중개사사무소", "ADDR_OLD": "서울특별시 은평구 녹번동 12-4", "ADDR_NEW": "서울특별시 은평구 통일로 676-1", "TEL_NO": "353-4488", "시설대분류": "생활편의업소", "시설구분": null, "편의시설 구분": null, "경사로지원상태": "정보없음", "자동문정보": "정보없음", "경사로 설치 여부": null, "이동식 경사로 설치 여부": null, "자동문 설치 여부": null, "점자표지판 설치 여부": null, "점자 메뉴판 설치 여부": null, "의사소통판 설치 여부": null, "경사도": null, "영업시간": null, "버스번호": null, "버스정보": null, "평일운영시간": null, "토요일운영시간": null, "상세위치": null, "최적경로": null, "대표점변환여부": false, "원본Geometry유형": "Point" }, "geometry": { "type": "Point", "coordinates": [ 126.9334, 37.6069 ] } },
{ "type": "Feature", "properties": { "id": "254", "CONTENTS_NAME": "로얄공인중개사사무소", "ADDR_OLD": "서울특별시 은평구 녹번동 117-52", "ADDR_NEW": "서울특별시 은평구 녹번로 73", "TEL_NO": "02-387-1606", "시설대분류": "생활편의업소", "시설구분": null, "편의시설 구분": null, "경사로지원상태": "정보없음", "자동문정보": "정보없음", "경사로 설치 여부": null, "이동식 경사로 설치 여부": null, "자동문 설치 여부": null, "점자표지판 설치 여부": null, "점자 메뉴판 설치 여부": null, "의사소통판 설치 여부": null, "경사도": null, "영업시간": null, "버스번호": null, "버스정보": null, "평일운영시간": null, "토요일운영시간": null, "상세위치": null, "최적경로": null, "대표점변환여부": false, "원본Geometry유형": "Point" }, "geometry": { "type": "Point", "coordinates": [ 126.9319, 37.6072 ] } },
{ "type": "Feature", "properties": { "id": "435", "CONTENTS_NAME": "프리롤", "ADDR_OLD": "서울특별시 은평구 불광동 285-20", "ADDR_NEW": "서울특별시 은평구 진흥로 201", "TEL_NO": "0507-1483-8834", "시설대분류": "접근성조사시설", "시설구분": "카페", "편의시설 구분": null, "경사로지원상태": "고정경사로 설치", "자동문정보": "자동문 미설치", "경사로 설치 여부": "설치", "이동식 경사로 설치 여부": "미설치", "자동문 설치 여부": "미 설치", "점자표지판 설치 여부": "미설치", "점자 메뉴판 설치 여부": "미설치", "의사소통판 설치 여부": "미설치", "경사도": null, "영업시간": null, "버스번호": null, "버스정보": null, "평일운영시간": null, "토요일운영시간": null, "상세위치": null, "최적경로": null, "대표점변환여부": false, "원본Geometry유형": "Point" }, "geometry": { "type": "Point", "coordinates": [ 126.9317, 37.6092 ] } },
{ "type": "Feature", "properties": { "id": "376", "CONTENTS_NAME": "비전화카페", "ADDR_OLD": "서울특별시 은평구 녹번동 7", "ADDR_NEW": "서울특별시 은평구 통일로 684", "TEL_NO": "0507-1411-6838", "시설대분류": "접근성조사시설", "시설구분": "카페", "편의시설 구분": null, "경사로지원상태": "경사로 미설치", "자동문정보": "자동문 미설치", "경사로 설치 여부": "미 설치", "이동식 경사로 설치 여부": "미설치", "자동문 설치 여부": "미 설치", "점자표지판 설치 여부": "미설치", "점자 메뉴판 설치 여부": "미설치", "의사소통판 설치 여부": "설치", "경사도": null, "영업시간": null, "버스번호": null, "버스정보": null, "평일운영시간": null, "토요일운영시간": null, "상세위치": null, "최적경로": null, "대표점변환여부": false, "원본Geometry유형": "Point" }, "geometry": { "type": "Point", "coordinates": [ 126.935, 37.6094 ] } },
{ "type": "Feature", "properties": { "id": "518", "CONTENTS_NAME": "현대공인중개사사무소", "ADDR_OLD": "서울특별시 은평구 불광동 600-3", "ADDR_NEW": "서울특별시 은평구 불광로2길 10", "TEL_NO": "02-357-4989", "시설대분류": "생활편의업소", "시설구분": null, "편의시설 구분": null, "경사로지원상태": "정보없음", "자동문정보": "정보없음", "경사로 설치 여부": null, "이동식 경사로 설치 여부": null, "자동문 설치 여부": null, "점자표지판 설치 여부": null, "점자 메뉴판 설치 여부": null, "의사소통판 설치 여부": null, "경사도": null, "영업시간": null, "버스번호": null, "버스정보": null, "평일운영시간": null, "토요일운영시간": null, "상세위치": null, "최적경로": null, "대표점변환여부": false, "원본Geometry유형": "Point" }, "geometry": { "type": "Point", "coordinates": [ 126.9328, 37.6118 ] } },
{ "type": "Feature", "properties": { "id": "536", "CONTENTS_NAME": "부동산친구공인중개사사무소", "ADDR_OLD": "서울특별시 은평구 불광동 600-2", "ADDR_NEW": "서울특별시 은평구 불광로2길 8", "TEL_NO": "02-387-7900", "시설대분류": "생활편의업소", "시설구분": null, "편의시설 구분": null, "경사로지원상태": "정보없음", "자동문정보": "정보없음", "경사로 설치 여부": null, "이동식 경사로 설치 여부": null, "자동문 설치 여부": null, "점자표지판 설치 여부": null, "점자 메뉴판 설치 여부": null, "의사소통판 설치 여부": null, "경사도": null, "영업시간": null, "버스번호": null, "버스정보": null, "평일운영시간": null, "토요일운영시간": null, "상세위치": null, "최적경로": null, "대표점변환여부": false, "원본Geometry유형": "Point" }, "geometry": { "type": "Point", "coordinates": [ 126.9327, 37.6119 ] } },
{ "type": "Feature", "properties": { "id": "259", "CONTENTS_NAME": "경희부동산공인중개사사무소", "ADDR_OLD": "서울특별시 은평구 대조동 60-1", "ADDR_NEW": "서울특별시 은평구 서오릉로8길 22", "TEL_NO": "02-384-2700", "시설대분류": "생활편의업소", "시설구분": null, "편의시설 구분": null, "경사로지원상태": "정보없음", "자동문정보": "정보없음", "경사로 설치 여부": null, "이동식 경사로 설치 여부": null, "자동문 설치 여부": null, "점자표지판 설치 여부": null, "점자 메뉴판 설치 여부": null, "의사소통판 설치 여부": null, "경사도": null, "영업시간": "10:00 ~ 18:00", "버스번호": null, "버스정보": null, "평일운영시간": null, "토요일운영시간": null, "상세위치": null, "최적경로": null, "대표점변환여부": false, "원본Geometry유형": "Point" }, "geometry": { "type": "Point", "coordinates": [ 126.9238, 37.6088 ] } },
{ "type": "Feature", "properties": { "id": "8", "CONTENTS_NAME": "메디알레소망공인중개사사무소", "ADDR_OLD": "서울특별시 은평구 대조동 68-4", "ADDR_NEW": "서울특별시 은평구 서오릉로8길 23", "TEL_NO": "", "시설대분류": "생활편의업소", "시설구분": null, "편의시설 구분": null, "경사로지원상태": "정보없음", "자동문정보": "정보없음", "경사로 설치 여부": null, "이동식 경사로 설치 여부": null, "자동문 설치 여부": null, "점자표지판 설치 여부": null, "점자 메뉴판 설치 여부": null, "의사소통판 설치 여부": null, "경사도": null, "영업시간": "10:00~18:00", "버스번호": null, "버스정보": null, "평일운영시간": null, "토요일운영시간": null, "상세위치": null, "최적경로": null, "대표점변환여부": false, "원본Geometry유형": "Point" }, "geometry": { "type": "Point", "coordinates": [ 126.9238, 37.609 ] } },
{ "type": "Feature", "properties": { "id": "34", "CONTENTS_NAME": "리치공인중개사사무소", "ADDR_OLD": "서울특별시 은평구 대조동 68-2", "ADDR_NEW": "서울특별시 은평구 역말로10길 32", "TEL_NO": "355-7285", "시설대분류": "생활편의업소", "시설구분": null, "편의시설 구분": null, "경사로지원상태": "정보없음", "자동문정보": "정보없음", "경사로 설치 여부": null, "이동식 경사로 설치 여부": null, "자동문 설치 여부": null, "점자표지판 설치 여부": null, "점자 메뉴판 설치 여부": null, "의사소통판 설치 여부": null, "경사도": null, "영업시간": null, "버스번호": null, "버스정보": null, "평일운영시간": null, "토요일운영시간": null, "상세위치": null, "최적경로": null, "대표점변환여부": false, "원본Geometry유형": "Point" }, "geometry": { "type": "Point", "coordinates": [ 126.9239, 37.6091 ] } },
{ "type": "Feature", "properties": { "id": "571", "CONTENTS_NAME": "사랑의집", "ADDR_OLD": "서울특별시 은평구 대조동 68-5", "ADDR_NEW": "서울특별시 은평구 역말로10길 30-1", "TEL_NO": "070-4652-6802", "시설대분류": "접근성조사시설", "시설구분": "재활시설(주간보호시설)", "편의시설 구분": null, "경사로지원상태": "정보없음", "자동문정보": "정보없음", "경사로 설치 여부": null, "이동식 경사로 설치 여부": null, "자동문 설치 여부": null, "점자표지판 설치 여부": null, "점자 메뉴판 설치 여부": null, "의사소통판 설치 여부": null, "경사도": null, "영업시간": null, "버스번호": null, "버스정보": null, "평일운영시간": null, "토요일운영시간": null, "상세위치": null, "최적경로": null, "대표점변환여부": false, "원본Geometry유형": "Point" }, "geometry": { "type": "Point", "coordinates": [ 126.9238, 37.6092 ] } },
{ "type": "Feature", "properties": { "id": "6", "CONTENTS_NAME": "현대메디알레공인중개사사무소", "ADDR_OLD": "서울특별시 은평구 대조동 34-1", "ADDR_NEW": "서울특별시 은평구 진흥로13길 9", "TEL_NO": "02-355-5148", "시설대분류": "생활편의업소", "시설구분": null, "편의시설 구분": null, "경사로지원상태": "정보없음", "자동문정보": "정보없음", "경사로 설치 여부": null, "이동식 경사로 설치 여부": null, "자동문 설치 여부": null, "점자표지판 설치 여부": null, "점자 메뉴판 설치 여부": null, "의사소통판 설치 여부": null, "경사도": null, "영업시간": "07:00~21:00", "버스번호": null, "버스정보": null, "평일운영시간": null, "토요일운영시간": null, "상세위치": null, "최적경로": null, "대표점변환여부": false, "원본Geometry유형": "Point" }, "geometry": { "type": "Point", "coordinates": [ 126.9255, 37.6093 ] } },
{ "type": "Feature", "properties": { "id": "286", "CONTENTS_NAME": "대한공인중개사사무소", "ADDR_OLD": "서울특별시 은평구 대조동 33-1", "ADDR_NEW": "서울특별시 은평구 진흥로13길 13", "TEL_NO": "02-385-2828", "시설대분류": "생활편의업소", "시설구분": null, "편의시설 구분": null, "경사로지원상태": "정보없음", "자동문정보": "정보없음", "경사로 설치 여부": null, "이동식 경사로 설치 여부": null, "자동문 설치 여부": null, "점자표지판 설치 여부": null, "점자 메뉴판 설치 여부": null, "의사소통판 설치 여부": null, "경사도": null, "영업시간": null, "버스번호": null, "버스정보": null, "평일운영시간": null, "토요일운영시간": null, "상세위치": null, "최적경로": null, "대표점변환여부": false, "원본Geometry유형": "Point" }, "geometry": { "type": "Point", "coordinates": [ 126.925, 37.6095 ] } },
{ "type": "Feature", "properties": { "id": "69", "CONTENTS_NAME": "구립대조노인복지관", "ADDR_OLD": "서울특별시 은평구 대조동 208-11", "ADDR_NEW": "서울특별시 은평구 역말로9길 27", "TEL_NO": "02-6951-1172", "시설대분류": "접근성조사시설", "시설구분": "어르신 복지시설", "편의시설 구분": null, "경사로지원상태": "정보없음", "자동문정보": "정보없음", "경사로 설치 여부": null, "이동식 경사로 설치 여부": null, "자동문 설치 여부": null, "점자표지판 설치 여부": null, "점자 메뉴판 설치 여부": null, "의사소통판 설치 여부": null, "경사도": null, "영업시간": null, "버스번호": null, "버스정보": null, "평일운영시간": null, "토요일운영시간": null, "상세위치": null, "최적경로": "연신내역 4번 출구에서 도보 10분", "대표점변환여부": false, "원본Geometry유형": "Point" }, "geometry": { "type": "Point", "coordinates": [ 126.922, 37.6134 ] } },
{ "type": "Feature", "properties": { "id": "239", "CONTENTS_NAME": "시티공인중개사사무소", "ADDR_OLD": "서울특별시 은평구 대조동 190-66", "ADDR_NEW": "서울특별시 은평구 역말로9길 38-2", "TEL_NO": "386-5310", "시설대분류": "생활편의업소", "시설구분": null, "편의시설 구분": null, "경사로지원상태": "정보없음", "자동문정보": "정보없음", "경사로 설치 여부": null, "이동식 경사로 설치 여부": null, "자동문 설치 여부": null, "점자표지판 설치 여부": null, "점자 메뉴판 설치 여부": null, "의사소통판 설치 여부": null, "경사도": null, "영업시간": null, "버스번호": null, "버스정보": null, "평일운영시간": null, "토요일운영시간": null, "상세위치": null, "최적경로": null, "대표점변환여부": false, "원본Geometry유형": "Point" }, "geometry": { "type": "Point", "coordinates": [ 126.9225, 37.6145 ] } },
{ "type": "Feature", "properties": { "id": "49", "CONTENTS_NAME": "온라인공인중개사사무소", "ADDR_OLD": "서울특별시 은평구 대조동 191-5", "ADDR_NEW": "서울특별시 은평구 통일로73길 11-1", "TEL_NO": "353-8924", "시설대분류": "생활편의업소", "시설구분": null, "편의시설 구분": null, "경사로지원상태": "정보없음", "자동문정보": "정보없음", "경사로 설치 여부": null, "이동식 경사로 설치 여부": null, "자동문 설치 여부": null, "점자표지판 설치 여부": null, "점자 메뉴판 설치 여부": null, "의사소통판 설치 여부": null, "경사도": null, "영업시간": null, "버스번호": null, "버스정보": null, "평일운영시간": null, "토요일운영시간": null, "상세위치": null, "최적경로": null, "대표점변환여부": false, "원본Geometry유형": "Point" }, "geometry": { "type": "Point", "coordinates": [ 126.9232, 37.6153 ] } },
{ "type": "Feature", "properties": { "id": "451", "CONTENTS_NAME": "온라인공인중개사사무소", "ADDR_OLD": "서울특별시 은평구 대조동 191-5", "ADDR_NEW": "서울특별시 은평구 통일로73길 11-1", "TEL_NO": "02-353-8924", "시설대분류": "생활편의업소", "시설구분": null, "편의시설 구분": null, "경사로지원상태": "정보없음", "자동문정보": "정보없음", "경사로 설치 여부": null, "이동식 경사로 설치 여부": null, "자동문 설치 여부": null, "점자표지판 설치 여부": null, "점자 메뉴판 설치 여부": null, "의사소통판 설치 여부": null, "경사도": null, "영업시간": "9:30 ~ 19:30", "버스번호": null, "버스정보": null, "평일운영시간": null, "토요일운영시간": null, "상세위치": null, "최적경로": null, "대표점변환여부": false, "원본Geometry유형": "Point" }, "geometry": { "type": "Point", "coordinates": [ 126.9232, 37.6153 ] } },
{ "type": "Feature", "properties": { "id": "101", "CONTENTS_NAME": "의자15", "ADDR_OLD": "서울특별시 은평구 신사동 산 48-2", "ADDR_NEW": "", "TEL_NO": "", "시설대분류": "야외편의시설", "시설구분": null, "편의시설 구분": "의자", "경사로지원상태": "정보없음", "자동문정보": "정보없음", "경사로 설치 여부": null, "이동식 경사로 설치 여부": null, "자동문 설치 여부": null, "점자표지판 설치 여부": null, "점자 메뉴판 설치 여부": null, "의사소통판 설치 여부": null, "경사도": "1", "영업시간": null, "버스번호": null, "버스정보": null, "평일운영시간": null, "토요일운영시간": null, "상세위치": null, "최적경로": null, "대표점변환여부": false, "원본Geometry유형": "Point" }, "geometry": { "type": "Point", "coordinates": [ 126.9014, 37.5976 ] } },
{ "type": "Feature", "properties": { "id": "100", "CONTENTS_NAME": "의자16", "ADDR_OLD": "서울특별시 은평구 신사동 산 48-2", "ADDR_NEW": "", "TEL_NO": "", "시설대분류": "야외편의시설", "시설구분": null, "편의시설 구분": "의자", "경사로지원상태": "정보없음", "자동문정보": "정보없음", "경사로 설치 여부": null, "이동식 경사로 설치 여부": null, "자동문 설치 여부": null, "점자표지판 설치 여부": null, "점자 메뉴판 설치 여부": null, "의사소통판 설치 여부": null, "경사도": "4", "영업시간": null, "버스번호": null, "버스정보": null, "평일운영시간": null, "토요일운영시간": null, "상세위치": null, "최적경로": null, "대표점변환여부": false, "원본Geometry유형": "Point" }, "geometry": { "type": "Point", "coordinates": [ 126.9016, 37.598 ] } },
{ "type": "Feature", "properties": { "id": "465", "CONTENTS_NAME": "의자17", "ADDR_OLD": "서울특별시 은평구 신사동  산 48-2", "ADDR_NEW": "", "TEL_NO": "", "시설대분류": "야외편의시설", "시설구분": null, "편의시설 구분": "의자", "경사로지원상태": "정보없음", "자동문정보": "정보없음", "경사로 설치 여부": null, "이동식 경사로 설치 여부": null, "자동문 설치 여부": null, "점자표지판 설치 여부": null, "점자 메뉴판 설치 여부": null, "의사소통판 설치 여부": null, "경사도": "4", "영업시간": null, "버스번호": null, "버스정보": null, "평일운영시간": null, "토요일운영시간": null, "상세위치": null, "최적경로": null, "대표점변환여부": false, "원본Geometry유형": "Point" }, "geometry": { "type": "Point", "coordinates": [ 126.9017, 37.5984 ] } },
{ "type": "Feature", "properties": { "id": "149", "CONTENTS_NAME": "의자18", "ADDR_OLD": "서울특별시 은평구 신사동 산 48-2", "ADDR_NEW": "", "TEL_NO": "", "시설대분류": "야외편의시설", "시설구분": null, "편의시설 구분": "의자", "경사로지원상태": "정보없음", "자동문정보": "정보없음", "경사로 설치 여부": null, "이동식 경사로 설치 여부": null, "자동문 설치 여부": null, "점자표지판 설치 여부": null, "점자 메뉴판 설치 여부": null, "의사소통판 설치 여부": null, "경사도": "4", "영업시간": null, "버스번호": null, "버스정보": null, "평일운영시간": null, "토요일운영시간": null, "상세위치": null, "최적경로": null, "대표점변환여부": false, "원본Geometry유형": "Point" }, "geometry": { "type": "Point", "coordinates": [ 126.9016, 37.5987 ] } },
{ "type": "Feature", "properties": { "id": "148", "CONTENTS_NAME": "의자19", "ADDR_OLD": "서울특별시 은평구 신사동 산 47", "ADDR_NEW": "", "TEL_NO": "", "시설대분류": "야외편의시설", "시설구분": null, "편의시설 구분": "의자", "경사로지원상태": "정보없음", "자동문정보": "정보없음", "경사로 설치 여부": null, "이동식 경사로 설치 여부": null, "자동문 설치 여부": null, "점자표지판 설치 여부": null, "점자 메뉴판 설치 여부": null, "의사소통판 설치 여부": null, "경사도": "5", "영업시간": null, "버스번호": null, "버스정보": null, "평일운영시간": null, "토요일운영시간": null, "상세위치": null, "최적경로": null, "대표점변환여부": false, "원본Geometry유형": "Point" }, "geometry": { "type": "Point", "coordinates": [ 126.9019, 37.5992 ] } },
{ "type": "Feature", "properties": { "id": "464", "CONTENTS_NAME": "의자20", "ADDR_OLD": "서울특별시 은평구 신사동  산 48-2", "ADDR_NEW": "", "TEL_NO": "", "시설대분류": "야외편의시설", "시설구분": null, "편의시설 구분": "의자", "경사로지원상태": "정보없음", "자동문정보": "정보없음", "경사로 설치 여부": null, "이동식 경사로 설치 여부": null, "자동문 설치 여부": null, "점자표지판 설치 여부": null, "점자 메뉴판 설치 여부": null, "의사소통판 설치 여부": null, "경사도": "3", "영업시간": null, "버스번호": null, "버스정보": null, "평일운영시간": null, "토요일운영시간": null, "상세위치": null, "최적경로": null, "대표점변환여부": false, "원본Geometry유형": "Point" }, "geometry": { "type": "Point", "coordinates": [ 126.9017, 37.6 ] } },
{ "type": "Feature", "properties": { "id": "463", "CONTENTS_NAME": "의자21", "ADDR_OLD": "서울특별시 은평구 신사동  산 48-2", "ADDR_NEW": "", "TEL_NO": "", "시설대분류": "야외편의시설", "시설구분": null, "편의시설 구분": "의자", "경사로지원상태": "정보없음", "자동문정보": "정보없음", "경사로 설치 여부": null, "이동식 경사로 설치 여부": null, "자동문 설치 여부": null, "점자표지판 설치 여부": null, "점자 메뉴판 설치 여부": null, "의사소통판 설치 여부": null, "경사도": "4", "영업시간": null, "버스번호": null, "버스정보": null, "평일운영시간": null, "토요일운영시간": null, "상세위치": null, "최적경로": null, "대표점변환여부": false, "원본Geometry유형": "Point" }, "geometry": { "type": "Point", "coordinates": [ 126.9011, 37.6005 ] } },
{ "type": "Feature", "properties": { "id": "147", "CONTENTS_NAME": "의자22", "ADDR_OLD": "서울특별시 은평구 신사동 산 48-2", "ADDR_NEW": "", "TEL_NO": "", "시설대분류": "야외편의시설", "시설구분": null, "편의시설 구분": "의자", "경사로지원상태": "정보없음", "자동문정보": "정보없음", "경사로 설치 여부": null, "이동식 경사로 설치 여부": null, "자동문 설치 여부": null, "점자표지판 설치 여부": null, "점자 메뉴판 설치 여부": null, "의사소통판 설치 여부": null, "경사도": "4", "영업시간": null, "버스번호": null, "버스정보": null, "평일운영시간": null, "토요일운영시간": null, "상세위치": null, "최적경로": null, "대표점변환여부": false, "원본Geometry유형": "Point" }, "geometry": { "type": "Point", "coordinates": [ 126.9011, 37.6005 ] } },
{ "type": "Feature", "properties": { "id": "146", "CONTENTS_NAME": "의자23", "ADDR_OLD": "서울특별시 은평구 신사동 산 48-2", "ADDR_NEW": "", "TEL_NO": "", "시설대분류": "야외편의시설", "시설구분": null, "편의시설 구분": "의자", "경사로지원상태": "정보없음", "자동문정보": "정보없음", "경사로 설치 여부": null, "이동식 경사로 설치 여부": null, "자동문 설치 여부": null, "점자표지판 설치 여부": null, "점자 메뉴판 설치 여부": null, "의사소통판 설치 여부": null, "경사도": "5", "영업시간": null, "버스번호": null, "버스정보": null, "평일운영시간": null, "토요일운영시간": null, "상세위치": null, "최적경로": null, "대표점변환여부": false, "원본Geometry유형": "Point" }, "geometry": { "type": "Point", "coordinates": [ 126.9007, 37.6011 ] } },
{ "type": "Feature", "properties": { "id": "483", "CONTENTS_NAME": "신사공인중개사사무소", "ADDR_OLD": "서울특별시 은평구 신사동 18-40", "ADDR_NEW": "서울특별시 은평구 갈현로1길 17", "TEL_NO": "354-8880", "시설대분류": "생활편의업소", "시설구분": null, "편의시설 구분": null, "경사로지원상태": "정보없음", "자동문정보": "정보없음", "경사로 설치 여부": null, "이동식 경사로 설치 여부": null, "자동문 설치 여부": null, "점자표지판 설치 여부": null, "점자 메뉴판 설치 여부": null, "의사소통판 설치 여부": null, "경사도": null, "영업시간": null, "버스번호": null, "버스정보": null, "평일운영시간": null, "토요일운영시간": null, "상세위치": null, "최적경로": null, "대표점변환여부": false, "원본Geometry유형": "Point" }, "geometry": { "type": "Point", "coordinates": [ 126.9082, 37.5993 ] } },
{ "type": "Feature", "properties": { "id": "9", "CONTENTS_NAME": "예원부동산공인중개사사무소", "ADDR_OLD": "서울특별시 은평구 신사동 15-50", "ADDR_NEW": "서울특별시 은평구 갈현로1길 8", "TEL_NO": "02-356-6663", "시설대분류": "생활편의업소", "시설구분": null, "편의시설 구분": null, "경사로지원상태": "정보없음", "자동문정보": "정보없음", "경사로 설치 여부": null, "이동식 경사로 설치 여부": null, "자동문 설치 여부": null, "점자표지판 설치 여부": null, "점자 메뉴판 설치 여부": null, "의사소통판 설치 여부": null, "경사도": null, "영업시간": "10:00~20:00", "버스번호": null, "버스정보": null, "평일운영시간": null, "토요일운영시간": null, "상세위치": null, "최적경로": null, "대표점변환여부": false, "원본Geometry유형": "Point" }, "geometry": { "type": "Point", "coordinates": [ 126.9094, 37.5994 ] } },
{ "type": "Feature", "properties": { "id": "489", "CONTENTS_NAME": "정희공인중개사사무소", "ADDR_OLD": "서울특별시 은평구 신사동 8-4", "ADDR_NEW": "서울특별시 은평구 갈현로 28", "TEL_NO": "383-2572", "시설대분류": "생활편의업소", "시설구분": null, "편의시설 구분": null, "경사로지원상태": "정보없음", "자동문정보": "정보없음", "경사로 설치 여부": null, "이동식 경사로 설치 여부": null, "자동문 설치 여부": null, "점자표지판 설치 여부": null, "점자 메뉴판 설치 여부": null, "의사소통판 설치 여부": null, "경사도": null, "영업시간": null, "버스번호": null, "버스정보": null, "평일운영시간": null, "토요일운영시간": null, "상세위치": null, "최적경로": null, "대표점변환여부": false, "원본Geometry유형": "Point" }, "geometry": { "type": "Point", "coordinates": [ 126.9104, 37.6004 ] } },
{ "type": "Feature", "properties": { "id": "47", "CONTENTS_NAME": "대림부동산공인중개사사무소", "ADDR_OLD": "서울특별시 은평구 신사동 9-12", "ADDR_NEW": "서울특별시 은평구 갈현로 43", "TEL_NO": "02-355-3535", "시설대분류": "생활편의업소", "시설구분": null, "편의시설 구분": null, "경사로지원상태": "정보없음", "자동문정보": "정보없음", "경사로 설치 여부": null, "이동식 경사로 설치 여부": null, "자동문 설치 여부": null, "점자표지판 설치 여부": null, "점자 메뉴판 설치 여부": null, "의사소통판 설치 여부": null, "경사도": null, "영업시간": null, "버스번호": null, "버스정보": null, "평일운영시간": null, "토요일운영시간": null, "상세위치": null, "최적경로": null, "대표점변환여부": false, "원본Geometry유형": "Point" }, "geometry": { "type": "Point", "coordinates": [ 126.9101, 37.6017 ] } },
{ "type": "Feature", "properties": { "id": "557", "CONTENTS_NAME": "대림부동산공인중개사사무소", "ADDR_OLD": "서울특별시 은평구 신사동 9-12", "ADDR_NEW": "서울특별시 은평구 갈현로 43", "TEL_NO": "02-355-3535", "시설대분류": "생활편의업소", "시설구분": null, "편의시설 구분": null, "경사로지원상태": "정보없음", "자동문정보": "정보없음", "경사로 설치 여부": null, "이동식 경사로 설치 여부": null, "자동문 설치 여부": null, "점자표지판 설치 여부": null, "점자 메뉴판 설치 여부": null, "의사소통판 설치 여부": null, "경사도": null, "영업시간": "10:00 ~ 19:00", "버스번호": null, "버스정보": null, "평일운영시간": null, "토요일운영시간": null, "상세위치": null, "최적경로": null, "대표점변환여부": false, "원본Geometry유형": "Point" }, "geometry": { "type": "Point", "coordinates": [ 126.9101, 37.6017 ] } },
{ "type": "Feature", "properties": { "id": "41", "CONTENTS_NAME": "e-편한공인중개사사무소", "ADDR_OLD": "서울특별시 은평구 역촌동 79-36", "ADDR_NEW": "서울특별시 은평구 갈현로 50", "TEL_NO": "02-358-7989", "시설대분류": "생활편의업소", "시설구분": null, "편의시설 구분": null, "경사로지원상태": "정보없음", "자동문정보": "정보없음", "경사로 설치 여부": null, "이동식 경사로 설치 여부": null, "자동문 설치 여부": null, "점자표지판 설치 여부": null, "점자 메뉴판 설치 여부": null, "의사소통판 설치 여부": null, "경사도": null, "영업시간": "10:00 ~ 18:00", "버스번호": null, "버스정보": null, "평일운영시간": null, "토요일운영시간": null, "상세위치": null, "최적경로": null, "대표점변환여부": false, "원본Geometry유형": "Point" }, "geometry": { "type": "Point", "coordinates": [ 126.9105, 37.6023 ] } },
{ "type": "Feature", "properties": { "id": "65", "CONTENTS_NAME": "구립역촌노인복지관", "ADDR_OLD": "서울특별시 은평구 역촌동 67-9", "ADDR_NEW": "서울특별시 은평구 연서로3나길 11-30", "TEL_NO": "02-385-9500", "시설대분류": "접근성조사시설", "시설구분": "어르신 복지시설", "편의시설 구분": null, "경사로지원상태": "정보없음", "자동문정보": "정보없음", "경사로 설치 여부": null, "이동식 경사로 설치 여부": null, "자동문 설치 여부": null, "점자표지판 설치 여부": null, "점자 메뉴판 설치 여부": null, "의사소통판 설치 여부": null, "경사도": null, "영업시간": null, "버스번호": null, "버스정보": null, "평일운영시간": null, "토요일운영시간": null, "상세위치": null, "최적경로": "응암역 2번 출구에서 도보 12분", "대표점변환여부": false, "원본Geometry유형": "Point" }, "geometry": { "type": "Point", "coordinates": [ 126.9114, 37.6033 ] } },
{ "type": "Feature", "properties": { "id": "365", "CONTENTS_NAME": "거북이한의원", "ADDR_OLD": "서울특별시 은평구 역촌동 69-6", "ADDR_NEW": "서울특별시 은평구 연서로3길 48", "TEL_NO": "02-385-0675", "시설대분류": "접근성조사시설", "시설구분": "병원", "편의시설 구분": null, "경사로지원상태": "경사로 미설치", "자동문정보": "자동문 설치", "경사로 설치 여부": "미 설치", "이동식 경사로 설치 여부": "미설치", "자동문 설치 여부": "설치", "점자표지판 설치 여부": "미설치", "점자 메뉴판 설치 여부": "미설치", "의사소통판 설치 여부": "미설치", "경사도": null, "영업시간": null, "버스번호": null, "버스정보": null, "평일운영시간": null, "토요일운영시간": null, "상세위치": null, "최적경로": null, "대표점변환여부": false, "원본Geometry유형": "Point" }, "geometry": { "type": "Point", "coordinates": [ 126.9107, 37.6033 ] } },
{ "type": "Feature", "properties": { "id": "590", "CONTENTS_NAME": "문영선헤어", "ADDR_OLD": "서울특별시 은평구 역촌동 73-3", "ADDR_NEW": "서울특별시 은평구 갈현로7길 16", "TEL_NO": "%EC%A0%95%EB%B3%B4%EC%97%86%EC%9D%8C", "시설대분류": "접근성조사시설", "시설구분": "미용실", "편의시설 구분": null, "경사로지원상태": "이동식경사로 설치", "자동문정보": "자동문 미설치", "경사로 설치 여부": "미 설치", "이동식 경사로 설치 여부": "설치", "자동문 설치 여부": "미 설치", "점자표지판 설치 여부": "미설치", "점자 메뉴판 설치 여부": "미설치", "의사소통판 설치 여부": "미설치", "경사도": null, "영업시간": null, "버스번호": null, "버스정보": null, "평일운영시간": null, "토요일운영시간": null, "상세위치": null, "최적경로": null, "대표점변환여부": false, "원본Geometry유형": "Point" }, "geometry": { "type": "Point", "coordinates": [ 126.9089, 37.604 ] } },
{ "type": "Feature", "properties": { "id": "478", "CONTENTS_NAME": "25.  엔젤스헤이븐", "ADDR_OLD": "서울특별시 은평구 구산동  191-1", "ADDR_NEW": "서울특별시 은평구 갈현로11길 30, 기쁨의집 Q동 (구산동, 사회복지법인엔젤스헤이븐)", "TEL_NO": "02-385-1351", "시설대분류": "셔틀버스정류장", "시설구분": null, "편의시설 구분": null, "경사로지원상태": "정보없음", "자동문정보": "정보없음", "경사로 설치 여부": null, "이동식 경사로 설치 여부": null, "자동문 설치 여부": null, "점자표지판 설치 여부": null, "점자 메뉴판 설치 여부": null, "의사소통판 설치 여부": null, "경사도": null, "영업시간": null, "버스번호": "12번", "버스정보": "전기 저상버스, 휠체어 탑승 가능, 토요일은 1회, 2회만 운영, 일요일 및 공휴일 미운영", "평일운영시간": null, "토요일운영시간": null, "상세위치": null, "최적경로": null, "대표점변환여부": false, "원본Geometry유형": "Point" }, "geometry": { "type": "Point", "coordinates": [ 126.9076, 37.605 ] } },
{ "type": "Feature", "properties": { "id": "375", "CONTENTS_NAME": "커피신념", "ADDR_OLD": "서울특별시 은평구 역촌동 74-21", "ADDR_NEW": "서울특별시 은평구 갈현로11길 27", "TEL_NO": "02-356-7545", "시설대분류": "접근성조사시설", "시설구분": "카페", "편의시설 구분": null, "경사로지원상태": "경사로 미설치", "자동문정보": "자동문 미설치", "경사로 설치 여부": "미 설치", "이동식 경사로 설치 여부": "미설치", "자동문 설치 여부": "미 설치", "점자표지판 설치 여부": "미설치", "점자 메뉴판 설치 여부": "미설치", "의사소통판 설치 여부": "설치", "경사도": null, "영업시간": null, "버스번호": null, "버스정보": null, "평일운영시간": null, "토요일운영시간": null, "상세위치": null, "최적경로": null, "대표점변환여부": false, "원본Geometry유형": "Point" }, "geometry": { "type": "Point", "coordinates": [ 126.9075, 37.6049 ] } },
{ "type": "Feature", "properties": { "id": "595", "CONTENTS_NAME": "커피신념", "ADDR_OLD": "서울특별시 은평구 역촌동 74-21", "ADDR_NEW": "서울특별시 은평구 갈현로11길 27", "TEL_NO": "02-356-7545", "시설대분류": "접근성조사시설", "시설구분": "카페", "편의시설 구분": null, "경사로지원상태": "고정경사로 설치", "자동문정보": "자동문 미설치", "경사로 설치 여부": "설치", "이동식 경사로 설치 여부": "미설치", "자동문 설치 여부": "미 설치", "점자표지판 설치 여부": "미설치", "점자 메뉴판 설치 여부": "미설치", "의사소통판 설치 여부": "미설치", "경사도": null, "영업시간": null, "버스번호": null, "버스정보": null, "평일운영시간": null, "토요일운영시간": null, "상세위치": null, "최적경로": null, "대표점변환여부": false, "원본Geometry유형": "Point" }, "geometry": { "type": "Point", "coordinates": [ 126.9075, 37.6049 ] } },
{ "type": "Feature", "properties": { "id": "43", "CONTENTS_NAME": "헤어플러스", "ADDR_OLD": "서울특별시 은평구 역촌동 201-7", "ADDR_NEW": "서울특별시 은평구 갈현로7길 34", "TEL_NO": "02-359-0243", "시설대분류": "접근성조사시설", "시설구분": "은평구 등록 심한 장애인 대상 월1회 커트 또는 염색 1만 5천원 지원! 은평구가 장애인 친화 미용실을 운영합니다", "편의시설 구분": null, "경사로지원상태": "고정경사로 설치", "자동문정보": "자동문 설치", "경사로 설치 여부": "설치", "이동식 경사로 설치 여부": null, "자동문 설치 여부": "설치", "점자표지판 설치 여부": null, "점자 메뉴판 설치 여부": null, "의사소통판 설치 여부": null, "경사도": null, "영업시간": null, "버스번호": null, "버스정보": null, "평일운영시간": null, "토요일운영시간": null, "상세위치": null, "최적경로": null, "대표점변환여부": false, "원본Geometry유형": "Point" }, "geometry": { "type": "Point", "coordinates": [ 126.9072, 37.6049 ] } },
{ "type": "Feature", "properties": { "id": "405", "CONTENTS_NAME": "민들레울2호", "ADDR_OLD": "서울특별시 은평구 구산동  224", "ADDR_NEW": "서울특별시 은평구 갈현로11길 46, 107동 (구산동, 경남 아너스빌)", "TEL_NO": "02-372-4398", "시설대분류": "접근성조사시설", "시설구분": "거주시설(공동생활가정)", "편의시설 구분": null, "경사로지원상태": "정보없음", "자동문정보": "정보없음", "경사로 설치 여부": null, "이동식 경사로 설치 여부": null, "자동문 설치 여부": null, "점자표지판 설치 여부": null, "점자 메뉴판 설치 여부": null, "의사소통판 설치 여부": null, "경사도": null, "영업시간": null, "버스번호": null, "버스정보": null, "평일운영시간": null, "토요일운영시간": null, "상세위치": null, "최적경로": null, "대표점변환여부": false, "원본Geometry유형": "Point" }, "geometry": { "type": "Point", "coordinates": [ 126.9051, 37.6051 ] } },
{ "type": "Feature", "properties": { "id": "618", "CONTENTS_NAME": "민들레울", "ADDR_OLD": "서울특별시 은평구 구산동  224", "ADDR_NEW": "서울특별시 은평구 갈현로11길 46, 107동 (구산동, 경남 아너스빌)", "TEL_NO": "02-372-4398", "시설대분류": "접근성조사시설", "시설구분": "거주시설(공동생활가정)", "편의시설 구분": null, "경사로지원상태": "정보없음", "자동문정보": "정보없음", "경사로 설치 여부": null, "이동식 경사로 설치 여부": null, "자동문 설치 여부": null, "점자표지판 설치 여부": null, "점자 메뉴판 설치 여부": null, "의사소통판 설치 여부": null, "경사도": null, "영업시간": null, "버스번호": null, "버스정보": null, "평일운영시간": null, "토요일운영시간": null, "상세위치": null, "최적경로": null, "대표점변환여부": false, "원본Geometry유형": "Point" }, "geometry": { "type": "Point", "coordinates": [ 126.9054, 37.6054 ] } },
{ "type": "Feature", "properties": { "id": "236", "CONTENTS_NAME": "은평보호작업장", "ADDR_OLD": "서울특별시 은평구 구산동 177-90", "ADDR_NEW": "서울특별시 은평구 갈현로11길 30", "TEL_NO": "02-388-2363", "시설대분류": "접근성조사시설", "시설구분": "직업재활시설", "편의시설 구분": null, "경사로지원상태": "정보없음", "자동문정보": "정보없음", "경사로 설치 여부": null, "이동식 경사로 설치 여부": null, "자동문 설치 여부": null, "점자표지판 설치 여부": null, "점자 메뉴판 설치 여부": null, "의사소통판 설치 여부": null, "경사도": null, "영업시간": null, "버스번호": null, "버스정보": null, "평일운영시간": null, "토요일운영시간": null, "상세위치": null, "최적경로": null, "대표점변환여부": false, "원본Geometry유형": "Point" }, "geometry": { "type": "Point", "coordinates": [ 126.9063, 37.6056 ] } },
{ "type": "Feature", "properties": { "id": "407", "CONTENTS_NAME": "서부재활체육센터", "ADDR_OLD": "서울특별시 은평구 구산동 177-90", "ADDR_NEW": "서울특별시 은평구 갈현로11길 30", "TEL_NO": "02-351-3982", "시설대분류": "접근성조사시설", "시설구분": "재활시설(복지관)", "편의시설 구분": null, "경사로지원상태": "정보없음", "자동문정보": "정보없음", "경사로 설치 여부": null, "이동식 경사로 설치 여부": null, "자동문 설치 여부": null, "점자표지판 설치 여부": null, "점자 메뉴판 설치 여부": null, "의사소통판 설치 여부": null, "경사도": null, "영업시간": null, "버스번호": null, "버스정보": null, "평일운영시간": null, "토요일운영시간": null, "상세위치": null, "최적경로": null, "대표점변환여부": false, "원본Geometry유형": "Point" }, "geometry": { "type": "Point", "coordinates": [ 126.9063, 37.6056 ] } },
{ "type": "Feature", "properties": { "id": "625", "CONTENTS_NAME": "은평재활원", "ADDR_OLD": "서울특별시 은평구 구산동 177-90", "ADDR_NEW": "서울특별시 은평구 갈현로11길 30", "TEL_NO": "02-385-2046", "시설대분류": "접근성조사시설", "시설구분": "거주시설(생활시설)", "편의시설 구분": null, "경사로지원상태": "정보없음", "자동문정보": "정보없음", "경사로 설치 여부": null, "이동식 경사로 설치 여부": null, "자동문 설치 여부": null, "점자표지판 설치 여부": null, "점자 메뉴판 설치 여부": null, "의사소통판 설치 여부": null, "경사도": null, "영업시간": null, "버스번호": null, "버스정보": null, "평일운영시간": null, "토요일운영시간": null, "상세위치": null, "최적경로": null, "대표점변환여부": false, "원본Geometry유형": "Point" }, "geometry": { "type": "Point", "coordinates": [ 126.9063, 37.6056 ] } },
{ "type": "Feature", "properties": { "id": "614", "CONTENTS_NAME": "서부재활체육센터", "ADDR_OLD": "서울특별시 은평구 구산동 177-90", "ADDR_NEW": "서울특별시 은평구 갈현로11길 30", "TEL_NO": "02-388-6622", "시설대분류": "접근성조사시설", "시설구분": "재활시설(체육센터)", "편의시설 구분": null, "경사로지원상태": "정보없음", "자동문정보": "정보없음", "경사로 설치 여부": null, "이동식 경사로 설치 여부": null, "자동문 설치 여부": null, "점자표지판 설치 여부": null, "점자 메뉴판 설치 여부": null, "의사소통판 설치 여부": null, "경사도": null, "영업시간": null, "버스번호": null, "버스정보": null, "평일운영시간": null, "토요일운영시간": null, "상세위치": null, "최적경로": null, "대표점변환여부": false, "원본Geometry유형": "Point" }, "geometry": { "type": "Point", "coordinates": [ 126.9063, 37.6056 ] } },
{ "type": "Feature", "properties": { "id": "626", "CONTENTS_NAME": "은평재활원", "ADDR_OLD": "서울특별시 은평구 구산동 177-90", "ADDR_NEW": "서울특별시 은평구 갈현로11길 30", "TEL_NO": "02-385-2046", "시설대분류": "전동휠체어충전소", "시설구분": null, "편의시설 구분": null, "경사로지원상태": "정보없음", "자동문정보": "정보없음", "경사로 설치 여부": null, "이동식 경사로 설치 여부": null, "자동문 설치 여부": null, "점자표지판 설치 여부": null, "점자 메뉴판 설치 여부": null, "의사소통판 설치 여부": null, "경사도": null, "영업시간": null, "버스번호": null, "버스정보": null, "평일운영시간": "09시 ~ 18시", "토요일운영시간": "00시 ~ 24시", "상세위치": "1층 입구 외부", "최적경로": null, "대표점변환여부": false, "원본Geometry유형": "Point" }, "geometry": { "type": "Point", "coordinates": [ 126.9063, 37.6056 ] } },
{ "type": "Feature", "properties": { "id": "334", "CONTENTS_NAME": "14. 엔젤스헤이븐", "ADDR_OLD": "서울특별시 은평구 역촌동 201-8", "ADDR_NEW": "서울특별시 은평구 갈현로11길 29", "TEL_NO": "02-385-1351", "시설대분류": "셔틀버스정류장", "시설구분": null, "편의시설 구분": null, "경사로지원상태": "정보없음", "자동문정보": "정보없음", "경사로 설치 여부": null, "이동식 경사로 설치 여부": null, "자동문 설치 여부": null, "점자표지판 설치 여부": null, "점자 메뉴판 설치 여부": null, "의사소통판 설치 여부": null, "경사도": null, "영업시간": null, "버스번호": "12-1번", "버스정보": "전기 저상버스, 휠체어 탑승 가능, 토요일은 1회, 2회만 운영, 일요일 및 공휴일 미운영", "평일운영시간": null, "토요일운영시간": null, "상세위치": null, "최적경로": null, "대표점변환여부": false, "원본Geometry유형": "Point" }, "geometry": { "type": "Point", "coordinates": [ 126.9075, 37.605 ] } },
{ "type": "Feature", "properties": { "id": "439", "CONTENTS_NAME": "유노이아카페", "ADDR_OLD": "서울특별시 은평구 역촌동 71-12", "ADDR_NEW": "서울특별시 은평구 갈현로9길 18", "TEL_NO": "0507-1302-6170", "시설대분류": "접근성조사시설", "시설구분": "카페", "편의시설 구분": null, "경사로지원상태": "고정경사로 설치", "자동문정보": "자동문 미설치", "경사로 설치 여부": "설치", "이동식 경사로 설치 여부": "미설치", "자동문 설치 여부": "미 설치", "점자표지판 설치 여부": "미설치", "점자 메뉴판 설치 여부": "미설치", "의사소통판 설치 여부": "미설치", "경사도": null, "영업시간": null, "버스번호": null, "버스정보": null, "평일운영시간": null, "토요일운영시간": null, "상세위치": null, "최적경로": null, "대표점변환여부": false, "원본Geometry유형": "Point" }, "geometry": { "type": "Point", "coordinates": [ 126.9085, 37.6051 ] } },
{ "type": "Feature", "properties": { "id": "361", "CONTENTS_NAME": "행복한찬방", "ADDR_OLD": "서울특별시 은평구 역촌동 71-11", "ADDR_NEW": "서울특별시 은평구 갈현로11길 15", "TEL_NO": "0507-1333-6434", "시설대분류": "접근성조사시설", "시설구분": "반찬가게", "편의시설 구분": null, "경사로지원상태": "고정경사로 설치", "자동문정보": "자동문 미설치", "경사로 설치 여부": "설치", "이동식 경사로 설치 여부": "미설치", "자동문 설치 여부": "미 설치", "점자표지판 설치 여부": "미설치", "점자 메뉴판 설치 여부": "미설치", "의사소통판 설치 여부": "미설치", "경사도": null, "영업시간": null, "버스번호": null, "버스정보": null, "평일운영시간": null, "토요일운영시간": null, "상세위치": null, "최적경로": null, "대표점변환여부": false, "원본Geometry유형": "Point" }, "geometry": { "type": "Point", "coordinates": [ 126.9089, 37.6052 ] } },
{ "type": "Feature", "properties": { "id": "413", "CONTENTS_NAME": "북경", "ADDR_OLD": "서울특별시 은평구 역촌동 59-20", "ADDR_NEW": "서울특별시 은평구 역말로 24", "TEL_NO": "02-358-8897", "시설대분류": "접근성조사시설", "시설구분": "음식점", "편의시설 구분": null, "경사로지원상태": "고정경사로 설치", "자동문정보": "자동문 미설치", "경사로 설치 여부": "설치", "이동식 경사로 설치 여부": "미설치", "자동문 설치 여부": "미 설치", "점자표지판 설치 여부": "미설치", "점자 메뉴판 설치 여부": "미설치", "의사소통판 설치 여부": "미설치", "경사도": null, "영업시간": null, "버스번호": null, "버스정보": null, "평일운영시간": null, "토요일운영시간": null, "상세위치": null, "최적경로": null, "대표점변환여부": false, "원본Geometry유형": "Point" }, "geometry": { "type": "Point", "coordinates": [ 126.9129, 37.6055 ] } },
{ "type": "Feature", "properties": { "id": "441", "CONTENTS_NAME": "네일휴담", "ADDR_OLD": "서울특별시 은평구 역촌동 51-76", "ADDR_NEW": "서울특별시 은평구 역말로 15", "TEL_NO": "02-6397-0030", "시설대분류": "접근성조사시설", "시설구분": "네일아트업", "편의시설 구분": null, "경사로지원상태": "이동식경사로 설치", "자동문정보": "자동문 미설치", "경사로 설치 여부": "미 설치", "이동식 경사로 설치 여부": "설치", "자동문 설치 여부": "미 설치", "점자표지판 설치 여부": "미설치", "점자 메뉴판 설치 여부": "미설치", "의사소통판 설치 여부": "미설치", "경사도": null, "영업시간": null, "버스번호": null, "버스정보": null, "평일운영시간": null, "토요일운영시간": null, "상세위치": null, "최적경로": null, "대표점변환여부": false, "원본Geometry유형": "Point" }, "geometry": { "type": "Point", "coordinates": [ 126.9121, 37.6057 ] } },
{ "type": "Feature", "properties": { "id": "54", "CONTENTS_NAME": "안소영미용실", "ADDR_OLD": "서울특별시 은평구 역촌동 51-73", "ADDR_NEW": "서울특별시 은평구 역말로 5", "TEL_NO": "02-385-3774", "시설대분류": "이미용지원시설", "시설구분": null, "편의시설 구분": null, "경사로지원상태": "고정경사로 설치", "자동문정보": "자동문 설치", "경사로 설치 여부": "설치", "이동식 경사로 설치 여부": null, "자동문 설치 여부": "설치", "점자표지판 설치 여부": null, "점자 메뉴판 설치 여부": null, "의사소통판 설치 여부": null, "경사도": null, "영업시간": null, "버스번호": null, "버스정보": null, "평일운영시간": null, "토요일운영시간": null, "상세위치": null, "최적경로": null, "대표점변환여부": false, "원본Geometry유형": "Point" }, "geometry": { "type": "Point", "coordinates": [ 126.911, 37.6057 ] } },
{ "type": "Feature", "properties": { "id": "588", "CONTENTS_NAME": "안소영미용실", "ADDR_OLD": "서울특별시 은평구 역촌동 51-73", "ADDR_NEW": "서울특별시 은평구 역말로 5", "TEL_NO": "02-385-3774", "시설대분류": "접근성조사시설", "시설구분": "미용실", "편의시설 구분": null, "경사로지원상태": "고정경사로 설치", "자동문정보": "자동문 설치", "경사로 설치 여부": "설치", "이동식 경사로 설치 여부": "미설치", "자동문 설치 여부": "설치", "점자표지판 설치 여부": "미설치", "점자 메뉴판 설치 여부": "미설치", "의사소통판 설치 여부": "미설치", "경사도": null, "영업시간": null, "버스번호": null, "버스정보": null, "평일운영시간": null, "토요일운영시간": null, "상세위치": null, "최적경로": null, "대표점변환여부": false, "원본Geometry유형": "Point" }, "geometry": { "type": "Point", "coordinates": [ 126.911, 37.6057 ] } },
{ "type": "Feature", "properties": { "id": "609", "CONTENTS_NAME": "샬롬미용실", "ADDR_OLD": "서울특별시 은평구 역촌동 51-24", "ADDR_NEW": "서울특별시 은평구 갈현로12길 6-1", "TEL_NO": "070-4046-8003", "시설대분류": "접근성조사시설", "시설구분": "미용실", "편의시설 구분": null, "경사로지원상태": "고정경사로 설치", "자동문정보": "자동문 미설치", "경사로 설치 여부": "설치", "이동식 경사로 설치 여부": "미설치", "자동문 설치 여부": "미 설치", "점자표지판 설치 여부": "미설치", "점자 메뉴판 설치 여부": "미설치", "의사소통판 설치 여부": "미설치", "경사도": null, "영업시간": null, "버스번호": null, "버스정보": null, "평일운영시간": null, "토요일운영시간": null, "상세위치": null, "최적경로": null, "대표점변환여부": false, "원본Geometry유형": "Point" }, "geometry": { "type": "Point", "coordinates": [ 126.9113, 37.6061 ] } },
{ "type": "Feature", "properties": { "id": "445", "CONTENTS_NAME": "살림한의원", "ADDR_OLD": "서울특별시 은평구 역촌동 50-50", "ADDR_NEW": "서울특별시 은평구 갈현로12길 17-1", "TEL_NO": "070-5121-2859", "시설대분류": "접근성조사시설", "시설구분": "한의원", "편의시설 구분": null, "경사로지원상태": "경사로 미설치", "자동문정보": "자동문 미설치", "경사로 설치 여부": "미 설치", "이동식 경사로 설치 여부": "미설치", "자동문 설치 여부": "미 설치", "점자표지판 설치 여부": "미설치", "점자 메뉴판 설치 여부": "미설치", "의사소통판 설치 여부": "미설치", "경사도": null, "영업시간": null, "버스번호": null, "버스정보": null, "평일운영시간": null, "토요일운영시간": null, "상세위치": null, "최적경로": null, "대표점변환여부": false, "원본Geometry유형": "Point" }, "geometry": { "type": "Point", "coordinates": [ 126.9125, 37.6065 ] } },
{ "type": "Feature", "properties": { "id": "406", "CONTENTS_NAME": "보라향그룹홈", "ADDR_OLD": "서울특별시 은평구 구산동 177-134", "ADDR_NEW": "서울특별시 은평구 갈현로15길 11-13", "TEL_NO": "02-385-5841", "시설대분류": "접근성조사시설", "시설구분": "거주시설(공동생활가정)", "편의시설 구분": null, "경사로지원상태": "정보없음", "자동문정보": "정보없음", "경사로 설치 여부": null, "이동식 경사로 설치 여부": null, "자동문 설치 여부": null, "점자표지판 설치 여부": null, "점자 메뉴판 설치 여부": null, "의사소통판 설치 여부": null, "경사도": null, "영업시간": null, "버스번호": null, "버스정보": null, "평일운영시간": null, "토요일운영시간": null, "상세위치": null, "최적경로": null, "대표점변환여부": false, "원본Geometry유형": "Point" }, "geometry": { "type": "Point", "coordinates": [ 126.9094, 37.6068 ] } },
{ "type": "Feature", "properties": { "id": "140", "CONTENTS_NAME": "의자24", "ADDR_OLD": "서울특별시 은평구 신사동 산 48-2", "ADDR_NEW": "", "TEL_NO": "", "시설대분류": "야외편의시설", "시설구분": null, "편의시설 구분": "의자", "경사로지원상태": "정보없음", "자동문정보": "정보없음", "경사로 설치 여부": null, "이동식 경사로 설치 여부": null, "자동문 설치 여부": null, "점자표지판 설치 여부": null, "점자 메뉴판 설치 여부": null, "의사소통판 설치 여부": null, "경사도": "3", "영업시간": null, "버스번호": null, "버스정보": null, "평일운영시간": null, "토요일운영시간": null, "상세위치": null, "최적경로": null, "대표점변환여부": false, "원본Geometry유형": "Point" }, "geometry": { "type": "Point", "coordinates": [ 126.9006, 37.6017 ] } },
{ "type": "Feature", "properties": { "id": "139", "CONTENTS_NAME": "의자25", "ADDR_OLD": "서울특별시 은평구 신사동 산 48-2", "ADDR_NEW": "", "TEL_NO": "", "시설대분류": "야외편의시설", "시설구분": null, "편의시설 구분": "의자", "경사로지원상태": "정보없음", "자동문정보": "정보없음", "경사로 설치 여부": null, "이동식 경사로 설치 여부": null, "자동문 설치 여부": null, "점자표지판 설치 여부": null, "점자 메뉴판 설치 여부": null, "의사소통판 설치 여부": null, "경사도": "6", "영업시간": null, "버스번호": null, "버스정보": null, "평일운영시간": null, "토요일운영시간": null, "상세위치": null, "최적경로": null, "대표점변환여부": false, "원본Geometry유형": "Point" }, "geometry": { "type": "Point", "coordinates": [ 126.9004, 37.6023 ] } },
{ "type": "Feature", "properties": { "id": "138", "CONTENTS_NAME": "쉼터11", "ADDR_OLD": "서울특별시 은평구 신사동 산 48-2", "ADDR_NEW": "", "TEL_NO": "", "시설대분류": "야외편의시설", "시설구분": null, "편의시설 구분": "의자", "경사로지원상태": "정보없음", "자동문정보": "정보없음", "경사로 설치 여부": null, "이동식 경사로 설치 여부": null, "자동문 설치 여부": null, "점자표지판 설치 여부": null, "점자 메뉴판 설치 여부": null, "의사소통판 설치 여부": null, "경사도": "0", "영업시간": null, "버스번호": null, "버스정보": null, "평일운영시간": null, "토요일운영시간": null, "상세위치": null, "최적경로": null, "대표점변환여부": false, "원본Geometry유형": "Point" }, "geometry": { "type": "Point", "coordinates": [ 126.9004, 37.6029 ] } },
{ "type": "Feature", "properties": { "id": "461", "CONTENTS_NAME": "쉼터12", "ADDR_OLD": "서울특별시 은평구 신사동  산 48-6", "ADDR_NEW": "", "TEL_NO": "", "시설대분류": "야외편의시설", "시설구분": null, "편의시설 구분": "의자", "경사로지원상태": "정보없음", "자동문정보": "정보없음", "경사로 설치 여부": null, "이동식 경사로 설치 여부": null, "자동문 설치 여부": null, "점자표지판 설치 여부": null, "점자 메뉴판 설치 여부": null, "의사소통판 설치 여부": null, "경사도": "4", "영업시간": null, "버스번호": null, "버스정보": null, "평일운영시간": null, "토요일운영시간": null, "상세위치": null, "최적경로": null, "대표점변환여부": false, "원본Geometry유형": "Point" }, "geometry": { "type": "Point", "coordinates": [ 126.9015, 37.6033 ] } },
{ "type": "Feature", "properties": { "id": "145", "CONTENTS_NAME": "종점", "ADDR_OLD": "서울특별시 은평구 역촌동 산 31-1", "ADDR_NEW": "", "TEL_NO": "", "시설대분류": "야외편의시설", "시설구분": null, "편의시설 구분": "이정표(안내판)", "경사로지원상태": "정보없음", "자동문정보": "정보없음", "경사로 설치 여부": null, "이동식 경사로 설치 여부": null, "자동문 설치 여부": null, "점자표지판 설치 여부": null, "점자 메뉴판 설치 여부": null, "의사소통판 설치 여부": null, "경사도": "1", "영업시간": null, "버스번호": null, "버스정보": null, "평일운영시간": null, "토요일운영시간": null, "상세위치": null, "최적경로": null, "대표점변환여부": false, "원본Geometry유형": "Point" }, "geometry": { "type": "Point", "coordinates": [ 126.9019, 37.6048 ] } },
{ "type": "Feature", "properties": { "id": "144", "CONTENTS_NAME": "쉼터13", "ADDR_OLD": "서울특별시 은평구 역촌동 산 31-1", "ADDR_NEW": "", "TEL_NO": "", "시설대분류": "야외편의시설", "시설구분": null, "편의시설 구분": "의자", "경사로지원상태": "정보없음", "자동문정보": "정보없음", "경사로 설치 여부": null, "이동식 경사로 설치 여부": null, "자동문 설치 여부": null, "점자표지판 설치 여부": null, "점자 메뉴판 설치 여부": null, "의사소통판 설치 여부": null, "경사도": "1", "영업시간": null, "버스번호": null, "버스정보": null, "평일운영시간": null, "토요일운영시간": null, "상세위치": null, "최적경로": null, "대표점변환여부": false, "원본Geometry유형": "Point" }, "geometry": { "type": "Point", "coordinates": [ 126.9019, 37.6048 ] } },
{ "type": "Feature", "properties": { "id": "98", "CONTENTS_NAME": "봉수대(정상)", "ADDR_OLD": "서울특별시 은평구 구산동 산 136-13", "ADDR_NEW": "", "TEL_NO": "", "시설대분류": "야외편의시설", "시설구분": null, "편의시설 구분": "전망대", "경사로지원상태": "정보없음", "자동문정보": "정보없음", "경사로 설치 여부": null, "이동식 경사로 설치 여부": null, "자동문 설치 여부": null, "점자표지판 설치 여부": null, "점자 메뉴판 설치 여부": null, "의사소통판 설치 여부": null, "경사도": "0", "영업시간": null, "버스번호": null, "버스정보": null, "평일운영시간": null, "토요일운영시간": null, "상세위치": null, "최적경로": null, "대표점변환여부": false, "원본Geometry유형": "Point" }, "geometry": { "type": "Point", "coordinates": [ 126.9012, 37.6123 ] } },
{ "type": "Feature", "properties": { "id": "295", "CONTENTS_NAME": "안내판3", "ADDR_OLD": "서울특별시 은평구 구산동  산 136-13", "ADDR_NEW": "", "TEL_NO": "", "시설대분류": "야외편의시설", "시설구분": null, "편의시설 구분": "이정표(안내판)", "경사로지원상태": "정보없음", "자동문정보": "정보없음", "경사로 설치 여부": null, "이동식 경사로 설치 여부": null, "자동문 설치 여부": null, "점자표지판 설치 여부": null, "점자 메뉴판 설치 여부": null, "의사소통판 설치 여부": null, "경사도": "3", "영업시간": null, "버스번호": null, "버스정보": null, "평일운영시간": null, "토요일운영시간": null, "상세위치": null, "최적경로": null, "대표점변환여부": false, "원본Geometry유형": "Point" }, "geometry": { "type": "Point", "coordinates": [ 126.9011, 37.6126 ] } },
{ "type": "Feature", "properties": { "id": "179", "CONTENTS_NAME": "쉼터4", "ADDR_OLD": "서울특별시 은평구 구산동 산 136-2", "ADDR_NEW": "", "TEL_NO": "", "시설대분류": "야외편의시설", "시설구분": null, "편의시설 구분": "의자", "경사로지원상태": "정보없음", "자동문정보": "정보없음", "경사로 설치 여부": null, "이동식 경사로 설치 여부": null, "자동문 설치 여부": null, "점자표지판 설치 여부": null, "점자 메뉴판 설치 여부": null, "의사소통판 설치 여부": null, "경사도": "0", "영업시간": null, "버스번호": null, "버스정보": null, "평일운영시간": null, "토요일운영시간": null, "상세위치": null, "최적경로": null, "대표점변환여부": false, "원본Geometry유형": "Point" }, "geometry": { "type": "Point", "coordinates": [ 126.9011, 37.6129 ] } },
{ "type": "Feature", "properties": { "id": "180", "CONTENTS_NAME": "쉼터3", "ADDR_OLD": "서울특별시 은평구 구산동 산 136-2", "ADDR_NEW": "", "TEL_NO": "", "시설대분류": "야외편의시설", "시설구분": null, "편의시설 구분": "의자", "경사로지원상태": "정보없음", "자동문정보": "정보없음", "경사로 설치 여부": null, "이동식 경사로 설치 여부": null, "자동문 설치 여부": null, "점자표지판 설치 여부": null, "점자 메뉴판 설치 여부": null, "의사소통판 설치 여부": null, "경사도": "4", "영업시간": null, "버스번호": null, "버스정보": null, "평일운영시간": null, "토요일운영시간": null, "상세위치": null, "최적경로": null, "대표점변환여부": false, "원본Geometry유형": "Point" }, "geometry": { "type": "Point", "coordinates": [ 126.9014, 37.6134 ] } },
{ "type": "Feature", "properties": { "id": "617", "CONTENTS_NAME": "위드그룹홈", "ADDR_OLD": "서울특별시 은평구 구산동 177-134", "ADDR_NEW": "서울특별시 은평구 갈현로15길 11-13", "TEL_NO": "02-385-5841", "시설대분류": "접근성조사시설", "시설구분": "거주시설(공동생활가정)", "편의시설 구분": null, "경사로지원상태": "정보없음", "자동문정보": "정보없음", "경사로 설치 여부": null, "이동식 경사로 설치 여부": null, "자동문 설치 여부": null, "점자표지판 설치 여부": null, "점자 메뉴판 설치 여부": null, "의사소통판 설치 여부": null, "경사도": null, "영업시간": null, "버스번호": null, "버스정보": null, "평일운영시간": null, "토요일운영시간": null, "상세위치": null, "최적경로": null, "대표점변환여부": false, "원본Geometry유형": "Point" }, "geometry": { "type": "Point", "coordinates": [ 126.9094, 37.6068 ] } },
{ "type": "Feature", "properties": { "id": "233", "CONTENTS_NAME": "위드주간보호센터", "ADDR_OLD": "서울특별시 은평구 구산동 177-134", "ADDR_NEW": "서울특별시 은평구 갈현로15길 11-13", "TEL_NO": "02-385-5841", "시설대분류": "접근성조사시설", "시설구분": "재활시설(주간보호시설)", "편의시설 구분": null, "경사로지원상태": "정보없음", "자동문정보": "정보없음", "경사로 설치 여부": null, "이동식 경사로 설치 여부": null, "자동문 설치 여부": null, "점자표지판 설치 여부": null, "점자 메뉴판 설치 여부": null, "의사소통판 설치 여부": null, "경사도": null, "영업시간": null, "버스번호": null, "버스정보": null, "평일운영시간": null, "토요일운영시간": null, "상세위치": null, "최적경로": null, "대표점변환여부": false, "원본Geometry유형": "Point" }, "geometry": { "type": "Point", "coordinates": [ 126.9094, 37.6068 ] } },
{ "type": "Feature", "properties": { "id": "448", "CONTENTS_NAME": "이가네아구찜과 장모님해물요리", "ADDR_OLD": "서울특별시 은평구 역촌동 50-24", "ADDR_NEW": "서울특별시 은평구 갈현로 100", "TEL_NO": "02-386-0707", "시설대분류": "접근성조사시설", "시설구분": "음식점", "편의시설 구분": null, "경사로지원상태": "고정경사로 설치", "자동문정보": "자동문 미설치", "경사로 설치 여부": "설치", "이동식 경사로 설치 여부": "미설치", "자동문 설치 여부": "미 설치", "점자표지판 설치 여부": "미설치", "점자 메뉴판 설치 여부": "미설치", "의사소통판 설치 여부": "미설치", "경사도": null, "영업시간": null, "버스번호": null, "버스정보": null, "평일운영시간": null, "토요일운영시간": null, "상세위치": null, "최적경로": null, "대표점변환여부": false, "원본Geometry유형": "Point" }, "geometry": { "type": "Point", "coordinates": [ 126.9108, 37.6069 ] } },
{ "type": "Feature", "properties": { "id": "240", "CONTENTS_NAME": "신성공인중개사사무소", "ADDR_OLD": "서울특별시 은평구 역촌동 49-28", "ADDR_NEW": "서울특별시 은평구 연서로9길 21", "TEL_NO": "386-1500", "시설대분류": "생활편의업소", "시설구분": null, "편의시설 구분": null, "경사로지원상태": "정보없음", "자동문정보": "정보없음", "경사로 설치 여부": null, "이동식 경사로 설치 여부": null, "자동문 설치 여부": null, "점자표지판 설치 여부": null, "점자 메뉴판 설치 여부": null, "의사소통판 설치 여부": null, "경사도": null, "영업시간": null, "버스번호": null, "버스정보": null, "평일운영시간": null, "토요일운영시간": null, "상세위치": null, "최적경로": null, "대표점변환여부": false, "원본Geometry유형": "Point" }, "geometry": { "type": "Point", "coordinates": [ 126.9126, 37.6074 ] } },
{ "type": "Feature", "properties": { "id": "411", "CONTENTS_NAME": "병천순대국왕족발", "ADDR_OLD": "서울특별시 은평구 구산동 25-39", "ADDR_NEW": "서울특별시 은평구 연서로9길 28", "TEL_NO": "02-354-4920", "시설대분류": "접근성조사시설", "시설구분": "음식점", "편의시설 구분": null, "경사로지원상태": "고정경사로 설치", "자동문정보": "자동문 미설치", "경사로 설치 여부": "설치", "이동식 경사로 설치 여부": "미설치", "자동문 설치 여부": "미 설치", "점자표지판 설치 여부": "미설치", "점자 메뉴판 설치 여부": "미설치", "의사소통판 설치 여부": "미설치", "경사도": null, "영업시간": null, "버스번호": null, "버스정보": null, "평일운영시간": null, "토요일운영시간": null, "상세위치": null, "최적경로": null, "대표점변환여부": false, "원본Geometry유형": "Point" }, "geometry": { "type": "Point", "coordinates": [ 126.9121, 37.6076 ] } },
{ "type": "Feature", "properties": { "id": "369", "CONTENTS_NAME": "신세계고기백화점", "ADDR_OLD": "서울특별시 은평구 구산동 26-24", "ADDR_NEW": "서울특별시 은평구 갈현로 109", "TEL_NO": "02-356-9277", "시설대분류": "접근성조사시설", "시설구분": "정육점", "편의시설 구분": null, "경사로지원상태": "이동식경사로 설치", "자동문정보": "자동문 미설치", "경사로 설치 여부": "미 설치", "이동식 경사로 설치 여부": "설치", "자동문 설치 여부": "미 설치", "점자표지판 설치 여부": "미설치", "점자 메뉴판 설치 여부": "미설치", "의사소통판 설치 여부": "미설치", "경사도": null, "영업시간": null, "버스번호": null, "버스정보": null, "평일운영시간": null, "토요일운영시간": null, "상세위치": null, "최적경로": null, "대표점변환여부": false, "원본Geometry유형": "Point" }, "geometry": { "type": "Point", "coordinates": [ 126.9107, 37.6078 ] } },
{ "type": "Feature", "properties": { "id": "623", "CONTENTS_NAME": "시온공동생활가정", "ADDR_OLD": "서울특별시 은평구 구산동 178-20", "ADDR_NEW": "서울특별시 은평구 갈현로15길 24-5", "TEL_NO": "070-4244-2046", "시설대분류": "접근성조사시설", "시설구분": "거주시설(공동생활가정)", "편의시설 구분": null, "경사로지원상태": "정보없음", "자동문정보": "정보없음", "경사로 설치 여부": null, "이동식 경사로 설치 여부": null, "자동문 설치 여부": null, "점자표지판 설치 여부": null, "점자 메뉴판 설치 여부": null, "의사소통판 설치 여부": null, "경사도": null, "영업시간": null, "버스번호": null, "버스정보": null, "평일운영시간": null, "토요일운영시간": null, "상세위치": null, "최적경로": null, "대표점변환여부": false, "원본Geometry유형": "Point" }, "geometry": { "type": "Point", "coordinates": [ 126.9081, 37.6082 ] } },
{ "type": "Feature", "properties": { "id": "260", "CONTENTS_NAME": "아이비공인중개사사무소", "ADDR_OLD": "서울특별시 은평구 구산동 24-31", "ADDR_NEW": "서울특별시 은평구 갈현로 122", "TEL_NO": "02-389-1800", "시설대분류": "생활편의업소", "시설구분": null, "편의시설 구분": null, "경사로지원상태": "정보없음", "자동문정보": "정보없음", "경사로 설치 여부": null, "이동식 경사로 설치 여부": null, "자동문 설치 여부": null, "점자표지판 설치 여부": null, "점자 메뉴판 설치 여부": null, "의사소통판 설치 여부": null, "경사도": null, "영업시간": "10:00 ~ 18:00", "버스번호": null, "버스정보": null, "평일운영시간": null, "토요일운영시간": null, "상세위치": null, "최적경로": null, "대표점변환여부": false, "원본Geometry유형": "Point" }, "geometry": { "type": "Point", "coordinates": [ 126.9111, 37.6087 ] } },
{ "type": "Feature", "properties": { "id": "309", "CONTENTS_NAME": "한강공인중개사사무소", "ADDR_OLD": "서울특별시 은평구 구산동 11-49", "ADDR_NEW": "서울특별시 은평구 연서로13길 34", "TEL_NO": "02-323-2003", "시설대분류": "생활편의업소", "시설구분": null, "편의시설 구분": null, "경사로지원상태": "정보없음", "자동문정보": "정보없음", "경사로 설치 여부": null, "이동식 경사로 설치 여부": null, "자동문 설치 여부": null, "점자표지판 설치 여부": null, "점자 메뉴판 설치 여부": null, "의사소통판 설치 여부": null, "경사도": null, "영업시간": null, "버스번호": null, "버스정보": null, "평일운영시간": null, "토요일운영시간": null, "상세위치": null, "최적경로": null, "대표점변환여부": false, "원본Geometry유형": "Point" }, "geometry": { "type": "Point", "coordinates": [ 126.9123, 37.6105 ] } },
{ "type": "Feature", "properties": { "id": "74", "CONTENTS_NAME": "구산동주민센터", "ADDR_OLD": "서울특별시 은평구 구산동 27-5", "ADDR_NEW": "서울특별시 은평구 갈현로17길 10", "TEL_NO": "02-351-5152", "시설대분류": "전동휠체어충전소", "시설구분": null, "편의시설 구분": null, "경사로지원상태": "정보없음", "자동문정보": "정보없음", "경사로 설치 여부": null, "이동식 경사로 설치 여부": null, "자동문 설치 여부": null, "점자표지판 설치 여부": null, "점자 메뉴판 설치 여부": null, "의사소통판 설치 여부": null, "경사도": null, "영업시간": null, "버스번호": null, "버스정보": null, "평일운영시간": "09시 ~ 18시", "토요일운영시간": "00시 ~ 24시", "상세위치": "1층 민원실 외부", "최적경로": null, "대표점변환여부": false, "원본Geometry유형": "Point" }, "geometry": { "type": "Point", "coordinates": [ 126.9104, 37.6117 ] } },
{ "type": "Feature", "properties": { "id": "569", "CONTENTS_NAME": "누야하우스", "ADDR_OLD": "서울특별시 은평구 구산동 177-90", "ADDR_NEW": "서울특별시 은평구 갈현로11길 30", "TEL_NO": "02-351-3599", "시설대분류": "접근성조사시설", "시설구분": "직업재활시설", "편의시설 구분": null, "경사로지원상태": "정보없음", "자동문정보": "정보없음", "경사로 설치 여부": null, "이동식 경사로 설치 여부": null, "자동문 설치 여부": null, "점자표지판 설치 여부": null, "점자 메뉴판 설치 여부": null, "의사소통판 설치 여부": null, "경사도": null, "영업시간": null, "버스번호": null, "버스정보": null, "평일운영시간": null, "토요일운영시간": null, "상세위치": null, "최적경로": null, "대표점변환여부": false, "원본Geometry유형": "Point" }, "geometry": { "type": "Point", "coordinates": [ 126.9063, 37.6056 ] } },
{ "type": "Feature", "properties": { "id": "612", "CONTENTS_NAME": "정겨우리주간보호센터", "ADDR_OLD": "서울특별시 은평구 구산동 177-90", "ADDR_NEW": "서울특별시 은평구 갈현로11길 30", "TEL_NO": "070-7113-5727~30", "시설대분류": "접근성조사시설", "시설구분": "재활시설(주간보호시설)", "편의시설 구분": null, "경사로지원상태": "정보없음", "자동문정보": "정보없음", "경사로 설치 여부": null, "이동식 경사로 설치 여부": null, "자동문 설치 여부": null, "점자표지판 설치 여부": null, "점자 메뉴판 설치 여부": null, "의사소통판 설치 여부": null, "경사도": null, "영업시간": null, "버스번호": null, "버스정보": null, "평일운영시간": null, "토요일운영시간": null, "상세위치": null, "최적경로": null, "대표점변환여부": false, "원본Geometry유형": "Point" }, "geometry": { "type": "Point", "coordinates": [ 126.9063, 37.6056 ] } },
{ "type": "Feature", "properties": { "id": "624", "CONTENTS_NAME": "다움장애아동지원센터", "ADDR_OLD": "서울특별시 은평구 구산동 177-90", "ADDR_NEW": "서울특별시 은평구 갈현로11길 30", "TEL_NO": "02-388-0050", "시설대분류": "접근성조사시설", "시설구분": "거주시설(생활시설)", "편의시설 구분": null, "경사로지원상태": "정보없음", "자동문정보": "정보없음", "경사로 설치 여부": null, "이동식 경사로 설치 여부": null, "자동문 설치 여부": null, "점자표지판 설치 여부": null, "점자 메뉴판 설치 여부": null, "의사소통판 설치 여부": null, "경사도": null, "영업시간": null, "버스번호": null, "버스정보": null, "평일운영시간": null, "토요일운영시간": null, "상세위치": null, "최적경로": null, "대표점변환여부": false, "원본Geometry유형": "Point" }, "geometry": { "type": "Point", "coordinates": [ 126.9063, 37.6056 ] } },
{ "type": "Feature", "properties": { "id": "256", "CONTENTS_NAME": "스프링샤인", "ADDR_OLD": "서울특별시 은평구 구산동 177-90", "ADDR_NEW": "서울특별시 은평구 갈현로11길 30", "TEL_NO": "070-4896-5468", "시설대분류": "접근성조사시설", "시설구분": "직업재활시설", "편의시설 구분": null, "경사로지원상태": "정보없음", "자동문정보": "정보없음", "경사로 설치 여부": null, "이동식 경사로 설치 여부": null, "자동문 설치 여부": null, "점자표지판 설치 여부": null, "점자 메뉴판 설치 여부": null, "의사소통판 설치 여부": null, "경사도": null, "영업시간": null, "버스번호": null, "버스정보": null, "평일운영시간": null, "토요일운영시간": null, "상세위치": null, "최적경로": null, "대표점변환여부": false, "원본Geometry유형": "Point" }, "geometry": { "type": "Point", "coordinates": [ 126.9063, 37.6056 ] } },
{ "type": "Feature", "properties": { "id": "616", "CONTENTS_NAME": "서울재활병원", "ADDR_OLD": "서울특별시 은평구 구산동 177-90", "ADDR_NEW": "서울특별시 은평구 갈현로11길 30", "TEL_NO": "02-6020-3000", "시설대분류": "접근성조사시설", "시설구분": "의료시설", "편의시설 구분": null, "경사로지원상태": "정보없음", "자동문정보": "정보없음", "경사로 설치 여부": null, "이동식 경사로 설치 여부": null, "자동문 설치 여부": null, "점자표지판 설치 여부": null, "점자 메뉴판 설치 여부": null, "의사소통판 설치 여부": null, "경사도": null, "영업시간": null, "버스번호": null, "버스정보": null, "평일운영시간": null, "토요일운영시간": null, "상세위치": null, "최적경로": null, "대표점변환여부": false, "원본Geometry유형": "Point" }, "geometry": { "type": "Point", "coordinates": [ 126.9063, 37.6056 ] } },
{ "type": "Feature", "properties": { "id": "573", "CONTENTS_NAME": "서부장애인종합복지관", "ADDR_OLD": "서울특별시 은평구 구산동  191-1", "ADDR_NEW": "서울특별시 은평구 갈현로11길 30, 기쁨의집 Q동 (구산동, 사회복지법인엔젤스헤이븐)", "TEL_NO": "02-351-3982", "시설대분류": "전동휠체어충전소", "시설구분": null, "편의시설 구분": null, "경사로지원상태": "정보없음", "자동문정보": "정보없음", "경사로 설치 여부": null, "이동식 경사로 설치 여부": null, "자동문 설치 여부": null, "점자표지판 설치 여부": null, "점자 메뉴판 설치 여부": null, "의사소통판 설치 여부": null, "경사도": null, "영업시간": null, "버스번호": null, "버스정보": null, "평일운영시간": "09시 ~ 18시", "토요일운영시간": "9시 ~ 17시", "상세위치": "복지관 정문 입구", "최적경로": null, "대표점변환여부": false, "원본Geometry유형": "Point" }, "geometry": { "type": "Point", "coordinates": [ 126.9069, 37.6059 ] } },
{ "type": "Feature", "properties": { "id": "400", "CONTENTS_NAME": "서울특별시립평화로운집", "ADDR_OLD": "서울특별시 은평구 구산동 173-34", "ADDR_NEW": "서울특별시 은평구 갈현로15길 27-1", "TEL_NO": "02-3156-6500", "시설대분류": "접근성조사시설", "시설구분": "거주시설(생활시설)", "편의시설 구분": null, "경사로지원상태": "정보없음", "자동문정보": "정보없음", "경사로 설치 여부": null, "이동식 경사로 설치 여부": null, "자동문 설치 여부": null, "점자표지판 설치 여부": null, "점자 메뉴판 설치 여부": null, "의사소통판 설치 여부": null, "경사도": null, "영업시간": null, "버스번호": null, "버스정보": null, "평일운영시간": null, "토요일운영시간": null, "상세위치": null, "최적경로": null, "대표점변환여부": false, "원본Geometry유형": "Point" }, "geometry": { "type": "Point", "coordinates": [ 126.9051, 37.608 ] } },
{ "type": "Feature", "properties": { "id": "182", "CONTENTS_NAME": "의자21", "ADDR_OLD": "서울특별시 은평구 구산동 산 136-2", "ADDR_NEW": "", "TEL_NO": "", "시설대분류": "야외편의시설", "시설구분": null, "편의시설 구분": "의자", "경사로지원상태": "정보없음", "자동문정보": "정보없음", "경사로 설치 여부": null, "이동식 경사로 설치 여부": null, "자동문 설치 여부": null, "점자표지판 설치 여부": null, "점자 메뉴판 설치 여부": null, "의사소통판 설치 여부": null, "경사도": "4", "영업시간": null, "버스번호": null, "버스정보": null, "평일운영시간": null, "토요일운영시간": null, "상세위치": null, "최적경로": null, "대표점변환여부": false, "원본Geometry유형": "Point" }, "geometry": { "type": "Point", "coordinates": [ 126.9019, 37.6133 ] } },
{ "type": "Feature", "properties": { "id": "193", "CONTENTS_NAME": "의자14", "ADDR_OLD": "서울특별시 은평구 구산동 산 136-2", "ADDR_NEW": "", "TEL_NO": "", "시설대분류": "야외편의시설", "시설구분": null, "편의시설 구분": "의자", "경사로지원상태": "정보없음", "자동문정보": "정보없음", "경사로 설치 여부": null, "이동식 경사로 설치 여부": null, "자동문 설치 여부": null, "점자표지판 설치 여부": null, "점자 메뉴판 설치 여부": null, "의사소통판 설치 여부": null, "경사도": "5", "영업시간": null, "버스번호": null, "버스정보": null, "평일운영시간": null, "토요일운영시간": null, "상세위치": null, "최적경로": null, "대표점변환여부": false, "원본Geometry유형": "Point" }, "geometry": { "type": "Point", "coordinates": [ 126.9028, 37.614 ] } },
{ "type": "Feature", "properties": { "id": "184", "CONTENTS_NAME": "의자20", "ADDR_OLD": "서울특별시 은평구 구산동 산 136-2", "ADDR_NEW": "", "TEL_NO": "", "시설대분류": "야외편의시설", "시설구분": null, "편의시설 구분": "의자", "경사로지원상태": "정보없음", "자동문정보": "정보없음", "경사로 설치 여부": null, "이동식 경사로 설치 여부": null, "자동문 설치 여부": null, "점자표지판 설치 여부": null, "점자 메뉴판 설치 여부": null, "의사소통판 설치 여부": null, "경사도": "4", "영업시간": null, "버스번호": null, "버스정보": null, "평일운영시간": null, "토요일운영시간": null, "상세위치": null, "최적경로": null, "대표점변환여부": false, "원본Geometry유형": "Point" }, "geometry": { "type": "Point", "coordinates": [ 126.9021, 37.614 ] } },
{ "type": "Feature", "properties": { "id": "294", "CONTENTS_NAME": "쉼터2", "ADDR_OLD": "서울특별시 은평구 구산동  산 136-2", "ADDR_NEW": "", "TEL_NO": "", "시설대분류": "야외편의시설", "시설구분": null, "편의시설 구분": "의자", "경사로지원상태": "정보없음", "자동문정보": "정보없음", "경사로 설치 여부": null, "이동식 경사로 설치 여부": null, "자동문 설치 여부": null, "점자표지판 설치 여부": null, "점자 메뉴판 설치 여부": null, "의사소통판 설치 여부": null, "경사도": "0", "영업시간": null, "버스번호": null, "버스정보": null, "평일운영시간": null, "토요일운영시간": null, "상세위치": null, "최적경로": null, "대표점변환여부": false, "원본Geometry유형": "Point" }, "geometry": { "type": "Point", "coordinates": [ 126.9016, 37.6135 ] } },
{ "type": "Feature", "properties": { "id": "96", "CONTENTS_NAME": "전망대", "ADDR_OLD": "서울특별시 은평구 구산동 산 136-2", "ADDR_NEW": "", "TEL_NO": "", "시설대분류": "야외편의시설", "시설구분": null, "편의시설 구분": "전망대", "경사로지원상태": "정보없음", "자동문정보": "정보없음", "경사로 설치 여부": null, "이동식 경사로 설치 여부": null, "자동문 설치 여부": null, "점자표지판 설치 여부": null, "점자 메뉴판 설치 여부": null, "의사소통판 설치 여부": null, "경사도": "0", "영업시간": null, "버스번호": null, "버스정보": null, "평일운영시간": null, "토요일운영시간": null, "상세위치": null, "최적경로": null, "대표점변환여부": false, "원본Geometry유형": "Point" }, "geometry": { "type": "Point", "coordinates": [ 126.9018, 37.6137 ] } },
{ "type": "Feature", "properties": { "id": "181", "CONTENTS_NAME": "쉼터1", "ADDR_OLD": "서울특별시 은평구 구산동 산 136-2", "ADDR_NEW": "", "TEL_NO": "", "시설대분류": "야외편의시설", "시설구분": null, "편의시설 구분": "의자", "경사로지원상태": "정보없음", "자동문정보": "정보없음", "경사로 설치 여부": null, "이동식 경사로 설치 여부": null, "자동문 설치 여부": null, "점자표지판 설치 여부": null, "점자 메뉴판 설치 여부": null, "의사소통판 설치 여부": null, "경사도": "0", "영업시간": null, "버스번호": null, "버스정보": null, "평일운영시간": null, "토요일운영시간": null, "상세위치": null, "최적경로": null, "대표점변환여부": false, "원본Geometry유형": "Point" }, "geometry": { "type": "Point", "coordinates": [ 126.9018, 37.6141 ] } },
{ "type": "Feature", "properties": { "id": "459", "CONTENTS_NAME": "카페게이트구산사거리점", "ADDR_OLD": "서울특별시 은평구 갈현동 498-4", "ADDR_NEW": "서울특별시 은평구 서오릉로 196", "TEL_NO": "0507-877-3400", "시설대분류": "접근성조사시설", "시설구분": "음식점", "편의시설 구분": null, "경사로지원상태": "고정경사로 설치", "자동문정보": "자동문 미설치", "경사로 설치 여부": "설치", "이동식 경사로 설치 여부": "미설치", "자동문 설치 여부": "미 설치", "점자표지판 설치 여부": "미설치", "점자 메뉴판 설치 여부": "미설치", "의사소통판 설치 여부": "미설치", "경사도": null, "영업시간": null, "버스번호": null, "버스정보": null, "평일운영시간": null, "토요일운영시간": null, "상세위치": null, "최적경로": null, "대표점변환여부": false, "원본Geometry유형": "Point" }, "geometry": { "type": "Point", "coordinates": [ 126.9121, 37.6137 ] } },
{ "type": "Feature", "properties": { "id": "228", "CONTENTS_NAME": "고니축산", "ADDR_OLD": "서울특별시 은평구 갈현동 498-4", "ADDR_NEW": "서울특별시 은평구 서오릉로 196", "TEL_NO": "02-359-7597", "시설대분류": "접근성조사시설", "시설구분": "소매점", "편의시설 구분": null, "경사로지원상태": "고정경사로 설치", "자동문정보": "자동문 미설치", "경사로 설치 여부": "설치", "이동식 경사로 설치 여부": "미설치", "자동문 설치 여부": "미 설치", "점자표지판 설치 여부": "미설치", "점자 메뉴판 설치 여부": "미설치", "의사소통판 설치 여부": "미설치", "경사도": null, "영업시간": null, "버스번호": null, "버스정보": null, "평일운영시간": null, "토요일운영시간": null, "상세위치": null, "최적경로": null, "대표점변환여부": false, "원본Geometry유형": "Point" }, "geometry": { "type": "Point", "coordinates": [ 126.9121, 37.6138 ] } },
{ "type": "Feature", "properties": { "id": "460", "CONTENTS_NAME": "구산김밥", "ADDR_OLD": "서울특별시 은평구 갈현동 498-4", "ADDR_NEW": "서울특별시 은평구 서오릉로 196", "TEL_NO": "02-352-4346", "시설대분류": "접근성조사시설", "시설구분": "음식점", "편의시설 구분": null, "경사로지원상태": "고정경사로 설치", "자동문정보": "자동문 미설치", "경사로 설치 여부": "설치", "이동식 경사로 설치 여부": "미설치", "자동문 설치 여부": "미 설치", "점자표지판 설치 여부": "미설치", "점자 메뉴판 설치 여부": "미설치", "의사소통판 설치 여부": "미설치", "경사도": null, "영업시간": null, "버스번호": null, "버스정보": null, "평일운영시간": null, "토요일운영시간": null, "상세위치": null, "최적경로": null, "대표점변환여부": false, "원본Geometry유형": "Point" }, "geometry": { "type": "Point", "coordinates": [ 126.9121, 37.6138 ] } },
{ "type": "Feature", "properties": { "id": "229", "CONTENTS_NAME": "또봉이통닭", "ADDR_OLD": "서울특별시 은평구 갈현동 498-4", "ADDR_NEW": "서울특별시 은평구 서오릉로 196", "TEL_NO": "0507-0092-4142", "시설대분류": "접근성조사시설", "시설구분": "음식점", "편의시설 구분": null, "경사로지원상태": "고정경사로 설치", "자동문정보": "자동문 미설치", "경사로 설치 여부": "설치", "이동식 경사로 설치 여부": "미설치", "자동문 설치 여부": "미 설치", "점자표지판 설치 여부": "미설치", "점자 메뉴판 설치 여부": "미설치", "의사소통판 설치 여부": "미설치", "경사도": null, "영업시간": null, "버스번호": null, "버스정보": null, "평일운영시간": null, "토요일운영시간": null, "상세위치": null, "최적경로": null, "대표점변환여부": false, "원본Geometry유형": "Point" }, "geometry": { "type": "Point", "coordinates": [ 126.912, 37.6138 ] } },
{ "type": "Feature", "properties": { "id": "408", "CONTENTS_NAME": "한마음주간보호센터", "ADDR_OLD": "서울특별시 은평구 갈현동 498-6", "ADDR_NEW": "서울특별시 은평구 연서로17길 47", "TEL_NO": "02-353-4889", "시설대분류": "접근성조사시설", "시설구분": "재활시설(주간보호시설)", "편의시설 구분": null, "경사로지원상태": "정보없음", "자동문정보": "정보없음", "경사로 설치 여부": null, "이동식 경사로 설치 여부": null, "자동문 설치 여부": null, "점자표지판 설치 여부": null, "점자 메뉴판 설치 여부": null, "의사소통판 설치 여부": null, "경사도": null, "영업시간": null, "버스번호": null, "버스정보": null, "평일운영시간": null, "토요일운영시간": null, "상세위치": null, "최적경로": null, "대표점변환여부": false, "원본Geometry유형": "Point" }, "geometry": { "type": "Point", "coordinates": [ 126.9123, 37.614 ] } },
{ "type": "Feature", "properties": { "id": "366", "CONTENTS_NAME": "드림모바일", "ADDR_OLD": "서울특별시 은평구 갈현동 498-1", "ADDR_NEW": "서울특별시 은평구 갈현로 182", "TEL_NO": "정보없음", "시설대분류": "접근성조사시설", "시설구분": "기타", "편의시설 구분": null, "경사로지원상태": "고정경사로 설치", "자동문정보": "자동문 미설치", "경사로 설치 여부": "설치", "이동식 경사로 설치 여부": "미설치", "자동문 설치 여부": "미 설치", "점자표지판 설치 여부": "미설치", "점자 메뉴판 설치 여부": "미설치", "의사소통판 설치 여부": "미설치", "경사도": null, "영업시간": null, "버스번호": null, "버스정보": null, "평일운영시간": null, "토요일운영시간": null, "상세위치": null, "최적경로": null, "대표점변환여부": false, "원본Geometry유형": "Point" }, "geometry": { "type": "Point", "coordinates": [ 126.9121, 37.6141 ] } },
{ "type": "Feature", "properties": { "id": "212", "CONTENTS_NAME": "효제메디컬약국", "ADDR_OLD": "서울특별시 은평구 갈현동 508-11", "ADDR_NEW": "서울특별시 은평구 서오릉로 204", "TEL_NO": "02-389-3844", "시설대분류": "접근성조사시설", "시설구분": "약국", "편의시설 구분": null, "경사로지원상태": "고정경사로 설치", "자동문정보": "자동문 미설치", "경사로 설치 여부": "설치", "이동식 경사로 설치 여부": "미설치", "자동문 설치 여부": "미 설치", "점자표지판 설치 여부": "미설치", "점자 메뉴판 설치 여부": "미설치", "의사소통판 설치 여부": "미설치", "경사도": null, "영업시간": null, "버스번호": null, "버스정보": null, "평일운영시간": null, "토요일운영시간": null, "상세위치": null, "최적경로": null, "대표점변환여부": false, "원본Geometry유형": "Point" }, "geometry": { "type": "Point", "coordinates": [ 126.9112, 37.6141 ] } },
{ "type": "Feature", "properties": { "id": "94", "CONTENTS_NAME": "부경공인중개사사무소", "ADDR_OLD": "서울특별시 은평구 구산동 202-1", "ADDR_NEW": "서울특별시 은평구 서오릉로 211", "TEL_NO": "02-383-9114", "시설대분류": "생활편의업소", "시설구분": null, "편의시설 구분": null, "경사로지원상태": "정보없음", "자동문정보": "정보없음", "경사로 설치 여부": null, "이동식 경사로 설치 여부": null, "자동문 설치 여부": null, "점자표지판 설치 여부": null, "점자 메뉴판 설치 여부": null, "의사소통판 설치 여부": null, "경사도": null, "영업시간": null, "버스번호": null, "버스정보": null, "평일운영시간": null, "토요일운영시간": null, "상세위치": null, "최적경로": null, "대표점변환여부": false, "원본Geometry유형": "Point" }, "geometry": { "type": "Point", "coordinates": [ 126.9102, 37.6141 ] } },
{ "type": "Feature", "properties": { "id": "565", "CONTENTS_NAME": "이편한1공인중개사사무소", "ADDR_OLD": "서울특별시 은평구 구산동 363-1", "ADDR_NEW": "서울특별시 은평구 서오릉로17길 13-18", "TEL_NO": "355-7311", "시설대분류": "생활편의업소", "시설구분": null, "편의시설 구분": null, "경사로지원상태": "정보없음", "자동문정보": "정보없음", "경사로 설치 여부": null, "이동식 경사로 설치 여부": null, "자동문 설치 여부": null, "점자표지판 설치 여부": null, "점자 메뉴판 설치 여부": null, "의사소통판 설치 여부": null, "경사도": null, "영업시간": null, "버스번호": null, "버스정보": null, "평일운영시간": null, "토요일운영시간": null, "상세위치": null, "최적경로": null, "대표점변환여부": false, "원본Geometry유형": "Point" }, "geometry": { "type": "Point", "coordinates": [ 126.909, 37.6141 ] } },
{ "type": "Feature", "properties": { "id": "545", "CONTENTS_NAME": "명문공인중개사사무소", "ADDR_OLD": "서울특별시 은평구 갈현동 508-14", "ADDR_NEW": "서울특별시 은평구 갈현로 181-5", "TEL_NO": "388-1472", "시설대분류": "생활편의업소", "시설구분": null, "편의시설 구분": null, "경사로지원상태": "정보없음", "자동문정보": "정보없음", "경사로 설치 여부": null, "이동식 경사로 설치 여부": null, "자동문 설치 여부": null, "점자표지판 설치 여부": null, "점자 메뉴판 설치 여부": null, "의사소통판 설치 여부": null, "경사도": null, "영업시간": null, "버스번호": null, "버스정보": null, "평일운영시간": null, "토요일운영시간": null, "상세위치": null, "최적경로": null, "대표점변환여부": false, "원본Geometry유형": "Point" }, "geometry": { "type": "Point", "coordinates": [ 126.9117, 37.6142 ] } },
{ "type": "Feature", "properties": { "id": "192", "CONTENTS_NAME": "의자10", "ADDR_OLD": "서울특별시 은평구 구산동 산 136-19", "ADDR_NEW": "", "TEL_NO": "", "시설대분류": "야외편의시설", "시설구분": null, "편의시설 구분": "의자", "경사로지원상태": "정보없음", "자동문정보": "정보없음", "경사로 설치 여부": null, "이동식 경사로 설치 여부": null, "자동문 설치 여부": null, "점자표지판 설치 여부": null, "점자 메뉴판 설치 여부": null, "의사소통판 설치 여부": null, "경사도": "5", "영업시간": null, "버스번호": null, "버스정보": null, "평일운영시간": null, "토요일운영시간": null, "상세위치": null, "최적경로": null, "대표점변환여부": false, "원본Geometry유형": "Point" }, "geometry": { "type": "Point", "coordinates": [ 126.9034, 37.6141 ] } },
{ "type": "Feature", "properties": { "id": "189", "CONTENTS_NAME": "이정표8", "ADDR_OLD": "서울특별시 은평구 구산동 산 136-18", "ADDR_NEW": "", "TEL_NO": "", "시설대분류": "야외편의시설", "시설구분": null, "편의시설 구분": "이정표(안내판)", "경사로지원상태": "정보없음", "자동문정보": "정보없음", "경사로 설치 여부": null, "이동식 경사로 설치 여부": null, "자동문 설치 여부": null, "점자표지판 설치 여부": null, "점자 메뉴판 설치 여부": null, "의사소통판 설치 여부": null, "경사도": "4", "영업시간": null, "버스번호": null, "버스정보": null, "평일운영시간": null, "토요일운영시간": null, "상세위치": null, "최적경로": null, "대표점변환여부": false, "원본Geometry유형": "Point" }, "geometry": { "type": "Point", "coordinates": [ 126.9029, 37.6141 ] } },
{ "type": "Feature", "properties": { "id": "183", "CONTENTS_NAME": "이정표9", "ADDR_OLD": "서울특별시 은평구 구산동 산 136-2", "ADDR_NEW": "", "TEL_NO": "", "시설대분류": "야외편의시설", "시설구분": null, "편의시설 구분": "이정표(안내판)", "경사로지원상태": "정보없음", "자동문정보": "정보없음", "경사로 설치 여부": null, "이동식 경사로 설치 여부": null, "자동문 설치 여부": null, "점자표지판 설치 여부": null, "점자 메뉴판 설치 여부": null, "의사소통판 설치 여부": null, "경사도": "4", "영업시간": null, "버스번호": null, "버스정보": null, "평일운영시간": null, "토요일운영시간": null, "상세위치": null, "최적경로": null, "대표점변환여부": false, "원본Geometry유형": "Point" }, "geometry": { "type": "Point", "coordinates": [ 126.9022, 37.6141 ] } },
{ "type": "Feature", "properties": { "id": "190", "CONTENTS_NAME": "의자15", "ADDR_OLD": "서울특별시 은평구 구산동 산 136-1", "ADDR_NEW": "", "TEL_NO": "", "시설대분류": "야외편의시설", "시설구분": null, "편의시설 구분": "의자", "경사로지원상태": "정보없음", "자동문정보": "정보없음", "경사로 설치 여부": null, "이동식 경사로 설치 여부": null, "자동문 설치 여부": null, "점자표지판 설치 여부": null, "점자 메뉴판 설치 여부": null, "의사소통판 설치 여부": null, "경사도": "4", "영업시간": null, "버스번호": null, "버스정보": null, "평일운영시간": null, "토요일운영시간": null, "상세위치": null, "최적경로": null, "대표점변환여부": false, "원본Geometry유형": "Point" }, "geometry": { "type": "Point", "coordinates": [ 126.9027, 37.6142 ] } },
{ "type": "Feature", "properties": { "id": "533", "CONTENTS_NAME": "이정표10", "ADDR_OLD": "서울특별시 은평구 구산동  산 136-2", "ADDR_NEW": "", "TEL_NO": "", "시설대분류": "야외편의시설", "시설구분": null, "편의시설 구분": "이정표(안내판)", "경사로지원상태": "정보없음", "자동문정보": "정보없음", "경사로 설치 여부": null, "이동식 경사로 설치 여부": null, "자동문 설치 여부": null, "점자표지판 설치 여부": null, "점자 메뉴판 설치 여부": null, "의사소통판 설치 여부": null, "경사도": "4", "영업시간": null, "버스번호": null, "버스정보": null, "평일운영시간": null, "토요일운영시간": null, "상세위치": null, "최적경로": null, "대표점변환여부": false, "원본Geometry유형": "Point" }, "geometry": { "type": "Point", "coordinates": [ 126.902, 37.6142 ] } },
{ "type": "Feature", "properties": { "id": "186", "CONTENTS_NAME": "의자18", "ADDR_OLD": "서울특별시 은평구 구산동 산 136-1", "ADDR_NEW": "", "TEL_NO": "", "시설대분류": "야외편의시설", "시설구분": null, "편의시설 구분": "의자", "경사로지원상태": "정보없음", "자동문정보": "정보없음", "경사로 설치 여부": null, "이동식 경사로 설치 여부": null, "자동문 설치 여부": null, "점자표지판 설치 여부": null, "점자 메뉴판 설치 여부": null, "의사소통판 설치 여부": null, "경사도": "5", "영업시간": null, "버스번호": null, "버스정보": null, "평일운영시간": null, "토요일운영시간": null, "상세위치": null, "최적경로": null, "대표점변환여부": false, "원본Geometry유형": "Point" }, "geometry": { "type": "Point", "coordinates": [ 126.9024, 37.6143 ] } },
{ "type": "Feature", "properties": { "id": "194", "CONTENTS_NAME": "의자11", "ADDR_OLD": "서울특별시 은평구 구산동 산 136-18", "ADDR_NEW": "", "TEL_NO": "", "시설대분류": "야외편의시설", "시설구분": null, "편의시설 구분": "의자", "경사로지원상태": "정보없음", "자동문정보": "정보없음", "경사로 설치 여부": null, "이동식 경사로 설치 여부": null, "자동문 설치 여부": null, "점자표지판 설치 여부": null, "점자 메뉴판 설치 여부": null, "의사소통판 설치 여부": null, "경사도": "5", "영업시간": null, "버스번호": null, "버스정보": null, "평일운영시간": null, "토요일운영시간": null, "상세위치": null, "최적경로": null, "대표점변환여부": false, "원본Geometry유형": "Point" }, "geometry": { "type": "Point", "coordinates": [ 126.9034, 37.6144 ] } },
{ "type": "Feature", "properties": { "id": "187", "CONTENTS_NAME": "의자17", "ADDR_OLD": "서울특별시 은평구 구산동 산 136-1", "ADDR_NEW": "", "TEL_NO": "", "시설대분류": "야외편의시설", "시설구분": null, "편의시설 구분": "의자", "경사로지원상태": "정보없음", "자동문정보": "정보없음", "경사로 설치 여부": null, "이동식 경사로 설치 여부": null, "자동문 설치 여부": null, "점자표지판 설치 여부": null, "점자 메뉴판 설치 여부": null, "의사소통판 설치 여부": null, "경사도": "5", "영업시간": null, "버스번호": null, "버스정보": null, "평일운영시간": null, "토요일운영시간": null, "상세위치": null, "최적경로": null, "대표점변환여부": false, "원본Geometry유형": "Point" }, "geometry": { "type": "Point", "coordinates": [ 126.9025, 37.6144 ] } },
{ "type": "Feature", "properties": { "id": "195", "CONTENTS_NAME": "이정표7", "ADDR_OLD": "서울특별시 은평구 구산동 산 136-18", "ADDR_NEW": "", "TEL_NO": "", "시설대분류": "야외편의시설", "시설구분": null, "편의시설 구분": "이정표(안내판)", "경사로지원상태": "정보없음", "자동문정보": "정보없음", "경사로 설치 여부": null, "이동식 경사로 설치 여부": null, "자동문 설치 여부": null, "점자표지판 설치 여부": null, "점자 메뉴판 설치 여부": null, "의사소통판 설치 여부": null, "경사도": "6", "영업시간": null, "버스번호": null, "버스정보": null, "평일운영시간": null, "토요일운영시간": null, "상세위치": null, "최적경로": null, "대표점변환여부": false, "원본Geometry유형": "Point" }, "geometry": { "type": "Point", "coordinates": [ 126.9035, 37.6145 ] } },
{ "type": "Feature", "properties": { "id": "589", "CONTENTS_NAME": "한라똥돼지", "ADDR_OLD": "서울특별시 은평구 역촌동 59-1", "ADDR_NEW": "서울특별시 은평구 역말로 34", "TEL_NO": "02-385-5331", "시설대분류": "접근성조사시설", "시설구분": "음식점", "편의시설 구분": null, "경사로지원상태": "이동식경사로 설치", "자동문정보": "자동문 미설치", "경사로 설치 여부": "미 설치", "이동식 경사로 설치 여부": "설치", "자동문 설치 여부": "미 설치", "점자표지판 설치 여부": "미설치", "점자 메뉴판 설치 여부": "미설치", "의사소통판 설치 여부": "미설치", "경사도": null, "영업시간": null, "버스번호": null, "버스정보": null, "평일운영시간": null, "토요일운영시간": null, "상세위치": null, "최적경로": null, "대표점변환여부": false, "원본Geometry유형": "Point" }, "geometry": { "type": "Point", "coordinates": [ 126.914, 37.6057 ] } },
{ "type": "Feature", "properties": { "id": "292", "CONTENTS_NAME": "24.  역말  사거리", "ADDR_OLD": "서울특별시 은평구 역촌동  45-42", "ADDR_NEW": "", "TEL_NO": "02-385-1351", "시설대분류": "셔틀버스정류장", "시설구분": null, "편의시설 구분": null, "경사로지원상태": "정보없음", "자동문정보": "정보없음", "경사로 설치 여부": null, "이동식 경사로 설치 여부": null, "자동문 설치 여부": null, "점자표지판 설치 여부": null, "점자 메뉴판 설치 여부": null, "의사소통판 설치 여부": null, "경사도": null, "영업시간": null, "버스번호": "12번", "버스정보": "전기 저상버스, 휠체어 탑승 가능, 토요일은 1회, 2회만 운영, 일요일 및 공휴일 미운영", "평일운영시간": null, "토요일운영시간": null, "상세위치": null, "최적경로": null, "대표점변환여부": false, "원본Geometry유형": "Point" }, "geometry": { "type": "Point", "coordinates": [ 126.9146, 37.6059 ] } },
{ "type": "Feature", "properties": { "id": "388", "CONTENTS_NAME": "글라스옵트", "ADDR_OLD": "서울특별시 은평구 역촌동 45-29", "ADDR_NEW": "서울특별시 은평구 역말로 43", "TEL_NO": "02-388-3003", "시설대분류": "접근성조사시설", "시설구분": "안경점", "편의시설 구분": null, "경사로지원상태": "이동식경사로 설치", "자동문정보": "자동문 미설치", "경사로 설치 여부": "미 설치", "이동식 경사로 설치 여부": "설치", "자동문 설치 여부": "미 설치", "점자표지판 설치 여부": "미설치", "점자 메뉴판 설치 여부": "미설치", "의사소통판 설치 여부": "미설치", "경사도": null, "영업시간": null, "버스번호": null, "버스정보": null, "평일운영시간": null, "토요일운영시간": null, "상세위치": null, "최적경로": null, "대표점변환여부": false, "원본Geometry유형": "Point" }, "geometry": { "type": "Point", "coordinates": [ 126.9149, 37.606 ] } },
{ "type": "Feature", "properties": { "id": "333", "CONTENTS_NAME": "13. 역말 사거리 ", "ADDR_OLD": "서울특별시 은평구 역촌동 45-59", "ADDR_NEW": "서울특별시 은평구 역말로 41", "TEL_NO": "02-385-1351", "시설대분류": "셔틀버스정류장", "시설구분": null, "편의시설 구분": null, "경사로지원상태": "정보없음", "자동문정보": "정보없음", "경사로 설치 여부": null, "이동식 경사로 설치 여부": null, "자동문 설치 여부": null, "점자표지판 설치 여부": null, "점자 메뉴판 설치 여부": null, "의사소통판 설치 여부": null, "경사도": null, "영업시간": null, "버스번호": "12-1번", "버스정보": "전기 저상버스, 휠체어 탑승 가능, 토요일은 1회, 2회만 운영, 일요일 및 공휴일 미운영", "평일운영시간": null, "토요일운영시간": null, "상세위치": null, "최적경로": null, "대표점변환여부": false, "원본Geometry유형": "Point" }, "geometry": { "type": "Point", "coordinates": [ 126.9147, 37.606 ] } },
{ "type": "Feature", "properties": { "id": "419", "CONTENTS_NAME": "연세부동산", "ADDR_OLD": "서울특별시 은평구 역촌동 45-59", "ADDR_NEW": "서울특별시 은평구 역말로 41", "TEL_NO": "02-352-8924", "시설대분류": "접근성조사시설", "시설구분": "부동산", "편의시설 구분": null, "경사로지원상태": "고정경사로 설치", "자동문정보": "자동문 미설치", "경사로 설치 여부": "설치", "이동식 경사로 설치 여부": "미설치", "자동문 설치 여부": "미 설치", "점자표지판 설치 여부": "미설치", "점자 메뉴판 설치 여부": "미설치", "의사소통판 설치 여부": "미설치", "경사도": null, "영업시간": null, "버스번호": null, "버스정보": null, "평일운영시간": null, "토요일운영시간": null, "상세위치": null, "최적경로": null, "대표점변환여부": false, "원본Geometry유형": "Point" }, "geometry": { "type": "Point", "coordinates": [ 126.9147, 37.606 ] } },
{ "type": "Feature", "properties": { "id": "597", "CONTENTS_NAME": "행복양꼬치", "ADDR_OLD": "서울특별시 은평구 역촌동 45-59", "ADDR_NEW": "서울특별시 은평구 역말로 41", "TEL_NO": "02-388-5476", "시설대분류": "접근성조사시설", "시설구분": "음식점", "편의시설 구분": null, "경사로지원상태": "고정경사로 설치", "자동문정보": "자동문 미설치", "경사로 설치 여부": "설치", "이동식 경사로 설치 여부": "미설치", "자동문 설치 여부": "미 설치", "점자표지판 설치 여부": "미설치", "점자 메뉴판 설치 여부": "미설치", "의사소통판 설치 여부": "미설치", "경사도": null, "영업시간": null, "버스번호": null, "버스정보": null, "평일운영시간": null, "토요일운영시간": null, "상세위치": null, "최적경로": null, "대표점변환여부": false, "원본Geometry유형": "Point" }, "geometry": { "type": "Point", "coordinates": [ 126.9147, 37.606 ] } },
{ "type": "Feature", "properties": { "id": "3", "CONTENTS_NAME": "푸르지오공인중개사사무소", "ADDR_OLD": "서울특별시 은평구 역촌동 9-54", "ADDR_NEW": "서울특별시 은평구 연서로 78", "TEL_NO": "02-383-2777", "시설대분류": "생활편의업소", "시설구분": null, "편의시설 구분": null, "경사로지원상태": "정보없음", "자동문정보": "정보없음", "경사로 설치 여부": null, "이동식 경사로 설치 여부": null, "자동문 설치 여부": null, "점자표지판 설치 여부": null, "점자 메뉴판 설치 여부": null, "의사소통판 설치 여부": null, "경사도": null, "영업시간": "10:00~19:00", "버스번호": null, "버스정보": null, "평일운영시간": null, "토요일운영시간": null, "상세위치": null, "최적경로": null, "대표점변환여부": false, "원본Geometry유형": "Point" }, "geometry": { "type": "Point", "coordinates": [ 126.9158, 37.6062 ] } },
{ "type": "Feature", "properties": { "id": "31", "CONTENTS_NAME": "부동산재테크공인중개사사무소", "ADDR_OLD": "서울특별시 은평구 역촌동 9-54", "ADDR_NEW": "서울특별시 은평구 연서로 78", "TEL_NO": "02-388-8985", "시설대분류": "생활편의업소", "시설구분": null, "편의시설 구분": null, "경사로지원상태": "정보없음", "자동문정보": "정보없음", "경사로 설치 여부": null, "이동식 경사로 설치 여부": null, "자동문 설치 여부": null, "점자표지판 설치 여부": null, "점자 메뉴판 설치 여부": null, "의사소통판 설치 여부": null, "경사도": null, "영업시간": "10:00~19:00", "버스번호": null, "버스정보": null, "평일운영시간": null, "토요일운영시간": null, "상세위치": null, "최적경로": null, "대표점변환여부": false, "원본Geometry유형": "Point" }, "geometry": { "type": "Point", "coordinates": [ 126.9157, 37.6062 ] } },
{ "type": "Feature", "properties": { "id": "538", "CONTENTS_NAME": "예성공인중개사사무소", "ADDR_OLD": "서울특별시 은평구 구산동 21-62", "ADDR_NEW": "서울특별시 은평구 연서로 99", "TEL_NO": "383-2459", "시설대분류": "생활편의업소", "시설구분": null, "편의시설 구분": null, "경사로지원상태": "정보없음", "자동문정보": "정보없음", "경사로 설치 여부": null, "이동식 경사로 설치 여부": null, "자동문 설치 여부": null, "점자표지판 설치 여부": null, "점자 메뉴판 설치 여부": null, "의사소통판 설치 여부": null, "경사도": null, "영업시간": null, "버스번호": null, "버스정보": null, "평일운영시간": null, "토요일운영시간": null, "상세위치": null, "최적경로": null, "대표점변환여부": false, "원본Geometry유형": "Point" }, "geometry": { "type": "Point", "coordinates": [ 126.9151, 37.6081 ] } },
{ "type": "Feature", "properties": { "id": "438", "CONTENTS_NAME": "형제세탁소", "ADDR_OLD": "서울특별시 은평구 구산동 19-25", "ADDR_NEW": "서울특별시 은평구 연서로11길 20-4", "TEL_NO": "0507-1402-5806", "시설대분류": "접근성조사시설", "시설구분": "세탁소", "편의시설 구분": null, "경사로지원상태": "고정경사로 설치", "자동문정보": "자동문 미설치", "경사로 설치 여부": "설치", "이동식 경사로 설치 여부": "미설치", "자동문 설치 여부": "미 설치", "점자표지판 설치 여부": "미설치", "점자 메뉴판 설치 여부": "미설치", "의사소통판 설치 여부": "미설치", "경사도": null, "영업시간": null, "버스번호": null, "버스정보": null, "평일운영시간": null, "토요일운영시간": null, "상세위치": null, "최적경로": null, "대표점변환여부": false, "원본Geometry유형": "Point" }, "geometry": { "type": "Point", "coordinates": [ 126.9134, 37.6088 ] } },
{ "type": "Feature", "properties": { "id": "282", "CONTENTS_NAME": "한방부동산공인중개사사무소", "ADDR_OLD": "서울특별시 은평구 역촌동 31-10", "ADDR_NEW": "서울특별시 은평구 진흥로5길 6", "TEL_NO": "02-354-7661", "시설대분류": "생활편의업소", "시설구분": null, "편의시설 구분": null, "경사로지원상태": "정보없음", "자동문정보": "정보없음", "경사로 설치 여부": null, "이동식 경사로 설치 여부": null, "자동문 설치 여부": null, "점자표지판 설치 여부": null, "점자 메뉴판 설치 여부": null, "의사소통판 설치 여부": null, "경사도": null, "영업시간": "10:00 ~ 19:00", "버스번호": null, "버스정보": null, "평일운영시간": null, "토요일운영시간": null, "상세위치": null, "최적경로": null, "대표점변환여부": false, "원본Geometry유형": "Point" }, "geometry": { "type": "Point", "coordinates": [ 126.9203, 37.6029 ] } },
{ "type": "Feature", "properties": { "id": "280", "CONTENTS_NAME": "송강공인중개사사무소", "ADDR_OLD": "서울특별시 은평구 역촌동 28-68", "ADDR_NEW": "서울특별시 은평구 진흥로 71", "TEL_NO": "02-389-6668", "시설대분류": "생활편의업소", "시설구분": null, "편의시설 구분": null, "경사로지원상태": "정보없음", "자동문정보": "정보없음", "경사로 설치 여부": null, "이동식 경사로 설치 여부": null, "자동문 설치 여부": null, "점자표지판 설치 여부": null, "점자 메뉴판 설치 여부": null, "의사소통판 설치 여부": null, "경사도": null, "영업시간": "9:00 ~ 19:00", "버스번호": null, "버스정보": null, "평일운영시간": null, "토요일운영시간": null, "상세위치": null, "최적경로": null, "대표점변환여부": false, "원본Geometry유형": "Point" }, "geometry": { "type": "Point", "coordinates": [ 126.9211, 37.6034 ] } },
{ "type": "Feature", "properties": { "id": "606", "CONTENTS_NAME": "역촌호프", "ADDR_OLD": "서울특별시 은평구 역촌동 27-13", "ADDR_NEW": "서울특별시 은평구 진흥로 81-1", "TEL_NO": "정보없음", "시설대분류": "접근성조사시설", "시설구분": "음식점", "편의시설 구분": null, "경사로지원상태": "고정경사로 설치", "자동문정보": "자동문 미설치", "경사로 설치 여부": "설치", "이동식 경사로 설치 여부": "미설치", "자동문 설치 여부": "미 설치", "점자표지판 설치 여부": "미설치", "점자 메뉴판 설치 여부": "미설치", "의사소통판 설치 여부": "미설치", "경사도": null, "영업시간": null, "버스번호": null, "버스정보": null, "평일운영시간": null, "토요일운영시간": null, "상세위치": null, "최적경로": null, "대표점변환여부": false, "원본Geometry유형": "Point" }, "geometry": { "type": "Point", "coordinates": [ 126.9215, 37.6042 ] } },
{ "type": "Feature", "properties": { "id": "7", "CONTENTS_NAME": "홈즈공인중개사사무소", "ADDR_OLD": "서울특별시 은평구 역촌동 26-37", "ADDR_NEW": "서울특별시 은평구 진흥로7가길 2", "TEL_NO": "02-6354-5353", "시설대분류": "생활편의업소", "시설구분": null, "편의시설 구분": null, "경사로지원상태": "정보없음", "자동문정보": "정보없음", "경사로 설치 여부": null, "이동식 경사로 설치 여부": null, "자동문 설치 여부": null, "점자표지판 설치 여부": null, "점자 메뉴판 설치 여부": null, "의사소통판 설치 여부": null, "경사도": null, "영업시간": "10:00~18:00", "버스번호": null, "버스정보": null, "평일운영시간": null, "토요일운영시간": null, "상세위치": null, "최적경로": null, "대표점변환여부": false, "원본Geometry유형": "Point" }, "geometry": { "type": "Point", "coordinates": [ 126.9204, 37.6046 ] } },
{ "type": "Feature", "properties": { "id": "570", "CONTENTS_NAME": "은평장애인주간보호센터", "ADDR_OLD": "서울특별시 은평구 역촌동 27-7", "ADDR_NEW": "서울특별시 은평구 진흥로 87", "TEL_NO": "070-7113-5451", "시설대분류": "접근성조사시설", "시설구분": "재활시설(주간보호시설)", "편의시설 구분": null, "경사로지원상태": "정보없음", "자동문정보": "정보없음", "경사로 설치 여부": null, "이동식 경사로 설치 여부": null, "자동문 설치 여부": null, "점자표지판 설치 여부": null, "점자 메뉴판 설치 여부": null, "의사소통판 설치 여부": null, "경사도": null, "영업시간": null, "버스번호": null, "버스정보": null, "평일운영시간": null, "토요일운영시간": null, "상세위치": null, "최적경로": null, "대표점변환여부": false, "원본Geometry유형": "Point" }, "geometry": { "type": "Point", "coordinates": [ 126.9217, 37.6047 ] } },
{ "type": "Feature", "properties": { "id": "12", "CONTENTS_NAME": "성신공인중개사사무소", "ADDR_OLD": "서울특별시 은평구 역촌동 17-325", "ADDR_NEW": "서울특별시 은평구 서오릉로7길 11", "TEL_NO": "02-387-1188", "시설대분류": "생활편의업소", "시설구분": null, "편의시설 구분": null, "경사로지원상태": "정보없음", "자동문정보": "정보없음", "경사로 설치 여부": null, "이동식 경사로 설치 여부": null, "자동문 설치 여부": null, "점자표지판 설치 여부": null, "점자 메뉴판 설치 여부": null, "의사소통판 설치 여부": null, "경사도": null, "영업시간": null, "버스번호": null, "버스정보": null, "평일운영시간": null, "토요일운영시간": null, "상세위치": null, "최적경로": null, "대표점변환여부": false, "원본Geometry유형": "Point" }, "geometry": { "type": "Point", "coordinates": [ 126.9213, 37.6063 ] } },
{ "type": "Feature", "properties": { "id": "601", "CONTENTS_NAME": "주)우시장정육식당은평", "ADDR_OLD": "서울특별시 은평구 대조동 172-56", "ADDR_NEW": "서울특별시 은평구 서오릉로 110", "TEL_NO": "02-383-7789", "시설대분류": "접근성조사시설", "시설구분": "음식점", "편의시설 구분": null, "경사로지원상태": "고정경사로 설치", "자동문정보": "자동문 미설치", "경사로 설치 여부": "설치", "이동식 경사로 설치 여부": "미설치", "자동문 설치 여부": "미 설치", "점자표지판 설치 여부": "미설치", "점자 메뉴판 설치 여부": "미설치", "의사소통판 설치 여부": "미설치", "경사도": null, "영업시간": null, "버스번호": null, "버스정보": null, "평일운영시간": null, "토요일운영시간": null, "상세위치": null, "최적경로": null, "대표점변환여부": false, "원본Geometry유형": "Point" }, "geometry": { "type": "Point", "coordinates": [ 126.9201, 37.6098 ] } },
{ "type": "Feature", "properties": { "id": "5", "CONTENTS_NAME": "조아공인중개사사무소", "ADDR_OLD": "서울특별시 은평구 대조동 208-15", "ADDR_NEW": "서울특별시 은평구 역말로9길 23", "TEL_NO": "02-354-2400", "시설대분류": "생활편의업소", "시설구분": null, "편의시설 구분": null, "경사로지원상태": "정보없음", "자동문정보": "정보없음", "경사로 설치 여부": null, "이동식 경사로 설치 여부": null, "자동문 설치 여부": null, "점자표지판 설치 여부": null, "점자 메뉴판 설치 여부": null, "의사소통판 설치 여부": null, "경사도": null, "영업시간": null, "버스번호": null, "버스정보": null, "평일운영시간": null, "토요일운영시간": null, "상세위치": null, "최적경로": null, "대표점변환여부": false, "원본Geometry유형": "Point" }, "geometry": { "type": "Point", "coordinates": [ 126.9219, 37.6131 ] } },
{ "type": "Feature", "properties": { "id": "78", "CONTENTS_NAME": "대조동주민센터", "ADDR_OLD": "서울특별시 은평구 대조동 214-7", "ADDR_NEW": "서울특별시 은평구 연서로20길 24-3", "TEL_NO": "02-351-5182", "시설대분류": "전동휠체어충전소", "시설구분": null, "편의시설 구분": null, "경사로지원상태": "정보없음", "자동문정보": "정보없음", "경사로 설치 여부": null, "이동식 경사로 설치 여부": null, "자동문 설치 여부": null, "점자표지판 설치 여부": null, "점자 메뉴판 설치 여부": null, "의사소통판 설치 여부": null, "경사도": null, "영업시간": null, "버스번호": null, "버스정보": null, "평일운영시간": "09시 ~ 18시", "토요일운영시간": "00시 ~ 24시", "상세위치": "민원실", "최적경로": null, "대표점변환여부": false, "원본Geometry유형": "Point" }, "geometry": { "type": "Point", "coordinates": [ 126.9208, 37.6141 ] } },
{ "type": "Feature", "properties": { "id": "244", "CONTENTS_NAME": "경호공인중개사사무소", "ADDR_OLD": "서울특별시 은평구 대조동 215-22", "ADDR_NEW": "서울특별시 은평구 연서로20길 19-1", "TEL_NO": "02-353-0799", "시설대분류": "생활편의업소", "시설구분": null, "편의시설 구분": null, "경사로지원상태": "정보없음", "자동문정보": "정보없음", "경사로 설치 여부": null, "이동식 경사로 설치 여부": null, "자동문 설치 여부": null, "점자표지판 설치 여부": null, "점자 메뉴판 설치 여부": null, "의사소통판 설치 여부": null, "경사도": null, "영업시간": null, "버스번호": null, "버스정보": null, "평일운영시간": null, "토요일운영시간": null, "상세위치": null, "최적경로": null, "대표점변환여부": false, "원본Geometry유형": "Point" }, "geometry": { "type": "Point", "coordinates": [ 126.9201, 37.6142 ] } },
{ "type": "Feature", "properties": { "id": "40", "CONTENTS_NAME": "예일부동산공인중개사사무소", "ADDR_OLD": "서울특별시 은평구 구산동 21-2", "ADDR_NEW": "서울특별시 은평구 연서로13길 3", "TEL_NO": "384-8889", "시설대분류": "생활편의업소", "시설구분": null, "편의시설 구분": null, "경사로지원상태": "정보없음", "자동문정보": "정보없음", "경사로 설치 여부": null, "이동식 경사로 설치 여부": null, "자동문 설치 여부": null, "점자표지판 설치 여부": null, "점자 메뉴판 설치 여부": null, "의사소통판 설치 여부": null, "경사도": null, "영업시간": null, "버스번호": null, "버스정보": null, "평일운영시간": null, "토요일운영시간": null, "상세위치": null, "최적경로": null, "대표점변환여부": false, "원본Geometry유형": "Point" }, "geometry": { "type": "Point", "coordinates": [ 126.9154, 37.6092 ] } },
{ "type": "Feature", "properties": { "id": "414", "CONTENTS_NAME": "솔빛공인중개사사무소", "ADDR_OLD": "서울특별시 은평구 구산동 21-2", "ADDR_NEW": "서울특별시 은평구 연서로13길 3", "TEL_NO": "02-358-2300", "시설대분류": "접근성조사시설", "시설구분": "부동산", "편의시설 구분": null, "경사로지원상태": "고정경사로 설치", "자동문정보": "자동문 미설치", "경사로 설치 여부": "설치", "이동식 경사로 설치 여부": "미설치", "자동문 설치 여부": "미 설치", "점자표지판 설치 여부": "미설치", "점자 메뉴판 설치 여부": "미설치", "의사소통판 설치 여부": "미설치", "경사도": null, "영업시간": null, "버스번호": null, "버스정보": null, "평일운영시간": null, "토요일운영시간": null, "상세위치": null, "최적경로": null, "대표점변환여부": false, "원본Geometry유형": "Point" }, "geometry": { "type": "Point", "coordinates": [ 126.9154, 37.6092 ] } },
{ "type": "Feature", "properties": { "id": "421", "CONTENTS_NAME": "예일부동산", "ADDR_OLD": "서울특별시 은평구 구산동 17-1", "ADDR_NEW": "서울특별시 은평구 연서로13길 19", "TEL_NO": "02-352-4958", "시설대분류": "접근성조사시설", "시설구분": "부동산", "편의시설 구분": null, "경사로지원상태": "고정경사로 설치", "자동문정보": "자동문 미설치", "경사로 설치 여부": "설치", "이동식 경사로 설치 여부": "미설치", "자동문 설치 여부": "미 설치", "점자표지판 설치 여부": "미설치", "점자 메뉴판 설치 여부": "미설치", "의사소통판 설치 여부": "미설치", "경사도": null, "영업시간": null, "버스번호": null, "버스정보": null, "평일운영시간": null, "토요일운영시간": null, "상세위치": null, "최적경로": null, "대표점변환여부": false, "원본Geometry유형": "Point" }, "geometry": { "type": "Point", "coordinates": [ 126.9137, 37.6098 ] } },
{ "type": "Feature", "properties": { "id": "372", "CONTENTS_NAME": "큰사랑 온누리약국", "ADDR_OLD": "서울특별시 은평구 구산동 2-36", "ADDR_NEW": "서울특별시 은평구 서오릉로 149", "TEL_NO": "02-356-3393", "시설대분류": "접근성조사시설", "시설구분": "약국", "편의시설 구분": null, "경사로지원상태": "고정경사로 설치", "자동문정보": "자동문 미설치", "경사로 설치 여부": "설치", "이동식 경사로 설치 여부": "미설치", "자동문 설치 여부": "미 설치", "점자표지판 설치 여부": "설치", "점자 메뉴판 설치 여부": "미설치", "의사소통판 설치 여부": "미설치", "경사도": null, "영업시간": null, "버스번호": null, "버스정보": null, "평일운영시간": null, "토요일운영시간": null, "상세위치": null, "최적경로": null, "대표점변환여부": false, "원본Geometry유형": "Point" }, "geometry": { "type": "Point", "coordinates": [ 126.9164, 37.6116 ] } },
{ "type": "Feature", "properties": { "id": "377", "CONTENTS_NAME": "쿠아레비(구산)", "ADDR_OLD": "서울특별시 은평구 구산동 2-36", "ADDR_NEW": "서울특별시 은평구 서오릉로 149", "TEL_NO": "02-356-7885", "시설대분류": "접근성조사시설", "시설구분": "카페", "편의시설 구분": null, "경사로지원상태": "경사로 미설치", "자동문정보": "자동문 미설치", "경사로 설치 여부": "미 설치", "이동식 경사로 설치 여부": "미설치", "자동문 설치 여부": "미 설치", "점자표지판 설치 여부": "미설치", "점자 메뉴판 설치 여부": "미설치", "의사소통판 설치 여부": "설치", "경사도": null, "영업시간": null, "버스번호": null, "버스정보": null, "평일운영시간": null, "토요일운영시간": null, "상세위치": null, "최적경로": null, "대표점변환여부": false, "원본Geometry유형": "Point" }, "geometry": { "type": "Point", "coordinates": [ 126.9163, 37.6116 ] } },
{ "type": "Feature", "properties": { "id": "386", "CONTENTS_NAME": "이룸통신", "ADDR_OLD": "서울특별시 은평구 갈현동 465-23", "ADDR_NEW": "서울특별시 은평구 서오릉로 150", "TEL_NO": "0507-1308-6507", "시설대분류": "접근성조사시설", "시설구분": "통신사", "편의시설 구분": null, "경사로지원상태": "고정경사로 설치", "자동문정보": "자동문 미설치", "경사로 설치 여부": "설치", "이동식 경사로 설치 여부": "미설치", "자동문 설치 여부": "미 설치", "점자표지판 설치 여부": "미설치", "점자 메뉴판 설치 여부": "미설치", "의사소통판 설치 여부": "미설치", "경사도": null, "영업시간": null, "버스번호": null, "버스정보": null, "평일운영시간": null, "토요일운영시간": null, "상세위치": null, "최적경로": null, "대표점변환여부": false, "원본Geometry유형": "Point" }, "geometry": { "type": "Point", "coordinates": [ 126.9166, 37.6119 ] } },
{ "type": "Feature", "properties": { "id": "630", "CONTENTS_NAME": "경하프라자약국", "ADDR_OLD": "서울특별시 은평구 구산동 196-3", "ADDR_NEW": "서울특별시 은평구 서오릉로 157", "TEL_NO": "02-385-7271", "시설대분류": "접근성조사시설", "시설구분": "약국", "편의시설 구분": null, "경사로지원상태": "고정경사로 설치", "자동문정보": "자동문 미설치", "경사로 설치 여부": "설치", "이동식 경사로 설치 여부": "미설치", "자동문 설치 여부": "미 설치", "점자표지판 설치 여부": "미설치", "점자 메뉴판 설치 여부": "미설치", "의사소통판 설치 여부": "미설치", "경사도": null, "영업시간": null, "버스번호": null, "버스정보": null, "평일운영시간": null, "토요일운영시간": null, "상세위치": null, "최적경로": null, "대표점변환여부": false, "원본Geometry유형": "Point" }, "geometry": { "type": "Point", "coordinates": [ 126.9156, 37.612 ] } },
{ "type": "Feature", "properties": { "id": "575", "CONTENTS_NAME": "박채김치찌개구산역점", "ADDR_OLD": "서울특별시 은평구 갈현동 489-23", "ADDR_NEW": "서울특별시 은평구 서오릉로 178", "TEL_NO": "02-356-6624", "시설대분류": "접근성조사시설", "시설구분": "음식점", "편의시설 구분": null, "경사로지원상태": "고정경사로 설치", "자동문정보": "자동문 미설치", "경사로 설치 여부": "설치", "이동식 경사로 설치 여부": "미설치", "자동문 설치 여부": "미 설치", "점자표지판 설치 여부": "미설치", "점자 메뉴판 설치 여부": "미설치", "의사소통판 설치 여부": "미설치", "경사도": null, "영업시간": null, "버스번호": null, "버스정보": null, "평일운영시간": null, "토요일운영시간": null, "상세위치": null, "최적경로": null, "대표점변환여부": false, "원본Geometry유형": "Point" }, "geometry": { "type": "Point", "coordinates": [ 126.9139, 37.6132 ] } },
{ "type": "Feature", "properties": { "id": "447", "CONTENTS_NAME": "중화대반점", "ADDR_OLD": "서울특별시 은평구 갈현동 489-6", "ADDR_NEW": "서울특별시 은평구 연서로17길 41", "TEL_NO": "02-388-8868", "시설대분류": "접근성조사시설", "시설구분": "음식점", "편의시설 구분": null, "경사로지원상태": "고정경사로 설치", "자동문정보": "자동문 미설치", "경사로 설치 여부": "설치", "이동식 경사로 설치 여부": "미설치", "자동문 설치 여부": "미 설치", "점자표지판 설치 여부": "미설치", "점자 메뉴판 설치 여부": "미설치", "의사소통판 설치 여부": "미설치", "경사도": null, "영업시간": null, "버스번호": null, "버스정보": null, "평일운영시간": null, "토요일운영시간": null, "상세위치": null, "최적경로": null, "대표점변환여부": false, "원본Geometry유형": "Point" }, "geometry": { "type": "Point", "coordinates": [ 126.913, 37.6137 ] } },
{ "type": "Feature", "properties": { "id": "2", "CONTENTS_NAME": "부자공인중개사사무소", "ADDR_OLD": "서울특별시 은평구 갈현동 487-19", "ADDR_NEW": "서울특별시 은평구 연서로19길 26-9", "TEL_NO": "02-3157-1763", "시설대분류": "생활편의업소", "시설구분": null, "편의시설 구분": null, "경사로지원상태": "정보없음", "자동문정보": "정보없음", "경사로 설치 여부": null, "이동식 경사로 설치 여부": null, "자동문 설치 여부": null, "점자표지판 설치 여부": null, "점자 메뉴판 설치 여부": null, "의사소통판 설치 여부": null, "경사도": null, "영업시간": "10:00~19:00", "버스번호": null, "버스정보": null, "평일운영시간": null, "토요일운영시간": null, "상세위치": null, "최적경로": null, "대표점변환여부": false, "원본Geometry유형": "Point" }, "geometry": { "type": "Point", "coordinates": [ 126.9149, 37.6148 ] } },
{ "type": "Feature", "properties": { "id": "598", "CONTENTS_NAME": "한일슈퍼", "ADDR_OLD": "서울특별시 은평구 역촌동 12-1", "ADDR_NEW": "서울특별시 은평구 연서로14길 14", "TEL_NO": "02-359-8592", "시설대분류": "접근성조사시설", "시설구분": "마트", "편의시설 구분": null, "경사로지원상태": "고정경사로 설치", "자동문정보": "자동문 미설치", "경사로 설치 여부": "설치", "이동식 경사로 설치 여부": "미설치", "자동문 설치 여부": "미 설치", "점자표지판 설치 여부": "미설치", "점자 메뉴판 설치 여부": "미설치", "의사소통판 설치 여부": "미설치", "경사도": null, "영업시간": null, "버스번호": null, "버스정보": null, "평일운영시간": null, "토요일운영시간": null, "상세위치": null, "최적경로": null, "대표점변환여부": false, "원본Geometry유형": "Point" }, "geometry": { "type": "Point", "coordinates": [ 126.9174, 37.6085 ] } },
{ "type": "Feature", "properties": { "id": "42", "CONTENTS_NAME": "라브리지헤어살롱", "ADDR_OLD": "서울특별시 은평구 대조동 226-9", "ADDR_NEW": "서울특별시 은평구 서오릉로 134-30", "TEL_NO": "02-359-6553", "시설대분류": "이미용지원시설", "시설구분": null, "편의시설 구분": null, "경사로지원상태": "고정경사로 설치", "자동문정보": "자동문 미설치", "경사로 설치 여부": "설치", "이동식 경사로 설치 여부": null, "자동문 설치 여부": "미 설치", "점자표지판 설치 여부": null, "점자 메뉴판 설치 여부": null, "의사소통판 설치 여부": null, "경사도": null, "영업시간": null, "버스번호": null, "버스정보": null, "평일운영시간": null, "토요일운영시간": null, "상세위치": null, "최적경로": null, "대표점변환여부": false, "원본Geometry유형": "Point" }, "geometry": { "type": "Point", "coordinates": [ 126.9181, 37.6116 ] } },
{ "type": "Feature", "properties": { "id": "472", "CONTENTS_NAME": "12. 구산역 4번출구 ", "ADDR_OLD": "서울특별시 은평구 갈현동  531-9", "ADDR_NEW": "", "TEL_NO": "02-385-1351", "시설대분류": "셔틀버스정류장", "시설구분": null, "편의시설 구분": null, "경사로지원상태": "정보없음", "자동문정보": "정보없음", "경사로 설치 여부": null, "이동식 경사로 설치 여부": null, "자동문 설치 여부": null, "점자표지판 설치 여부": null, "점자 메뉴판 설치 여부": null, "의사소통판 설치 여부": null, "경사도": null, "영업시간": null, "버스번호": "12-1번", "버스정보": "전기 저상버스, 휠체어 탑승 가능, 토요일은 1회, 2회만 운영, 일요일 및 공휴일 미운영", "평일운영시간": null, "토요일운영시간": null, "상세위치": null, "최적경로": null, "대표점변환여부": false, "원본Geometry유형": "Point" }, "geometry": { "type": "Point", "coordinates": [ 126.9173, 37.6117 ] } },
{ "type": "Feature", "properties": { "id": "102", "CONTENTS_NAME": "갈현베르빌부동산공인중개사사무소", "ADDR_OLD": "서울특별시 은평구 갈현동 465-12", "ADDR_NEW": "서울특별시 은평구 연서로 149", "TEL_NO": "358-8030", "시설대분류": "생활편의업소", "시설구분": null, "편의시설 구분": null, "경사로지원상태": "정보없음", "자동문정보": "정보없음", "경사로 설치 여부": null, "이동식 경사로 설치 여부": null, "자동문 설치 여부": null, "점자표지판 설치 여부": null, "점자 메뉴판 설치 여부": null, "의사소통판 설치 여부": null, "경사도": null, "영업시간": null, "버스번호": null, "버스정보": null, "평일운영시간": null, "토요일운영시간": null, "상세위치": null, "최적경로": null, "대표점변환여부": false, "원본Geometry유형": "Point" }, "geometry": { "type": "Point", "coordinates": [ 126.917, 37.612 ] } },
{ "type": "Feature", "properties": { "id": "454", "CONTENTS_NAME": "대영공인중개사사무소", "ADDR_OLD": "서울특별시 은평구 대조동 225-27", "ADDR_NEW": "서울특별시 은평구 연서로18길 14", "TEL_NO": "02-384-3838", "시설대분류": "생활편의업소", "시설구분": null, "편의시설 구분": null, "경사로지원상태": "정보없음", "자동문정보": "정보없음", "경사로 설치 여부": null, "이동식 경사로 설치 여부": null, "자동문 설치 여부": null, "점자표지판 설치 여부": null, "점자 메뉴판 설치 여부": null, "의사소통판 설치 여부": null, "경사도": null, "영업시간": "9:00 ~ 19:00", "버스번호": null, "버스정보": null, "평일운영시간": null, "토요일운영시간": null, "상세위치": null, "최적경로": null, "대표점변환여부": false, "원본Geometry유형": "Point" }, "geometry": { "type": "Point", "coordinates": [ 126.919, 37.6121 ] } },
{ "type": "Feature", "properties": { "id": "480", "CONTENTS_NAME": "28.  구산역  1번출구", "ADDR_OLD": "서울특별시 은평구 대조동 212-39", "ADDR_NEW": "서울특별시 은평구 연서로18길 3-6", "TEL_NO": "02-385-1351", "시설대분류": "셔틀버스정류장", "시설구분": null, "편의시설 구분": null, "경사로지원상태": "정보없음", "자동문정보": "정보없음", "경사로 설치 여부": null, "이동식 경사로 설치 여부": null, "자동문 설치 여부": null, "점자표지판 설치 여부": null, "점자 메뉴판 설치 여부": null, "의사소통판 설치 여부": null, "경사도": null, "영업시간": null, "버스번호": "12번", "버스정보": "전기 저상버스, 휠체어 탑승 가능, 토요일은 1회, 2회만 운영, 일요일 및 공휴일 미운영", "평일운영시간": null, "토요일운영시간": null, "상세위치": null, "최적경로": null, "대표점변환여부": false, "원본Geometry유형": "Point" }, "geometry": { "type": "Point", "coordinates": [ 126.9175, 37.6121 ] } },
{ "type": "Feature", "properties": { "id": "296", "CONTENTS_NAME": "은평공인중개사사무소", "ADDR_OLD": "서울특별시 은평구 대조동 225-13", "ADDR_NEW": "서울특별시 은평구 연서로18길 6", "TEL_NO": "02-389-0770", "시설대분류": "생활편의업소", "시설구분": null, "편의시설 구분": null, "경사로지원상태": "정보없음", "자동문정보": "정보없음", "경사로 설치 여부": null, "이동식 경사로 설치 여부": null, "자동문 설치 여부": null, "점자표지판 설치 여부": null, "점자 메뉴판 설치 여부": null, "의사소통판 설치 여부": null, "경사도": null, "영업시간": null, "버스번호": null, "버스정보": null, "평일운영시간": null, "토요일운영시간": null, "상세위치": null, "최적경로": null, "대표점변환여부": false, "원본Geometry유형": "Point" }, "geometry": { "type": "Point", "coordinates": [ 126.9182, 37.6122 ] } },
{ "type": "Feature", "properties": { "id": "450", "CONTENTS_NAME": "조은공인중개사사무소", "ADDR_OLD": "서울특별시 은평구 대조동 223-16", "ADDR_NEW": "서울특별시 은평구 연서로 158", "TEL_NO": "02-353-4985", "시설대분류": "생활편의업소", "시설구분": null, "편의시설 구분": null, "경사로지원상태": "정보없음", "자동문정보": "정보없음", "경사로 설치 여부": null, "이동식 경사로 설치 여부": null, "자동문 설치 여부": null, "점자표지판 설치 여부": null, "점자 메뉴판 설치 여부": null, "의사소통판 설치 여부": null, "경사도": null, "영업시간": "10:00 ~ 18:00", "버스번호": null, "버스정보": null, "평일운영시간": null, "토요일운영시간": null, "상세위치": null, "최적경로": null, "대표점변환여부": false, "원본Geometry유형": "Point" }, "geometry": { "type": "Point", "coordinates": [ 126.9178, 37.6129 ] } },
{ "type": "Feature", "properties": { "id": "227", "CONTENTS_NAME": "조은공인중개사", "ADDR_OLD": "서울특별시 은평구 대조동 223-16", "ADDR_NEW": "서울특별시 은평구 연서로 158", "TEL_NO": "02-353-4985", "시설대분류": "접근성조사시설", "시설구분": "부동산", "편의시설 구분": null, "경사로지원상태": "고정경사로 설치", "자동문정보": "자동문 미설치", "경사로 설치 여부": "설치", "이동식 경사로 설치 여부": "미설치", "자동문 설치 여부": "미 설치", "점자표지판 설치 여부": "미설치", "점자 메뉴판 설치 여부": "미설치", "의사소통판 설치 여부": "미설치", "경사도": null, "영업시간": null, "버스번호": null, "버스정보": null, "평일운영시간": null, "토요일운영시간": null, "상세위치": null, "최적경로": null, "대표점변환여부": false, "원본Geometry유형": "Point" }, "geometry": { "type": "Point", "coordinates": [ 126.9178, 37.6129 ] } },
{ "type": "Feature", "properties": { "id": "60", "CONTENTS_NAME": "만포면옥", "ADDR_OLD": "서울특별시 은평구 갈현동 463-1", "ADDR_NEW": "서울특별시 은평구 연서로 171", "TEL_NO": "0507-1377-3917", "시설대분류": "접근성조사시설", "시설구분": "식당", "편의시설 구분": null, "경사로지원상태": "고정경사로 설치", "자동문정보": "자동문 설치", "경사로 설치 여부": "설치", "이동식 경사로 설치 여부": "미설치", "자동문 설치 여부": "설치", "점자표지판 설치 여부": "설치", "점자 메뉴판 설치 여부": "설치", "의사소통판 설치 여부": "미설치", "경사도": null, "영업시간": null, "버스번호": null, "버스정보": null, "평일운영시간": null, "토요일운영시간": null, "상세위치": null, "최적경로": null, "대표점변환여부": false, "원본Geometry유형": "Point" }, "geometry": { "type": "Point", "coordinates": [ 126.9175, 37.6142 ] } },
{ "type": "Feature", "properties": { "id": "28", "CONTENTS_NAME": "탑클래스공인중개사사무소", "ADDR_OLD": "서울특별시 은평구 대조동 220-22", "ADDR_NEW": "서울특별시 은평구 연서로20길 3", "TEL_NO": "02-386-9922", "시설대분류": "생활편의업소", "시설구분": null, "편의시설 구분": null, "경사로지원상태": "정보없음", "자동문정보": "정보없음", "경사로 설치 여부": null, "이동식 경사로 설치 여부": null, "자동문 설치 여부": null, "점자표지판 설치 여부": null, "점자 메뉴판 설치 여부": null, "의사소통판 설치 여부": null, "경사도": null, "영업시간": "10:00 ~ 19:00", "버스번호": null, "버스정보": null, "평일운영시간": null, "토요일운영시간": null, "상세위치": null, "최적경로": null, "대표점변환여부": false, "원본Geometry유형": "Point" }, "geometry": { "type": "Point", "coordinates": [ 126.9182, 37.6143 ] } },
{ "type": "Feature", "properties": { "id": "93", "CONTENTS_NAME": "이화공인중개사사무소", "ADDR_OLD": "서울특별시 은평구 갈현동 476-12", "ADDR_NEW": "서울특별시 은평구 연서로21길 12", "TEL_NO": "355-3144", "시설대분류": "생활편의업소", "시설구분": null, "편의시설 구분": null, "경사로지원상태": "정보없음", "자동문정보": "정보없음", "경사로 설치 여부": null, "이동식 경사로 설치 여부": null, "자동문 설치 여부": null, "점자표지판 설치 여부": null, "점자 메뉴판 설치 여부": null, "의사소통판 설치 여부": null, "경사도": null, "영업시간": null, "버스번호": null, "버스정보": null, "평일운영시간": null, "토요일운영시간": null, "상세위치": null, "최적경로": null, "대표점변환여부": false, "원본Geometry유형": "Point" }, "geometry": { "type": "Point", "coordinates": [ 126.9166, 37.6148 ] } },
{ "type": "Feature", "properties": { "id": "370", "CONTENTS_NAME": "연세약국", "ADDR_OLD": "서울특별시 은평구 갈현동 462-49", "ADDR_NEW": "서울특별시 은평구 연서로 181", "TEL_NO": "02-352-2086", "시설대분류": "접근성조사시설", "시설구분": "약국", "편의시설 구분": null, "경사로지원상태": "경사로 미설치", "자동문정보": "자동문 미설치", "경사로 설치 여부": "미 설치", "이동식 경사로 설치 여부": "미설치", "자동문 설치 여부": "미 설치", "점자표지판 설치 여부": "설치", "점자 메뉴판 설치 여부": "미설치", "의사소통판 설치 여부": "미설치", "경사도": null, "영업시간": null, "버스번호": null, "버스정보": null, "평일운영시간": null, "토요일운영시간": null, "상세위치": null, "최적경로": null, "대표점변환여부": false, "원본Geometry유형": "Point" }, "geometry": { "type": "Point", "coordinates": [ 126.9177, 37.615 ] } },
{ "type": "Feature", "properties": { "id": "1", "CONTENTS_NAME": "은평중심공인중개사사무소", "ADDR_OLD": "서울특별시 은평구 갈현동 476-3", "ADDR_NEW": "서울특별시 은평구 연서로23길 7", "TEL_NO": "02-359-1212", "시설대분류": "생활편의업소", "시설구분": null, "편의시설 구분": null, "경사로지원상태": "정보없음", "자동문정보": "정보없음", "경사로 설치 여부": null, "이동식 경사로 설치 여부": null, "자동문 설치 여부": null, "점자표지판 설치 여부": null, "점자 메뉴판 설치 여부": null, "의사소통판 설치 여부": null, "경사도": null, "영업시간": "10:00~19:00", "버스번호": null, "버스정보": null, "평일운영시간": null, "토요일운영시간": null, "상세위치": null, "최적경로": null, "대표점변환여부": false, "원본Geometry유형": "Point" }, "geometry": { "type": "Point", "coordinates": [ 126.9171, 37.6156 ] } },
{ "type": "Feature", "properties": { "id": "364", "CONTENTS_NAME": "인크맥스", "ADDR_OLD": "서울특별시 은평구 갈현동 460-22", "ADDR_NEW": "서울특별시 은평구 연서로 201", "TEL_NO": "02-357-2580", "시설대분류": "접근성조사시설", "시설구분": "기타", "편의시설 구분": null, "경사로지원상태": "고정경사로 설치", "자동문정보": "자동문 미설치", "경사로 설치 여부": "설치", "이동식 경사로 설치 여부": "미설치", "자동문 설치 여부": "미 설치", "점자표지판 설치 여부": "미설치", "점자 메뉴판 설치 여부": "미설치", "의사소통판 설치 여부": "미설치", "경사도": null, "영업시간": null, "버스번호": null, "버스정보": null, "평일운영시간": null, "토요일운영시간": null, "상세위치": null, "최적경로": null, "대표점변환여부": false, "원본Geometry유형": "Point" }, "geometry": { "type": "Point", "coordinates": [ 126.9187, 37.6168 ] } },
{ "type": "Feature", "properties": { "id": "90", "CONTENTS_NAME": "로데오공인중개사사무소", "ADDR_OLD": "서울특별시 은평구 갈현동 453-12", "ADDR_NEW": "서울특별시 은평구 연서로27길 20", "TEL_NO": "02-385-8949", "시설대분류": "생활편의업소", "시설구분": null, "편의시설 구분": null, "경사로지원상태": "정보없음", "자동문정보": "정보없음", "경사로 설치 여부": null, "이동식 경사로 설치 여부": null, "자동문 설치 여부": null, "점자표지판 설치 여부": null, "점자 메뉴판 설치 여부": null, "의사소통판 설치 여부": null, "경사도": null, "영업시간": null, "버스번호": null, "버스정보": null, "평일운영시간": null, "토요일운영시간": null, "상세위치": null, "최적경로": null, "대표점변환여부": false, "원본Geometry유형": "Point" }, "geometry": { "type": "Point", "coordinates": [ 126.9176, 37.6183 ] } },
{ "type": "Feature", "properties": { "id": "92", "CONTENTS_NAME": "신화공인중개사사무소", "ADDR_OLD": "서울특별시 은평구 갈현동 452-28", "ADDR_NEW": "서울특별시 은평구 연서로27길 22", "TEL_NO": "384-7889", "시설대분류": "생활편의업소", "시설구분": null, "편의시설 구분": null, "경사로지원상태": "정보없음", "자동문정보": "정보없음", "경사로 설치 여부": null, "이동식 경사로 설치 여부": null, "자동문 설치 여부": null, "점자표지판 설치 여부": null, "점자 메뉴판 설치 여부": null, "의사소통판 설치 여부": null, "경사도": null, "영업시간": null, "버스번호": null, "버스정보": null, "평일운영시간": null, "토요일운영시간": null, "상세위치": null, "최적경로": null, "대표점변환여부": false, "원본Geometry유형": "Point" }, "geometry": { "type": "Point", "coordinates": [ 126.9173, 37.6185 ] } },
{ "type": "Feature", "properties": { "id": "521", "CONTENTS_NAME": "연신내일등부동산공인중개사사무소", "ADDR_OLD": "서울특별시 은평구 갈현동 455-1", "ADDR_NEW": "서울특별시 은평구 연서로29길 9", "TEL_NO": "389-6797", "시설대분류": "생활편의업소", "시설구분": null, "편의시설 구분": null, "경사로지원상태": "정보없음", "자동문정보": "정보없음", "경사로 설치 여부": null, "이동식 경사로 설치 여부": null, "자동문 설치 여부": null, "점자표지판 설치 여부": null, "점자 메뉴판 설치 여부": null, "의사소통판 설치 여부": null, "경사도": null, "영업시간": null, "버스번호": null, "버스정보": null, "평일운영시간": null, "토요일운영시간": null, "상세위치": null, "최적경로": null, "대표점변환여부": false, "원본Geometry유형": "Point" }, "geometry": { "type": "Point", "coordinates": [ 126.919, 37.6188 ] } },
{ "type": "Feature", "properties": { "id": "420", "CONTENTS_NAME": "열린부동산", "ADDR_OLD": "서울특별시 은평구 대조동 215-39", "ADDR_NEW": "서울특별시 은평구 연서로24길 30", "TEL_NO": "02-351-4900", "시설대분류": "접근성조사시설", "시설구분": "부동산", "편의시설 구분": null, "경사로지원상태": "고정경사로 설치", "자동문정보": "자동문 미설치", "경사로 설치 여부": "설치", "이동식 경사로 설치 여부": "미설치", "자동문 설치 여부": "미 설치", "점자표지판 설치 여부": "미설치", "점자 메뉴판 설치 여부": "미설치", "의사소통판 설치 여부": "미설치", "경사도": null, "영업시간": null, "버스번호": null, "버스정보": null, "평일운영시간": null, "토요일운영시간": null, "상세위치": null, "최적경로": null, "대표점변환여부": false, "원본Geometry유형": "Point" }, "geometry": { "type": "Point", "coordinates": [ 126.9208, 37.6144 ] } },
{ "type": "Feature", "properties": { "id": "277", "CONTENTS_NAME": "태양공인중개사사무소", "ADDR_OLD": "서울특별시 은평구 대조동 195-19", "ADDR_NEW": "서울특별시 은평구 연서로26길 21", "TEL_NO": "02-358-4985", "시설대분류": "생활편의업소", "시설구분": null, "편의시설 구분": null, "경사로지원상태": "정보없음", "자동문정보": "정보없음", "경사로 설치 여부": null, "이동식 경사로 설치 여부": null, "자동문 설치 여부": null, "점자표지판 설치 여부": null, "점자 메뉴판 설치 여부": null, "의사소통판 설치 여부": null, "경사도": null, "영업시간": "10:30 ~ 18:00", "버스번호": null, "버스정보": null, "평일운영시간": null, "토요일운영시간": null, "상세위치": null, "최적경로": null, "대표점변환여부": false, "원본Geometry유형": "Point" }, "geometry": { "type": "Point", "coordinates": [ 126.9215, 37.6163 ] } },
{ "type": "Feature", "properties": { "id": "258", "CONTENTS_NAME": "행복공인중개사사무소", "ADDR_OLD": "서울특별시 은평구 대조동 196-5", "ADDR_NEW": "서울특별시 은평구 연서로26길 15", "TEL_NO": "02-356-1339", "시설대분류": "생활편의업소", "시설구분": null, "편의시설 구분": null, "경사로지원상태": "정보없음", "자동문정보": "정보없음", "경사로 설치 여부": null, "이동식 경사로 설치 여부": null, "자동문 설치 여부": null, "점자표지판 설치 여부": null, "점자 메뉴판 설치 여부": null, "의사소통판 설치 여부": null, "경사도": null, "영업시간": "10:00 ~ 19:00", "버스번호": null, "버스정보": null, "평일운영시간": null, "토요일운영시간": null, "상세위치": null, "최적경로": null, "대표점변환여부": false, "원본Geometry유형": "Point" }, "geometry": { "type": "Point", "coordinates": [ 126.9211, 37.6167 ] } },
{ "type": "Feature", "properties": { "id": "635", "CONTENTS_NAME": "할매순대국&양선지 해장국", "ADDR_OLD": "서울특별시 은평구 대조동 199-2", "ADDR_NEW": "서울특별시 은평구 연서로 210", "TEL_NO": "02-357-2020", "시설대분류": "접근성조사시설", "시설구분": "식당", "편의시설 구분": null, "경사로지원상태": "고정경사로 설치", "자동문정보": "자동문 미설치", "경사로 설치 여부": "설치", "이동식 경사로 설치 여부": "미설치", "자동문 설치 여부": "미 설치", "점자표지판 설치 여부": "미설치", "점자 메뉴판 설치 여부": "설치", "의사소통판 설치 여부": "미설치", "경사도": null, "영업시간": null, "버스번호": null, "버스정보": null, "평일운영시간": null, "토요일운영시간": null, "상세위치": null, "최적경로": null, "대표점변환여부": false, "원본Geometry유형": "Point" }, "geometry": { "type": "Point", "coordinates": [ 126.9196, 37.6171 ] } },
{ "type": "Feature", "properties": { "id": "300", "CONTENTS_NAME": "알짜공인중개사사무소", "ADDR_OLD": "서울특별시 은평구 대조동 196-7", "ADDR_NEW": "서울특별시 은평구 연서로26길 11-11", "TEL_NO": "02-355-2580\n /  010-5958-3967", "시설대분류": "생활편의업소", "시설구분": null, "편의시설 구분": null, "경사로지원상태": "정보없음", "자동문정보": "정보없음", "경사로 설치 여부": null, "이동식 경사로 설치 여부": null, "자동문 설치 여부": null, "점자표지판 설치 여부": null, "점자 메뉴판 설치 여부": null, "의사소통판 설치 여부": null, "경사도": null, "영업시간": null, "버스번호": null, "버스정보": null, "평일운영시간": null, "토요일운영시간": null, "상세위치": null, "최적경로": null, "대표점변환여부": false, "원본Geometry유형": "Point" }, "geometry": { "type": "Point", "coordinates": [ 126.9212, 37.6172 ] } },
{ "type": "Feature", "properties": { "id": "505", "CONTENTS_NAME": "이산공인중개사사무소", "ADDR_OLD": "서울특별시 은평구 대조동 198-2", "ADDR_NEW": "서울특별시 은평구 연서로28길 2", "TEL_NO": "02-356-2323", "시설대분류": "생활편의업소", "시설구분": null, "편의시설 구분": null, "경사로지원상태": "정보없음", "자동문정보": "정보없음", "경사로 설치 여부": null, "이동식 경사로 설치 여부": null, "자동문 설치 여부": null, "점자표지판 설치 여부": null, "점자 메뉴판 설치 여부": null, "의사소통판 설치 여부": null, "경사도": null, "영업시간": null, "버스번호": null, "버스정보": null, "평일운영시간": null, "토요일운영시간": null, "상세위치": null, "최적경로": null, "대표점변환여부": false, "원본Geometry유형": "Point" }, "geometry": { "type": "Point", "coordinates": [ 126.9205, 37.6182 ] } },
{ "type": "Feature", "properties": { "id": "267", "CONTENTS_NAME": "이산공인중개사사무소", "ADDR_OLD": "서울특별시 은평구 대조동 198-2", "ADDR_NEW": "서울특별시 은평구 연서로28길 2", "TEL_NO": "02-356-2323", "시설대분류": "생활편의업소", "시설구분": null, "편의시설 구분": null, "경사로지원상태": "정보없음", "자동문정보": "정보없음", "경사로 설치 여부": null, "이동식 경사로 설치 여부": null, "자동문 설치 여부": null, "점자표지판 설치 여부": null, "점자 메뉴판 설치 여부": null, "의사소통판 설치 여부": null, "경사도": null, "영업시간": "10:00 ~ 19:00", "버스번호": null, "버스정보": null, "평일운영시간": null, "토요일운영시간": null, "상세위치": null, "최적경로": null, "대표점변환여부": false, "원본Geometry유형": "Point" }, "geometry": { "type": "Point", "coordinates": [ 126.9205, 37.6182 ] } },
{ "type": "Feature", "properties": { "id": "519", "CONTENTS_NAME": "거산공인중개사사무소", "ADDR_OLD": "서울특별시 은평구 대조동 185-56", "ADDR_NEW": "서울특별시 은평구 연서로28길 3", "TEL_NO": "02-384-7007", "시설대분류": "생활편의업소", "시설구분": null, "편의시설 구분": null, "경사로지원상태": "정보없음", "자동문정보": "정보없음", "경사로 설치 여부": null, "이동식 경사로 설치 여부": null, "자동문 설치 여부": null, "점자표지판 설치 여부": null, "점자 메뉴판 설치 여부": null, "의사소통판 설치 여부": null, "경사도": null, "영업시간": null, "버스번호": null, "버스정보": null, "평일운영시간": null, "토요일운영시간": null, "상세위치": null, "최적경로": null, "대표점변환여부": false, "원본Geometry유형": "Point" }, "geometry": { "type": "Point", "coordinates": [ 126.9208, 37.6183 ] } },
{ "type": "Feature", "properties": { "id": "33", "CONTENTS_NAME": "양지부동산공인중개사사무소", "ADDR_OLD": "서울특별시 은평구 대조동 185-45", "ADDR_NEW": "서울특별시 은평구 연서로28길 3", "TEL_NO": "02-384-8387", "시설대분류": "생활편의업소", "시설구분": null, "편의시설 구분": null, "경사로지원상태": "정보없음", "자동문정보": "정보없음", "경사로 설치 여부": null, "이동식 경사로 설치 여부": null, "자동문 설치 여부": null, "점자표지판 설치 여부": null, "점자 메뉴판 설치 여부": null, "의사소통판 설치 여부": null, "경사도": null, "영업시간": null, "버스번호": null, "버스정보": null, "평일운영시간": null, "토요일운영시간": null, "상세위치": null, "최적경로": null, "대표점변환여부": false, "원본Geometry유형": "Point" }, "geometry": { "type": "Point", "coordinates": [ 126.9208, 37.6183 ] } },
{ "type": "Feature", "properties": { "id": "562", "CONTENTS_NAME": "연신내88부동산공인중개사사무소", "ADDR_OLD": "서울특별시 은평구 대조동 185-36", "ADDR_NEW": "서울특별시 은평구 연서로 230", "TEL_NO": "02-383-4988", "시설대분류": "생활편의업소", "시설구분": null, "편의시설 구분": null, "경사로지원상태": "정보없음", "자동문정보": "정보없음", "경사로 설치 여부": null, "이동식 경사로 설치 여부": null, "자동문 설치 여부": null, "점자표지판 설치 여부": null, "점자 메뉴판 설치 여부": null, "의사소통판 설치 여부": null, "경사도": null, "영업시간": null, "버스번호": null, "버스정보": null, "평일운영시간": null, "토요일운영시간": null, "상세위치": null, "최적경로": null, "대표점변환여부": false, "원본Geometry유형": "Point" }, "geometry": { "type": "Point", "coordinates": [ 126.9208, 37.6185 ] } },
{ "type": "Feature", "properties": { "id": "488", "CONTENTS_NAME": "한국공인중개사사무소", "ADDR_OLD": "서울특별시 은평구 갈현동 496-4", "ADDR_NEW": "서울특별시 은평구 갈현로 196", "TEL_NO": "353-7607", "시설대분류": "생활편의업소", "시설구분": null, "편의시설 구분": null, "경사로지원상태": "정보없음", "자동문정보": "정보없음", "경사로 설치 여부": null, "이동식 경사로 설치 여부": null, "자동문 설치 여부": null, "점자표지판 설치 여부": null, "점자 메뉴판 설치 여부": null, "의사소통판 설치 여부": null, "경사도": null, "영업시간": null, "버스번호": null, "버스정보": null, "평일운영시간": null, "토요일운영시간": null, "상세위치": null, "최적경로": null, "대표점변환여부": false, "원본Geometry유형": "Point" }, "geometry": { "type": "Point", "coordinates": [ 126.913, 37.6151 ] } },
{ "type": "Feature", "properties": { "id": "568", "CONTENTS_NAME": "똘레랑스", "ADDR_OLD": "서울특별시 은평구 갈현동 492-2", "ADDR_NEW": "서울특별시 은평구 연서로21길 31", "TEL_NO": "02-352-2477", "시설대분류": "접근성조사시설", "시설구분": "직업재활시설", "편의시설 구분": null, "경사로지원상태": "정보없음", "자동문정보": "정보없음", "경사로 설치 여부": null, "이동식 경사로 설치 여부": null, "자동문 설치 여부": null, "점자표지판 설치 여부": null, "점자 메뉴판 설치 여부": null, "의사소통판 설치 여부": null, "경사도": null, "영업시간": null, "버스번호": null, "버스정보": null, "평일운영시간": null, "토요일운영시간": null, "상세위치": null, "최적경로": null, "대표점변환여부": false, "원본Geometry유형": "Point" }, "geometry": { "type": "Point", "coordinates": [ 126.9144, 37.6154 ] } },
{ "type": "Feature", "properties": { "id": "298", "CONTENTS_NAME": "탑공인중개사사무소", "ADDR_OLD": "서울특별시 은평구 갈현동 492-27", "ADDR_NEW": "서울특별시 은평구 연서로21길 33, A동 (갈현동, 뉴아름빌)", "TEL_NO": "382-0745", "시설대분류": "생활편의업소", "시설구분": null, "편의시설 구분": null, "경사로지원상태": "정보없음", "자동문정보": "정보없음", "경사로 설치 여부": null, "이동식 경사로 설치 여부": null, "자동문 설치 여부": null, "점자표지판 설치 여부": null, "점자 메뉴판 설치 여부": null, "의사소통판 설치 여부": null, "경사도": null, "영업시간": null, "버스번호": null, "버스정보": null, "평일운영시간": null, "토요일운영시간": null, "상세위치": null, "최적경로": null, "대표점변환여부": false, "원본Geometry유형": "Point" }, "geometry": { "type": "Point", "coordinates": [ 126.9143, 37.6155 ] } },
{ "type": "Feature", "properties": { "id": "303", "CONTENTS_NAME": "천지공인중개사사무소", "ADDR_OLD": "서울특별시 은평구 갈현동 506-43", "ADDR_NEW": "서울특별시 은평구 갈현로 207", "TEL_NO": "357-5333", "시설대분류": "생활편의업소", "시설구분": null, "편의시설 구분": null, "경사로지원상태": "정보없음", "자동문정보": "정보없음", "경사로 설치 여부": null, "이동식 경사로 설치 여부": null, "자동문 설치 여부": null, "점자표지판 설치 여부": null, "점자 메뉴판 설치 여부": null, "의사소통판 설치 여부": null, "경사도": null, "영업시간": null, "버스번호": null, "버스정보": null, "평일운영시간": null, "토요일운영시간": null, "상세위치": null, "최적경로": null, "대표점변환여부": false, "원본Geometry유형": "Point" }, "geometry": { "type": "Point", "coordinates": [ 126.9135, 37.6159 ] } },
{ "type": "Feature", "properties": { "id": "544", "CONTENTS_NAME": "갈현알곡공인중개사사무소", "ADDR_OLD": "서울특별시 은평구 갈현동 499-33", "ADDR_NEW": "서울특별시 은평구 갈현로 222", "TEL_NO": "386-7000", "시설대분류": "생활편의업소", "시설구분": null, "편의시설 구분": null, "경사로지원상태": "정보없음", "자동문정보": "정보없음", "경사로 설치 여부": null, "이동식 경사로 설치 여부": null, "자동문 설치 여부": null, "점자표지판 설치 여부": null, "점자 메뉴판 설치 여부": null, "의사소통판 설치 여부": null, "경사도": null, "영업시간": null, "버스번호": null, "버스정보": null, "평일운영시간": null, "토요일운영시간": null, "상세위치": null, "최적경로": null, "대표점변환여부": false, "원본Geometry유형": "Point" }, "geometry": { "type": "Point", "coordinates": [ 126.915, 37.6169 ] } },
{ "type": "Feature", "properties": { "id": "95", "CONTENTS_NAME": "대성공인중개사사무소", "ADDR_OLD": "서울특별시 은평구 갈현동 449-2", "ADDR_NEW": "서울특별시 은평구 갈현로 257-1", "TEL_NO": "02-387-1577", "시설대분류": "생활편의업소", "시설구분": null, "편의시설 구분": null, "경사로지원상태": "정보없음", "자동문정보": "정보없음", "경사로 설치 여부": null, "이동식 경사로 설치 여부": null, "자동문 설치 여부": null, "점자표지판 설치 여부": null, "점자 메뉴판 설치 여부": null, "의사소통판 설치 여부": null, "경사도": null, "영업시간": "10:00 ~ 18:00", "버스번호": null, "버스정보": null, "평일운영시간": null, "토요일운영시간": null, "상세위치": null, "최적경로": null, "대표점변환여부": false, "원본Geometry유형": "Point" }, "geometry": { "type": "Point", "coordinates": [ 126.9159, 37.62 ] } },
{ "type": "Feature", "properties": { "id": "486", "CONTENTS_NAME": "그린공인중개사사무소", "ADDR_OLD": "서울특별시 은평구 갈현동 449-22", "ADDR_NEW": "서울특별시 은평구 갈현로33길 9", "TEL_NO": "387-5005", "시설대분류": "생활편의업소", "시설구분": null, "편의시설 구분": null, "경사로지원상태": "정보없음", "자동문정보": "정보없음", "경사로 설치 여부": null, "이동식 경사로 설치 여부": null, "자동문 설치 여부": null, "점자표지판 설치 여부": null, "점자 메뉴판 설치 여부": null, "의사소통판 설치 여부": null, "경사도": null, "영업시간": null, "버스번호": null, "버스정보": null, "평일운영시간": null, "토요일운영시간": null, "상세위치": null, "최적경로": null, "대표점변환여부": false, "원본Geometry유형": "Point" }, "geometry": { "type": "Point", "coordinates": [ 126.9151, 37.6206 ] } },
{ "type": "Feature", "properties": { "id": "528", "CONTENTS_NAME": "나라공인중개사사무소", "ADDR_OLD": "서울특별시 은평구 갈현동 446-1", "ADDR_NEW": "서울특별시 은평구 갈현로33길 13-1", "TEL_NO": "02-352-6300", "시설대분류": "생활편의업소", "시설구분": null, "편의시설 구분": null, "경사로지원상태": "정보없음", "자동문정보": "정보없음", "경사로 설치 여부": null, "이동식 경사로 설치 여부": null, "자동문 설치 여부": null, "점자표지판 설치 여부": null, "점자 메뉴판 설치 여부": null, "의사소통판 설치 여부": null, "경사도": null, "영업시간": null, "버스번호": null, "버스정보": null, "평일운영시간": null, "토요일운영시간": null, "상세위치": null, "최적경로": null, "대표점변환여부": false, "원본Geometry유형": "Point" }, "geometry": { "type": "Point", "coordinates": [ 126.9147, 37.6208 ] } },
{ "type": "Feature", "properties": { "id": "248", "CONTENTS_NAME": "새봄부동산공인중개사사무소", "ADDR_OLD": "서울특별시 은평구 갈현동 433-1", "ADDR_NEW": "서울특별시 은평구 갈현로 269", "TEL_NO": "389-8025", "시설대분류": "생활편의업소", "시설구분": null, "편의시설 구분": null, "경사로지원상태": "정보없음", "자동문정보": "정보없음", "경사로 설치 여부": null, "이동식 경사로 설치 여부": null, "자동문 설치 여부": null, "점자표지판 설치 여부": null, "점자 메뉴판 설치 여부": null, "의사소통판 설치 여부": null, "경사도": null, "영업시간": null, "버스번호": null, "버스정보": null, "평일운영시간": null, "토요일운영시간": null, "상세위치": null, "최적경로": null, "대표점변환여부": false, "원본Geometry유형": "Point" }, "geometry": { "type": "Point", "coordinates": [ 126.9163, 37.6209 ] } },
{ "type": "Feature", "properties": { "id": "36", "CONTENTS_NAME": "지안부동산공인중개사사무소", "ADDR_OLD": "서울특별시 은평구 갈현동 422-26", "ADDR_NEW": "서울특별시 은평구 갈현로41길 10", "TEL_NO": "02-386-0100", "시설대분류": "생활편의업소", "시설구분": null, "편의시설 구분": null, "경사로지원상태": "정보없음", "자동문정보": "정보없음", "경사로 설치 여부": null, "이동식 경사로 설치 여부": null, "자동문 설치 여부": null, "점자표지판 설치 여부": null, "점자 메뉴판 설치 여부": null, "의사소통판 설치 여부": null, "경사도": null, "영업시간": "10:30 ~ 18:00", "버스번호": null, "버스정보": null, "평일운영시간": null, "토요일운영시간": null, "상세위치": null, "최적경로": null, "대표점변환여부": false, "원본Geometry유형": "Point" }, "geometry": { "type": "Point", "coordinates": [ 126.9165, 37.6244 ] } },
{ "type": "Feature", "properties": { "id": "82", "CONTENTS_NAME": "연신내역", "ADDR_OLD": "서울특별시 은평구 불광동 487-2", "ADDR_NEW": "서울특별시 은평구 통일로 849", "TEL_NO": "02-6110-3211", "시설대분류": "전동휠체어충전소", "시설구분": null, "편의시설 구분": null, "경사로지원상태": "정보없음", "자동문정보": "정보없음", "경사로 설치 여부": null, "이동식 경사로 설치 여부": null, "자동문 설치 여부": null, "점자표지판 설치 여부": null, "점자 메뉴판 설치 여부": null, "의사소통판 설치 여부": null, "경사도": null, "영업시간": null, "버스번호": null, "버스정보": null, "평일운영시간": "00시 ~ 24시", "토요일운영시간": "00시 ~ 24시", "상세위치": "지하1층 대합실 엘리베이터1호기 인근", "최적경로": null, "대표점변환여부": false, "원본Geometry유형": "Point" }, "geometry": { "type": "Point", "coordinates": [ 126.9212, 37.619 ] } },
{ "type": "Feature", "properties": { "id": "249", "CONTENTS_NAME": "일출부동산공인중개사사무소", "ADDR_OLD": "서울특별시 은평구 불광동 311-3", "ADDR_NEW": "서울특별시 은평구 통일로 858", "TEL_NO": "382-2114", "시설대분류": "생활편의업소", "시설구분": null, "편의시설 구분": null, "경사로지원상태": "정보없음", "자동문정보": "정보없음", "경사로 설치 여부": null, "이동식 경사로 설치 여부": null, "자동문 설치 여부": null, "점자표지판 설치 여부": null, "점자 메뉴판 설치 여부": null, "의사소통판 설치 여부": null, "경사도": null, "영업시간": null, "버스번호": null, "버스정보": null, "평일운영시간": null, "토요일운영시간": null, "상세위치": null, "최적경로": null, "대표점변환여부": false, "원본Geometry유형": "Point" }, "geometry": { "type": "Point", "coordinates": [ 126.921, 37.6197 ] } },
{ "type": "Feature", "properties": { "id": "332", "CONTENTS_NAME": "11. 연신내역 7번출구 ", "ADDR_OLD": "서울특별시 은평구 갈현동 389-5", "ADDR_NEW": "서울특별시 은평구 통일로 865-2", "TEL_NO": "02-385-1351", "시설대분류": "셔틀버스정류장", "시설구분": null, "편의시설 구분": null, "경사로지원상태": "정보없음", "자동문정보": "정보없음", "경사로 설치 여부": null, "이동식 경사로 설치 여부": null, "자동문 설치 여부": null, "점자표지판 설치 여부": null, "점자 메뉴판 설치 여부": null, "의사소통판 설치 여부": null, "경사도": null, "영업시간": null, "버스번호": "12-1번", "버스정보": "전기 저상버스, 휠체어 탑승 가능, 토요일은 1회, 2회만 운영, 일요일 및 공휴일 미운영", "평일운영시간": null, "토요일운영시간": null, "상세위치": null, "최적경로": null, "대표점변환여부": false, "원본Geometry유형": "Point" }, "geometry": { "type": "Point", "coordinates": [ 126.9205, 37.6197 ] } },
{ "type": "Feature", "properties": { "id": "481", "CONTENTS_NAME": "29.  연신내역  1번출구", "ADDR_OLD": "서울특별시 은평구 불광동 310-296", "ADDR_NEW": "서울특별시 은평구 통일로 850-2", "TEL_NO": "02-385-1351", "시설대분류": "셔틀버스정류장", "시설구분": null, "편의시설 구분": null, "경사로지원상태": "정보없음", "자동문정보": "정보없음", "경사로 설치 여부": null, "이동식 경사로 설치 여부": null, "자동문 설치 여부": null, "점자표지판 설치 여부": null, "점자 메뉴판 설치 여부": null, "의사소통판 설치 여부": null, "경사도": null, "영업시간": null, "버스번호": "12번", "버스정보": "전기 저상버스, 휠체어 탑승 가능, 토요일은 1회, 2회만 운영, 일요일 및 공휴일 미운영", "평일운영시간": null, "토요일운영시간": null, "상세위치": null, "최적경로": null, "대표점변환여부": false, "원본Geometry유형": "Point" }, "geometry": { "type": "Point", "coordinates": [ 126.9208, 37.6198 ] } },
{ "type": "Feature", "properties": { "id": "302", "CONTENTS_NAME": "신흥부동산중개인사무소", "ADDR_OLD": "서울특별시 은평구 불광동 312-129", "ADDR_NEW": "서울특별시 은평구 통일로80길 9", "TEL_NO": "354-6630", "시설대분류": "생활편의업소", "시설구분": null, "편의시설 구분": null, "경사로지원상태": "정보없음", "자동문정보": "정보없음", "경사로 설치 여부": null, "이동식 경사로 설치 여부": null, "자동문 설치 여부": null, "점자표지판 설치 여부": null, "점자 메뉴판 설치 여부": null, "의사소통판 설치 여부": null, "경사도": null, "영업시간": null, "버스번호": null, "버스정보": null, "평일운영시간": null, "토요일운영시간": null, "상세위치": null, "최적경로": null, "대표점변환여부": false, "원본Geometry유형": "Point" }, "geometry": { "type": "Point", "coordinates": [ 126.9216, 37.6201 ] } },
{ "type": "Feature", "properties": { "id": "522", "CONTENTS_NAME": "대한민국부동산공인중개사사무소", "ADDR_OLD": "서울특별시 은평구 갈현동 402-1", "ADDR_NEW": "서울특별시 은평구 통일로83길 5-9", "TEL_NO": "02-386-5500", "시설대분류": "생활편의업소", "시설구분": null, "편의시설 구분": null, "경사로지원상태": "정보없음", "자동문정보": "정보없음", "경사로 설치 여부": null, "이동식 경사로 설치 여부": null, "자동문 설치 여부": null, "점자표지판 설치 여부": null, "점자 메뉴판 설치 여부": null, "의사소통판 설치 여부": null, "경사도": null, "영업시간": null, "버스번호": null, "버스정보": null, "평일운영시간": null, "토요일운영시간": null, "상세위치": null, "최적경로": null, "대표점변환여부": false, "원본Geometry유형": "Point" }, "geometry": { "type": "Point", "coordinates": [ 126.9192, 37.6205 ] } },
{ "type": "Feature", "properties": { "id": "504", "CONTENTS_NAME": "장철민공인중개사사무소", "ADDR_OLD": "서울특별시 은평구 불광동 484-142", "ADDR_NEW": "서울특별시 은평구 통일로82길 15", "TEL_NO": "388-2485", "시설대분류": "생활편의업소", "시설구분": null, "편의시설 구분": null, "경사로지원상태": "정보없음", "자동문정보": "정보없음", "경사로 설치 여부": null, "이동식 경사로 설치 여부": null, "자동문 설치 여부": null, "점자표지판 설치 여부": null, "점자 메뉴판 설치 여부": null, "의사소통판 설치 여부": null, "경사도": null, "영업시간": null, "버스번호": null, "버스정보": null, "평일운영시간": null, "토요일운영시간": null, "상세위치": null, "최적경로": null, "대표점변환여부": false, "원본Geometry유형": "Point" }, "geometry": { "type": "Point", "coordinates": [ 126.9203, 37.6213 ] } },
{ "type": "Feature", "properties": { "id": "379", "CONTENTS_NAME": "웰빙 누룽지 통닭구이", "ADDR_OLD": "서울특별시 은평구 갈현동 392-1", "ADDR_NEW": "서울특별시 은평구 통일로 909", "TEL_NO": "02-385-0365", "시설대분류": "접근성조사시설", "시설구분": "식당", "편의시설 구분": null, "경사로지원상태": "경사로 미설치", "자동문정보": "자동문 설치", "경사로 설치 여부": "미 설치", "이동식 경사로 설치 여부": "미설치", "자동문 설치 여부": "설치", "점자표지판 설치 여부": "미설치", "점자 메뉴판 설치 여부": "미설치", "의사소통판 설치 여부": "미설치", "경사도": null, "영업시간": null, "버스번호": null, "버스정보": null, "평일운영시간": null, "토요일운영시간": null, "상세위치": null, "최적경로": null, "대표점변환여부": false, "원본Geometry유형": "Point" }, "geometry": { "type": "Point", "coordinates": [ 126.9197, 37.6242 ] } },
{ "type": "Feature", "properties": { "id": "621", "CONTENTS_NAME": "한마음1호공동생활가정", "ADDR_OLD": "서울특별시 은평구 갈현동 392-27", "ADDR_NEW": "서울특별시 은평구 통일로89길 5-7", "TEL_NO": "02-354-6102", "시설대분류": "접근성조사시설", "시설구분": "거주시설(공동생활가정)", "편의시설 구분": null, "경사로지원상태": "정보없음", "자동문정보": "정보없음", "경사로 설치 여부": null, "이동식 경사로 설치 여부": null, "자동문 설치 여부": null, "점자표지판 설치 여부": null, "점자 메뉴판 설치 여부": null, "의사소통판 설치 여부": null, "경사도": null, "영업시간": null, "버스번호": null, "버스정보": null, "평일운영시간": null, "토요일운영시간": null, "상세위치": null, "최적경로": null, "대표점변환여부": false, "원본Geometry유형": "Point" }, "geometry": { "type": "Point", "coordinates": [ 126.9193, 37.6243 ] } },
{ "type": "Feature", "properties": { "id": "583", "CONTENTS_NAME": "일등공신중개사사무소", "ADDR_OLD": "서울특별시 은평구 갈현동 392-31", "ADDR_NEW": "서울특별시 은평구 통일로 911", "TEL_NO": "0507-1385-0385", "시설대분류": "접근성조사시설", "시설구분": "부동산", "편의시설 구분": null, "경사로지원상태": "고정경사로 설치", "자동문정보": "자동문 미설치", "경사로 설치 여부": "설치", "이동식 경사로 설치 여부": "미설치", "자동문 설치 여부": "미 설치", "점자표지판 설치 여부": "미설치", "점자 메뉴판 설치 여부": "미설치", "의사소통판 설치 여부": "미설치", "경사도": null, "영업시간": null, "버스번호": null, "버스정보": null, "평일운영시간": null, "토요일운영시간": null, "상세위치": null, "최적경로": null, "대표점변환여부": false, "원본Geometry유형": "Point" }, "geometry": { "type": "Point", "coordinates": [ 126.9197, 37.6244 ] } },
{ "type": "Feature", "properties": { "id": "492", "CONTENTS_NAME": "머스트부동산공인중개사사무소", "ADDR_OLD": "서울특별시 은평구 갈현동 431-5", "ADDR_NEW": "서울특별시 은평구 연서로29길 24", "TEL_NO": "352-5001", "시설대분류": "생활편의업소", "시설구분": null, "편의시설 구분": null, "경사로지원상태": "정보없음", "자동문정보": "정보없음", "경사로 설치 여부": null, "이동식 경사로 설치 여부": null, "자동문 설치 여부": null, "점자표지판 설치 여부": null, "점자 메뉴판 설치 여부": null, "의사소통판 설치 여부": null, "경사도": null, "영업시간": null, "버스번호": null, "버스정보": null, "평일운영시간": null, "토요일운영시간": null, "상세위치": null, "최적경로": null, "대표점변환여부": false, "원본Geometry유형": "Point" }, "geometry": { "type": "Point", "coordinates": [ 126.9177, 37.6196 ] } },
{ "type": "Feature", "properties": { "id": "382", "CONTENTS_NAME": "하이오비", "ADDR_OLD": "서울특별시 은평구 갈현동 394-11", "ADDR_NEW": "서울특별시 은평구 통일로85길 5-1", "TEL_NO": "0507-1479-5201", "시설대분류": "접근성조사시설", "시설구분": "식당", "편의시설 구분": null, "경사로지원상태": "고정경사로 설치", "자동문정보": "자동문 미설치", "경사로 설치 여부": "설치", "이동식 경사로 설치 여부": "미설치", "자동문 설치 여부": "미 설치", "점자표지판 설치 여부": "미설치", "점자 메뉴판 설치 여부": "설치", "의사소통판 설치 여부": "미설치", "경사도": null, "영업시간": null, "버스번호": null, "버스정보": null, "평일운영시간": null, "토요일운영시간": null, "상세위치": null, "최적경로": null, "대표점변환여부": false, "원본Geometry유형": "Point" }, "geometry": { "type": "Point", "coordinates": [ 126.9191, 37.6219 ] } },
{ "type": "Feature", "properties": { "id": "530", "CONTENTS_NAME": "시그니처일등공인중개사사무소", "ADDR_OLD": "서울특별시 은평구 갈현동 436-17", "ADDR_NEW": "서울특별시 은평구 갈현로 295", "TEL_NO": "02-384-4411", "시설대분류": "생활편의업소", "시설구분": null, "편의시설 구분": null, "경사로지원상태": "정보없음", "자동문정보": "정보없음", "경사로 설치 여부": null, "이동식 경사로 설치 여부": null, "자동문 설치 여부": null, "점자표지판 설치 여부": null, "점자 메뉴판 설치 여부": null, "의사소통판 설치 여부": null, "경사도": null, "영업시간": null, "버스번호": null, "버스정보": null, "평일운영시간": null, "토요일운영시간": null, "상세위치": null, "최적경로": null, "대표점변환여부": false, "원본Geometry유형": "Point" }, "geometry": { "type": "Point", "coordinates": [ 126.9168, 37.6232 ] } },
{ "type": "Feature", "properties": { "id": "19", "CONTENTS_NAME": "부동산친구공인중개사사무소", "ADDR_OLD": "서울특별시 은평구 갈현동 425-1", "ADDR_NEW": "서울특별시 은평구 통일로87길 17", "TEL_NO": "02-383-8253", "시설대분류": "생활편의업소", "시설구분": null, "편의시설 구분": null, "경사로지원상태": "정보없음", "자동문정보": "정보없음", "경사로 설치 여부": null, "이동식 경사로 설치 여부": null, "자동문 설치 여부": null, "점자표지판 설치 여부": null, "점자 메뉴판 설치 여부": null, "의사소통판 설치 여부": null, "경사도": null, "영업시간": null, "버스번호": null, "버스정보": null, "평일운영시간": null, "토요일운영시간": null, "상세위치": null, "최적경로": null, "대표점변환여부": false, "원본Geometry유형": "Point" }, "geometry": { "type": "Point", "coordinates": [ 126.9177, 37.6233 ] } },
{ "type": "Feature", "properties": { "id": "21", "CONTENTS_NAME": "연리지부동산공인중개사사무소", "ADDR_OLD": "서울특별시 은평구 갈현동 425-1", "ADDR_NEW": "서울특별시 은평구 통일로87길 17", "TEL_NO": "02-359-9155", "시설대분류": "생활편의업소", "시설구분": null, "편의시설 구분": null, "경사로지원상태": "정보없음", "자동문정보": "정보없음", "경사로 설치 여부": null, "이동식 경사로 설치 여부": null, "자동문 설치 여부": null, "점자표지판 설치 여부": null, "점자 메뉴판 설치 여부": null, "의사소통판 설치 여부": null, "경사도": null, "영업시간": null, "버스번호": null, "버스정보": null, "평일운영시간": null, "토요일운영시간": null, "상세위치": null, "최적경로": null, "대표점변환여부": false, "원본Geometry유형": "Point" }, "geometry": { "type": "Point", "coordinates": [ 126.9177, 37.6233 ] } },
{ "type": "Feature", "properties": { "id": "110", "CONTENTS_NAME": "유호루하스공인중개사사무소", "ADDR_OLD": "서울특별시 은평구 갈현동 548", "ADDR_NEW": "서울특별시 은평구 갈현로 300", "TEL_NO": "02-388-9934", "시설대분류": "생활편의업소", "시설구분": null, "편의시설 구분": null, "경사로지원상태": "정보없음", "자동문정보": "정보없음", "경사로 설치 여부": null, "이동식 경사로 설치 여부": null, "자동문 설치 여부": null, "점자표지판 설치 여부": null, "점자 메뉴판 설치 여부": null, "의사소통판 설치 여부": null, "경사도": null, "영업시간": null, "버스번호": null, "버스정보": null, "평일운영시간": null, "토요일운영시간": null, "상세위치": null, "최적경로": null, "대표점변환여부": false, "원본Geometry유형": "Point" }, "geometry": { "type": "Point", "coordinates": [ 126.9175, 37.6235 ] } },
{ "type": "Feature", "properties": { "id": "79", "CONTENTS_NAME": "갈현1동주민센터", "ADDR_OLD": "서울특별시 은평구 갈현동 436-14", "ADDR_NEW": "서울특별시 은평구 갈현로 301", "TEL_NO": "02-351-5092", "시설대분류": "전동휠체어충전소", "시설구분": null, "편의시설 구분": null, "경사로지원상태": "정보없음", "자동문정보": "정보없음", "경사로 설치 여부": null, "이동식 경사로 설치 여부": null, "자동문 설치 여부": null, "점자표지판 설치 여부": null, "점자 메뉴판 설치 여부": null, "의사소통판 설치 여부": null, "경사도": null, "영업시간": null, "버스번호": null, "버스정보": null, "평일운영시간": "09시 ~ 18시", "토요일운영시간": "00시 ~ 24시", "상세위치": "1층 주차장 내부", "최적경로": null, "대표점변환여부": false, "원본Geometry유형": "Point" }, "geometry": { "type": "Point", "coordinates": [ 126.9167, 37.6237 ] } },
{ "type": "Feature", "properties": { "id": "572", "CONTENTS_NAME": "기원주간보호센터", "ADDR_OLD": "서울특별시 은평구 갈현동 412-8", "ADDR_NEW": "서울특별시 은평구 통일로87길 6-19", "TEL_NO": "02-353-1367", "시설대분류": "접근성조사시설", "시설구분": "재활시설(주간보호시설)", "편의시설 구분": null, "경사로지원상태": "정보없음", "자동문정보": "정보없음", "경사로 설치 여부": null, "이동식 경사로 설치 여부": null, "자동문 설치 여부": null, "점자표지판 설치 여부": null, "점자 메뉴판 설치 여부": null, "의사소통판 설치 여부": null, "경사도": null, "영업시간": null, "버스번호": null, "버스정보": null, "평일운영시간": null, "토요일운영시간": null, "상세위치": null, "최적경로": null, "대표점변환여부": false, "원본Geometry유형": "Point" }, "geometry": { "type": "Point", "coordinates": [ 126.9188, 37.6239 ] } },
{ "type": "Feature", "properties": { "id": "67", "CONTENTS_NAME": "구립갈현노인복지관", "ADDR_OLD": "서울특별시 은평구 갈현동 415-2", "ADDR_NEW": "서울특별시 은평구 통일로89길 12-6", "TEL_NO": "02-357-2640", "시설대분류": "접근성조사시설", "시설구분": "어르신 복지시설", "편의시설 구분": null, "경사로지원상태": "정보없음", "자동문정보": "정보없음", "경사로 설치 여부": null, "이동식 경사로 설치 여부": null, "자동문 설치 여부": null, "점자표지판 설치 여부": null, "점자 메뉴판 설치 여부": null, "의사소통판 설치 여부": null, "경사도": null, "영업시간": null, "버스번호": null, "버스정보": null, "평일운영시간": null, "토요일운영시간": null, "상세위치": null, "최적경로": "연신내역 7번 출구에서 도보 11분", "대표점변환여부": false, "원본Geometry유형": "Point" }, "geometry": { "type": "Point", "coordinates": [ 126.9187, 37.6249 ] } },
{ "type": "Feature", "properties": { "id": "263", "CONTENTS_NAME": "오름부동산공인중개사사무소", "ADDR_OLD": "서울특별시 은평구 갈현동 419-32", "ADDR_NEW": "서울특별시 은평구 갈현로 328-6", "TEL_NO": "02-6956-9612", "시설대분류": "생활편의업소", "시설구분": null, "편의시설 구분": null, "경사로지원상태": "정보없음", "자동문정보": "정보없음", "경사로 설치 여부": null, "이동식 경사로 설치 여부": null, "자동문 설치 여부": null, "점자표지판 설치 여부": null, "점자 메뉴판 설치 여부": null, "의사소통판 설치 여부": null, "경사도": null, "영업시간": "10:00 ~ 18:00", "버스번호": null, "버스정보": null, "평일운영시간": null, "토요일운영시간": null, "상세위치": null, "최적경로": null, "대표점변환여부": false, "원본Geometry유형": "Point" }, "geometry": { "type": "Point", "coordinates": [ 126.9185, 37.6255 ] } },
{ "type": "Feature", "properties": { "id": "264", "CONTENTS_NAME": "삼성공인중개사사무소", "ADDR_OLD": "서울특별시 은평구 갈현동 422-26", "ADDR_NEW": "서울특별시 은평구 갈현로41길 10", "TEL_NO": "02-356-8007", "시설대분류": "생활편의업소", "시설구분": null, "편의시설 구분": null, "경사로지원상태": "정보없음", "자동문정보": "정보없음", "경사로 설치 여부": null, "이동식 경사로 설치 여부": null, "자동문 설치 여부": null, "점자표지판 설치 여부": null, "점자 메뉴판 설치 여부": null, "의사소통판 설치 여부": null, "경사도": null, "영업시간": "10:30 ~ 18:00", "버스번호": null, "버스정보": null, "평일운영시간": null, "토요일운영시간": null, "상세위치": null, "최적경로": null, "대표점변환여부": false, "원본Geometry유형": "Point" }, "geometry": { "type": "Point", "coordinates": [ 126.9164, 37.6244 ] } },
{ "type": "Feature", "properties": { "id": "25", "CONTENTS_NAME": "명품공인중개사사무소", "ADDR_OLD": "서울특별시 은평구 갈현동 422-26", "ADDR_NEW": "서울특별시 은평구 갈현로41길 10", "TEL_NO": "354-4959", "시설대분류": "생활편의업소", "시설구분": null, "편의시설 구분": null, "경사로지원상태": "정보없음", "자동문정보": "정보없음", "경사로 설치 여부": null, "이동식 경사로 설치 여부": null, "자동문 설치 여부": null, "점자표지판 설치 여부": null, "점자 메뉴판 설치 여부": null, "의사소통판 설치 여부": null, "경사도": null, "영업시간": null, "버스번호": null, "버스정보": null, "평일운영시간": null, "토요일운영시간": null, "상세위치": null, "최적경로": null, "대표점변환여부": false, "원본Geometry유형": "Point" }, "geometry": { "type": "Point", "coordinates": [ 126.9164, 37.6244 ] } },
{ "type": "Feature", "properties": { "id": "270", "CONTENTS_NAME": "신일공인중개사사무소", "ADDR_OLD": "서울특별시 은평구 갈현동 12-439", "ADDR_NEW": "서울특별시 은평구 갈현로45길 26-1", "TEL_NO": "", "시설대분류": "생활편의업소", "시설구분": null, "편의시설 구분": null, "경사로지원상태": "정보없음", "자동문정보": "정보없음", "경사로 설치 여부": null, "이동식 경사로 설치 여부": null, "자동문 설치 여부": null, "점자표지판 설치 여부": null, "점자 메뉴판 설치 여부": null, "의사소통판 설치 여부": null, "경사도": null, "영업시간": "10:00 ~ 18:00", "버스번호": null, "버스정보": null, "평일운영시간": null, "토요일운영시간": null, "상세위치": null, "최적경로": null, "대표점변환여부": false, "원본Geometry유형": "Point" }, "geometry": { "type": "Point", "coordinates": [ 126.9163, 37.6277 ] } },
{ "type": "Feature", "properties": { "id": "253", "CONTENTS_NAME": "박찬호공인중개사사무소", "ADDR_OLD": "서울특별시 은평구 구산동 341-8", "ADDR_NEW": "서울특별시 은평구 서오릉로17길 5-2", "TEL_NO": "02-302-2500", "시설대분류": "생활편의업소", "시설구분": null, "편의시설 구분": null, "경사로지원상태": "정보없음", "자동문정보": "정보없음", "경사로 설치 여부": null, "이동식 경사로 설치 여부": null, "자동문 설치 여부": null, "점자표지판 설치 여부": null, "점자 메뉴판 설치 여부": null, "의사소통판 설치 여부": null, "경사도": null, "영업시간": null, "버스번호": null, "버스정보": null, "평일운영시간": null, "토요일운영시간": null, "상세위치": null, "최적경로": null, "대표점변환여부": false, "원본Geometry유형": "Point" }, "geometry": { "type": "Point", "coordinates": [ 126.909, 37.6143 ] } },
{ "type": "Feature", "properties": { "id": "559", "CONTENTS_NAME": "금호공인중개사사무소", "ADDR_OLD": "서울특별시 은평구 구산동 338-1", "ADDR_NEW": "서울특별시 은평구 서오릉로 225", "TEL_NO": "02-352-3754", "시설대분류": "생활편의업소", "시설구분": null, "편의시설 구분": null, "경사로지원상태": "정보없음", "자동문정보": "정보없음", "경사로 설치 여부": null, "이동식 경사로 설치 여부": null, "자동문 설치 여부": null, "점자표지판 설치 여부": null, "점자 메뉴판 설치 여부": null, "의사소통판 설치 여부": null, "경사도": null, "영업시간": "10:00 ~ 19:00", "버스번호": null, "버스정보": null, "평일운영시간": null, "토요일운영시간": null, "상세위치": null, "최적경로": null, "대표점변환여부": false, "원본Geometry유형": "Point" }, "geometry": { "type": "Point", "coordinates": [ 126.9089, 37.615 ] } },
{ "type": "Feature", "properties": { "id": "539", "CONTENTS_NAME": "동래공인중개사사무소", "ADDR_OLD": "서울특별시 은평구 구산동 323-23", "ADDR_NEW": "서울특별시 은평구 서오릉로21길 8", "TEL_NO": "353-3301,5823", "시설대분류": "생활편의업소", "시설구분": null, "편의시설 구분": null, "경사로지원상태": "정보없음", "자동문정보": "정보없음", "경사로 설치 여부": null, "이동식 경사로 설치 여부": null, "자동문 설치 여부": null, "점자표지판 설치 여부": null, "점자 메뉴판 설치 여부": null, "의사소통판 설치 여부": null, "경사도": null, "영업시간": null, "버스번호": null, "버스정보": null, "평일운영시간": null, "토요일운영시간": null, "상세위치": null, "최적경로": null, "대표점변환여부": false, "원본Geometry유형": "Point" }, "geometry": { "type": "Point", "coordinates": [ 126.9076, 37.6153 ] } },
{ "type": "Feature", "properties": { "id": "191", "CONTENTS_NAME": "의자12", "ADDR_OLD": "서울특별시 은평구 구산동 산 136-1", "ADDR_NEW": "", "TEL_NO": "", "시설대분류": "야외편의시설", "시설구분": null, "편의시설 구분": "의자", "경사로지원상태": "정보없음", "자동문정보": "정보없음", "경사로 설치 여부": null, "이동식 경사로 설치 여부": null, "자동문 설치 여부": null, "점자표지판 설치 여부": null, "점자 메뉴판 설치 여부": null, "의사소통판 설치 여부": null, "경사도": "5", "영업시간": null, "버스번호": null, "버스정보": null, "평일운영시간": null, "토요일운영시간": null, "상세위치": null, "최적경로": null, "대표점변환여부": false, "원본Geometry유형": "Point" }, "geometry": { "type": "Point", "coordinates": [ 126.9028, 37.6145 ] } },
{ "type": "Feature", "properties": { "id": "293", "CONTENTS_NAME": "의자19", "ADDR_OLD": "서울특별시 은평구 구산동 산 136-1", "ADDR_NEW": "서울특별시 은평구 서오릉로21길 34-31", "TEL_NO": "", "시설대분류": "야외편의시설", "시설구분": null, "편의시설 구분": "의자", "경사로지원상태": "정보없음", "자동문정보": "정보없음", "경사로 설치 여부": null, "이동식 경사로 설치 여부": null, "자동문 설치 여부": null, "점자표지판 설치 여부": null, "점자 메뉴판 설치 여부": null, "의사소통판 설치 여부": null, "경사도": "5", "영업시간": null, "버스번호": null, "버스정보": null, "평일운영시간": null, "토요일운영시간": null, "상세위치": null, "최적경로": null, "대표점변환여부": false, "원본Geometry유형": "Point" }, "geometry": { "type": "Point", "coordinates": [ 126.9023, 37.6145 ] } },
{ "type": "Feature", "properties": { "id": "188", "CONTENTS_NAME": "의자16", "ADDR_OLD": "서울특별시 은평구 구산동 산 136-1", "ADDR_NEW": "", "TEL_NO": "", "시설대분류": "야외편의시설", "시설구분": null, "편의시설 구분": "의자", "경사로지원상태": "정보없음", "자동문정보": "정보없음", "경사로 설치 여부": null, "이동식 경사로 설치 여부": null, "자동문 설치 여부": null, "점자표지판 설치 여부": null, "점자 메뉴판 설치 여부": null, "의사소통판 설치 여부": null, "경사도": "5", "영업시간": null, "버스번호": null, "버스정보": null, "평일운영시간": null, "토요일운영시간": null, "상세위치": null, "최적경로": null, "대표점변환여부": false, "원본Geometry유형": "Point" }, "geometry": { "type": "Point", "coordinates": [ 126.9024, 37.6146 ] } },
{ "type": "Feature", "properties": { "id": "209", "CONTENTS_NAME": "의자2", "ADDR_OLD": "서울특별시 은평구 구산동 산 136-4", "ADDR_NEW": "서울특별시 은평구 서오릉로21가길 14-2", "TEL_NO": "", "시설대분류": "야외편의시설", "시설구분": null, "편의시설 구분": "의자", "경사로지원상태": "정보없음", "자동문정보": "정보없음", "경사로 설치 여부": null, "이동식 경사로 설치 여부": null, "자동문 설치 여부": null, "점자표지판 설치 여부": null, "점자 메뉴판 설치 여부": null, "의사소통판 설치 여부": null, "경사도": "3", "영업시간": null, "버스번호": null, "버스정보": null, "평일운영시간": null, "토요일운영시간": null, "상세위치": null, "최적경로": null, "대표점변환여부": false, "원본Geometry유형": "Point" }, "geometry": { "type": "Point", "coordinates": [ 126.9048, 37.6147 ] } },
{ "type": "Feature", "properties": { "id": "204", "CONTENTS_NAME": "이정표2", "ADDR_OLD": "서울특별시 은평구 구산동 산 135-5", "ADDR_NEW": "", "TEL_NO": "", "시설대분류": "야외편의시설", "시설구분": null, "편의시설 구분": "이정표(안내판)", "경사로지원상태": "정보없음", "자동문정보": "정보없음", "경사로 설치 여부": null, "이동식 경사로 설치 여부": null, "자동문 설치 여부": null, "점자표지판 설치 여부": null, "점자 메뉴판 설치 여부": null, "의사소통판 설치 여부": null, "경사도": "5", "영업시간": null, "버스번호": null, "버스정보": null, "평일운영시간": null, "토요일운영시간": null, "상세위치": null, "최적경로": null, "대표점변환여부": false, "원본Geometry유형": "Point" }, "geometry": { "type": "Point", "coordinates": [ 126.9047, 37.615 ] } },
{ "type": "Feature", "properties": { "id": "208", "CONTENTS_NAME": "이정표3", "ADDR_OLD": "서울특별시 은평구 구산동 산 136-12", "ADDR_NEW": "", "TEL_NO": "", "시설대분류": "야외편의시설", "시설구분": null, "편의시설 구분": "이정표(안내판)", "경사로지원상태": "정보없음", "자동문정보": "정보없음", "경사로 설치 여부": null, "이동식 경사로 설치 여부": null, "자동문 설치 여부": null, "점자표지판 설치 여부": null, "점자 메뉴판 설치 여부": null, "의사소통판 설치 여부": null, "경사도": "4", "영업시간": null, "버스번호": null, "버스정보": null, "평일운영시간": null, "토요일운영시간": null, "상세위치": null, "최적경로": null, "대표점변환여부": false, "원본Geometry유형": "Point" }, "geometry": { "type": "Point", "coordinates": [ 126.9045, 37.615 ] } },
{ "type": "Feature", "properties": { "id": "206", "CONTENTS_NAME": "이정표4", "ADDR_OLD": "서울특별시 은평구 구산동 산 135-1", "ADDR_NEW": "", "TEL_NO": "", "시설대분류": "야외편의시설", "시설구분": null, "편의시설 구분": "이정표(안내판)", "경사로지원상태": "정보없음", "자동문정보": "정보없음", "경사로 설치 여부": null, "이동식 경사로 설치 여부": null, "자동문 설치 여부": null, "점자표지판 설치 여부": null, "점자 메뉴판 설치 여부": null, "의사소통판 설치 여부": null, "경사도": "3", "영업시간": null, "버스번호": null, "버스정보": null, "평일운영시간": null, "토요일운영시간": null, "상세위치": null, "최적경로": null, "대표점변환여부": false, "원본Geometry유형": "Point" }, "geometry": { "type": "Point", "coordinates": [ 126.9039, 37.615 ] } },
{ "type": "Feature", "properties": { "id": "185", "CONTENTS_NAME": "안내판2", "ADDR_OLD": "서울특별시 은평구 구산동 산 136-1", "ADDR_NEW": "서울특별시 은평구 서오릉로21길 34-31", "TEL_NO": "", "시설대분류": "야외편의시설", "시설구분": null, "편의시설 구분": "이정표(안내판)", "경사로지원상태": "정보없음", "자동문정보": "정보없음", "경사로 설치 여부": null, "이동식 경사로 설치 여부": null, "자동문 설치 여부": null, "점자표지판 설치 여부": null, "점자 메뉴판 설치 여부": null, "의사소통판 설치 여부": null, "경사도": "4", "영업시간": null, "버스번호": null, "버스정보": null, "평일운영시간": null, "토요일운영시간": null, "상세위치": null, "최적경로": null, "대표점변환여부": false, "원본Geometry유형": "Point" }, "geometry": { "type": "Point", "coordinates": [ 126.9022, 37.615 ] } },
{ "type": "Feature", "properties": { "id": "207", "CONTENTS_NAME": "의자3", "ADDR_OLD": "서울특별시 은평구 구산동 산 135-5", "ADDR_NEW": "", "TEL_NO": "", "시설대분류": "야외편의시설", "시설구분": null, "편의시설 구분": "의자", "경사로지원상태": "정보없음", "자동문정보": "정보없음", "경사로 설치 여부": null, "이동식 경사로 설치 여부": null, "자동문 설치 여부": null, "점자표지판 설치 여부": null, "점자 메뉴판 설치 여부": null, "의사소통판 설치 여부": null, "경사도": "5", "영업시간": null, "버스번호": null, "버스정보": null, "평일운영시간": null, "토요일운영시간": null, "상세위치": null, "최적경로": null, "대표점변환여부": false, "원본Geometry유형": "Point" }, "geometry": { "type": "Point", "coordinates": [ 126.9042, 37.6151 ] } },
{ "type": "Feature", "properties": { "id": "203", "CONTENTS_NAME": "의자4", "ADDR_OLD": "서울특별시 은평구 구산동 산 135-1", "ADDR_NEW": "", "TEL_NO": "", "시설대분류": "야외편의시설", "시설구분": null, "편의시설 구분": "의자", "경사로지원상태": "정보없음", "자동문정보": "정보없음", "경사로 설치 여부": null, "이동식 경사로 설치 여부": null, "자동문 설치 여부": null, "점자표지판 설치 여부": null, "점자 메뉴판 설치 여부": null, "의사소통판 설치 여부": null, "경사도": "4", "영업시간": null, "버스번호": null, "버스정보": null, "평일운영시간": null, "토요일운영시간": null, "상세위치": null, "최적경로": null, "대표점변환여부": false, "원본Geometry유형": "Point" }, "geometry": { "type": "Point", "coordinates": [ 126.9037, 37.6151 ] } },
{ "type": "Feature", "properties": { "id": "210", "CONTENTS_NAME": "이정표1", "ADDR_OLD": "서울특별시 은평구 구산동 산 135-5", "ADDR_NEW": "서울특별시 은평구 서오릉로23길 8-5", "TEL_NO": "", "시설대분류": "야외편의시설", "시설구분": null, "편의시설 구분": "이정표(안내판)", "경사로지원상태": "정보없음", "자동문정보": "정보없음", "경사로 설치 여부": null, "이동식 경사로 설치 여부": null, "자동문 설치 여부": null, "점자표지판 설치 여부": null, "점자 메뉴판 설치 여부": null, "의사소통판 설치 여부": null, "경사도": "4", "영업시간": null, "버스번호": null, "버스정보": null, "평일운영시간": null, "토요일운영시간": null, "상세위치": null, "최적경로": null, "대표점변환여부": false, "원본Geometry유형": "Point" }, "geometry": { "type": "Point", "coordinates": [ 126.9042, 37.6153 ] } },
{ "type": "Feature", "properties": { "id": "205", "CONTENTS_NAME": "의자1", "ADDR_OLD": "서울특별시 은평구 구산동 산 135-1", "ADDR_NEW": "", "TEL_NO": "", "시설대분류": "야외편의시설", "시설구분": null, "편의시설 구분": "의자", "경사로지원상태": "정보없음", "자동문정보": "정보없음", "경사로 설치 여부": null, "이동식 경사로 설치 여부": null, "자동문 설치 여부": null, "점자표지판 설치 여부": null, "점자 메뉴판 설치 여부": null, "의사소통판 설치 여부": null, "경사도": "0", "영업시간": null, "버스번호": null, "버스정보": null, "평일운영시간": null, "토요일운영시간": null, "상세위치": null, "최적경로": null, "대표점변환여부": false, "원본Geometry유형": "Point" }, "geometry": { "type": "Point", "coordinates": [ 126.9039, 37.6153 ] } },
{ "type": "Feature", "properties": { "id": "201", "CONTENTS_NAME": "이정표5", "ADDR_OLD": "서울특별시 은평구 구산동 산 135-1", "ADDR_NEW": "", "TEL_NO": "", "시설대분류": "야외편의시설", "시설구분": null, "편의시설 구분": "이정표(안내판)", "경사로지원상태": "정보없음", "자동문정보": "정보없음", "경사로 설치 여부": null, "이동식 경사로 설치 여부": null, "자동문 설치 여부": null, "점자표지판 설치 여부": null, "점자 메뉴판 설치 여부": null, "의사소통판 설치 여부": null, "경사도": "3", "영업시간": null, "버스번호": null, "버스정보": null, "평일운영시간": null, "토요일운영시간": null, "상세위치": null, "최적경로": null, "대표점변환여부": false, "원본Geometry유형": "Point" }, "geometry": { "type": "Point", "coordinates": [ 126.9036, 37.6153 ] } },
{ "type": "Feature", "properties": { "id": "202", "CONTENTS_NAME": "의자5", "ADDR_OLD": "서울특별시 은평구 구산동 산 135-1", "ADDR_NEW": "", "TEL_NO": "", "시설대분류": "야외편의시설", "시설구분": null, "편의시설 구분": "의자", "경사로지원상태": "정보없음", "자동문정보": "정보없음", "경사로 설치 여부": null, "이동식 경사로 설치 여부": null, "자동문 설치 여부": null, "점자표지판 설치 여부": null, "점자 메뉴판 설치 여부": null, "의사소통판 설치 여부": null, "경사도": "4", "영업시간": null, "버스번호": null, "버스정보": null, "평일운영시간": null, "토요일운영시간": null, "상세위치": null, "최적경로": null, "대표점변환여부": false, "원본Geometry유형": "Point" }, "geometry": { "type": "Point", "coordinates": [ 126.9036, 37.6153 ] } },
{ "type": "Feature", "properties": { "id": "196", "CONTENTS_NAME": "의자9", "ADDR_OLD": "서울특별시 은평구 구산동 산 135-1", "ADDR_NEW": "", "TEL_NO": "", "시설대분류": "야외편의시설", "시설구분": null, "편의시설 구분": "의자", "경사로지원상태": "정보없음", "자동문정보": "정보없음", "경사로 설치 여부": null, "이동식 경사로 설치 여부": null, "자동문 설치 여부": null, "점자표지판 설치 여부": null, "점자 메뉴판 설치 여부": null, "의사소통판 설치 여부": null, "경사도": "5", "영업시간": null, "버스번호": null, "버스정보": null, "평일운영시간": null, "토요일운영시간": null, "상세위치": null, "최적경로": null, "대표점변환여부": false, "원본Geometry유형": "Point" }, "geometry": { "type": "Point", "coordinates": [ 126.9033, 37.6154 ] } },
{ "type": "Feature", "properties": { "id": "197", "CONTENTS_NAME": "안내판1", "ADDR_OLD": "서울특별시 은평구 구산동 산 136-5", "ADDR_NEW": "", "TEL_NO": "", "시설대분류": "야외편의시설", "시설구분": null, "편의시설 구분": "이정표(안내판)", "경사로지원상태": "정보없음", "자동문정보": "정보없음", "경사로 설치 여부": null, "이동식 경사로 설치 여부": null, "자동문 설치 여부": null, "점자표지판 설치 여부": null, "점자 메뉴판 설치 여부": null, "의사소통판 설치 여부": null, "경사도": "4", "영업시간": null, "버스번호": null, "버스정보": null, "평일운영시간": null, "토요일운영시간": null, "상세위치": null, "최적경로": null, "대표점변환여부": false, "원본Geometry유형": "Point" }, "geometry": { "type": "Point", "coordinates": [ 126.9033, 37.6157 ] } },
{ "type": "Feature", "properties": { "id": "200", "CONTENTS_NAME": "의자6", "ADDR_OLD": "서울특별시 은평구 구산동 산 136-5", "ADDR_NEW": "서울특별시 은평구 서오릉로27길 36", "TEL_NO": "", "시설대분류": "야외편의시설", "시설구분": null, "편의시설 구분": "의자", "경사로지원상태": "정보없음", "자동문정보": "정보없음", "경사로 설치 여부": null, "이동식 경사로 설치 여부": null, "자동문 설치 여부": null, "점자표지판 설치 여부": null, "점자 메뉴판 설치 여부": null, "의사소통판 설치 여부": null, "경사도": "3", "영업시간": null, "버스번호": null, "버스정보": null, "평일운영시간": null, "토요일운영시간": null, "상세위치": null, "최적경로": null, "대표점변환여부": false, "원본Geometry유형": "Point" }, "geometry": { "type": "Point", "coordinates": [ 126.9033, 37.6159 ] } },
{ "type": "Feature", "properties": { "id": "534", "CONTENTS_NAME": "의자8", "ADDR_OLD": "서울특별시 은평구 구산동  산 136-5", "ADDR_NEW": "", "TEL_NO": "", "시설대분류": "야외편의시설", "시설구분": null, "편의시설 구분": "의자", "경사로지원상태": "정보없음", "자동문정보": "정보없음", "경사로 설치 여부": null, "이동식 경사로 설치 여부": null, "자동문 설치 여부": null, "점자표지판 설치 여부": null, "점자 메뉴판 설치 여부": null, "의사소통판 설치 여부": null, "경사도": "4", "영업시간": null, "버스번호": null, "버스정보": null, "평일운영시간": null, "토요일운영시간": null, "상세위치": null, "최적경로": null, "대표점변환여부": false, "원본Geometry유형": "Point" }, "geometry": { "type": "Point", "coordinates": [ 126.9031, 37.616 ] } },
{ "type": "Feature", "properties": { "id": "211", "CONTENTS_NAME": "의자13", "ADDR_OLD": "서울특별시 은평구 구산동 산 135-1", "ADDR_NEW": "서울특별시 은평구 서오릉로23길 8-5", "TEL_NO": "", "시설대분류": "야외편의시설", "시설구분": null, "편의시설 구분": "의자", "경사로지원상태": "정보없음", "자동문정보": "정보없음", "경사로 설치 여부": null, "이동식 경사로 설치 여부": null, "자동문 설치 여부": null, "점자표지판 설치 여부": null, "점자 메뉴판 설치 여부": null, "의사소통판 설치 여부": null, "경사도": "5", "영업시간": null, "버스번호": null, "버스정보": null, "평일운영시간": null, "토요일운영시간": null, "상세위치": null, "최적경로": null, "대표점변환여부": false, "원본Geometry유형": "Point" }, "geometry": { "type": "Point", "coordinates": [ 126.9038, 37.6161 ] } },
{ "type": "Feature", "properties": { "id": "199", "CONTENTS_NAME": "이정표6", "ADDR_OLD": "서울특별시 은평구 구산동 산 136-5", "ADDR_NEW": "서울특별시 은평구 서오릉로27길 26-16", "TEL_NO": "", "시설대분류": "야외편의시설", "시설구분": null, "편의시설 구분": "이정표(안내판)", "경사로지원상태": "정보없음", "자동문정보": "정보없음", "경사로 설치 여부": null, "이동식 경사로 설치 여부": null, "자동문 설치 여부": null, "점자표지판 설치 여부": null, "점자 메뉴판 설치 여부": null, "의사소통판 설치 여부": null, "경사도": "5", "영업시간": null, "버스번호": null, "버스정보": null, "평일운영시간": null, "토요일운영시간": null, "상세위치": null, "최적경로": null, "대표점변환여부": false, "원본Geometry유형": "Point" }, "geometry": { "type": "Point", "coordinates": [ 126.9032, 37.6161 ] } },
{ "type": "Feature", "properties": { "id": "97", "CONTENTS_NAME": "봉산무장애숲길 입구", "ADDR_OLD": "서울특별시 은평구 구산동 산 135-1", "ADDR_NEW": "서울특별시 은평구 서오릉로25길 27", "TEL_NO": "", "시설대분류": "야외편의시설", "시설구분": null, "편의시설 구분": "이정표(안내판)", "경사로지원상태": "정보없음", "자동문정보": "정보없음", "경사로 설치 여부": null, "이동식 경사로 설치 여부": null, "자동문 설치 여부": null, "점자표지판 설치 여부": null, "점자 메뉴판 설치 여부": null, "의사소통판 설치 여부": null, "경사도": "6", "영업시간": null, "버스번호": null, "버스정보": null, "평일운영시간": null, "토요일운영시간": null, "상세위치": null, "최적경로": null, "대표점변환여부": false, "원본Geometry유형": "Point" }, "geometry": { "type": "Point", "coordinates": [ 126.904, 37.6162 ] } },
{ "type": "Feature", "properties": { "id": "198", "CONTENTS_NAME": "의자7", "ADDR_OLD": "경기도 고양시 덕양구 용두동 1-40", "ADDR_NEW": "", "TEL_NO": "", "시설대분류": "야외편의시설", "시설구분": null, "편의시설 구분": "의자", "경사로지원상태": "정보없음", "자동문정보": "정보없음", "경사로 설치 여부": null, "이동식 경사로 설치 여부": null, "자동문 설치 여부": null, "점자표지판 설치 여부": null, "점자 메뉴판 설치 여부": null, "의사소통판 설치 여부": null, "경사도": "5", "영업시간": null, "버스번호": null, "버스정보": null, "평일운영시간": null, "토요일운영시간": null, "상세위치": null, "최적경로": null, "대표점변환여부": false, "원본Geometry유형": "Point" }, "geometry": { "type": "Point", "coordinates": [ 126.9026, 37.6163 ] } },
{ "type": "Feature", "properties": { "id": "81", "CONTENTS_NAME": "불광역", "ADDR_OLD": "서울특별시 은평구 대조동 13-10", "ADDR_NEW": "서울특별시 은평구 통일로 725", "TEL_NO": "02-6110-3221", "시설대분류": "전동휠체어충전소", "시설구분": null, "편의시설 구분": null, "경사로지원상태": "정보없음", "자동문정보": "정보없음", "경사로 설치 여부": null, "이동식 경사로 설치 여부": null, "자동문 설치 여부": null, "점자표지판 설치 여부": null, "점자 메뉴판 설치 여부": null, "의사소통판 설치 여부": null, "경사도": null, "영업시간": null, "버스번호": null, "버스정보": null, "평일운영시간": "09시 ~ 18시", "토요일운영시간": "00시 ~ 24시", "상세위치": "고객서비스센터(고객안전실) 앞", "최적경로": null, "대표점변환여부": false, "원본Geometry유형": "Point" }, "geometry": { "type": "Point", "coordinates": [ 126.93, 37.6104 ] } },
{ "type": "Feature", "properties": { "id": "29", "CONTENTS_NAME": "은평공인중개사사무소", "ADDR_OLD": "서울특별시 은평구 대조동 77-10", "ADDR_NEW": "서울특별시 은평구 통일로69길 27", "TEL_NO": "02-353-4444", "시설대분류": "생활편의업소", "시설구분": null, "편의시설 구분": null, "경사로지원상태": "정보없음", "자동문정보": "정보없음", "경사로 설치 여부": null, "이동식 경사로 설치 여부": null, "자동문 설치 여부": null, "점자표지판 설치 여부": null, "점자 메뉴판 설치 여부": null, "의사소통판 설치 여부": null, "경사도": null, "영업시간": "10:00 ~ 18:00", "버스번호": null, "버스정보": null, "평일운영시간": null, "토요일운영시간": null, "상세위치": null, "최적경로": null, "대표점변환여부": false, "원본Geometry유형": "Point" }, "geometry": { "type": "Point", "coordinates": [ 126.926, 37.6104 ] } },
{ "type": "Feature", "properties": { "id": "45", "CONTENTS_NAME": "은평공인중개사사무소", "ADDR_OLD": "서울특별시 은평구 대조동 77-10", "ADDR_NEW": "서울특별시 은평구 통일로69길 27", "TEL_NO": "02-353-4444", "시설대분류": "생활편의업소", "시설구분": null, "편의시설 구분": null, "경사로지원상태": "정보없음", "자동문정보": "정보없음", "경사로 설치 여부": null, "이동식 경사로 설치 여부": null, "자동문 설치 여부": null, "점자표지판 설치 여부": null, "점자 메뉴판 설치 여부": null, "의사소통판 설치 여부": null, "경사도": null, "영업시간": null, "버스번호": null, "버스정보": null, "평일운영시간": null, "토요일운영시간": null, "상세위치": null, "최적경로": null, "대표점변환여부": false, "원본Geometry유형": "Point" }, "geometry": { "type": "Point", "coordinates": [ 126.926, 37.6104 ] } },
{ "type": "Feature", "properties": { "id": "4", "CONTENTS_NAME": "삼성부동산공인중개사사무소", "ADDR_OLD": "서울특별시 은평구 대조동 77-14", "ADDR_NEW": "서울특별시 은평구 통일로69길 21", "TEL_NO": "", "시설대분류": "생활편의업소", "시설구분": null, "편의시설 구분": null, "경사로지원상태": "정보없음", "자동문정보": "정보없음", "경사로 설치 여부": null, "이동식 경사로 설치 여부": null, "자동문 설치 여부": null, "점자표지판 설치 여부": null, "점자 메뉴판 설치 여부": null, "의사소통판 설치 여부": null, "경사도": null, "영업시간": "09:00~20:00", "버스번호": null, "버스정보": null, "평일운영시간": null, "토요일운영시간": null, "상세위치": null, "최적경로": null, "대표점변환여부": false, "원본Geometry유형": "Point" }, "geometry": { "type": "Point", "coordinates": [ 126.9265, 37.6108 ] } },
{ "type": "Feature", "properties": { "id": "507", "CONTENTS_NAME": "행운공인중개사사무소", "ADDR_OLD": "서울특별시 은평구 대조동 77-12", "ADDR_NEW": "서울특별시 은평구 통일로69길 19", "TEL_NO": "359-4422", "시설대분류": "생활편의업소", "시설구분": null, "편의시설 구분": null, "경사로지원상태": "정보없음", "자동문정보": "정보없음", "경사로 설치 여부": null, "이동식 경사로 설치 여부": null, "자동문 설치 여부": null, "점자표지판 설치 여부": null, "점자 메뉴판 설치 여부": null, "의사소통판 설치 여부": null, "경사도": null, "영업시간": null, "버스번호": null, "버스정보": null, "평일운영시간": null, "토요일운영시간": null, "상세위치": null, "최적경로": null, "대표점변환여부": false, "원본Geometry유형": "Point" }, "geometry": { "type": "Point", "coordinates": [ 126.9268, 37.611 ] } },
{ "type": "Feature", "properties": { "id": "511", "CONTENTS_NAME": "비타민공인중개사사무소", "ADDR_OLD": "서울특별시 은평구 대조동 77-12", "ADDR_NEW": "서울특별시 은평구 통일로69길 19", "TEL_NO": "352-8848", "시설대분류": "생활편의업소", "시설구분": null, "편의시설 구분": null, "경사로지원상태": "정보없음", "자동문정보": "정보없음", "경사로 설치 여부": null, "이동식 경사로 설치 여부": null, "자동문 설치 여부": null, "점자표지판 설치 여부": null, "점자 메뉴판 설치 여부": null, "의사소통판 설치 여부": null, "경사도": null, "영업시간": null, "버스번호": null, "버스정보": null, "평일운영시간": null, "토요일운영시간": null, "상세위치": null, "최적경로": null, "대표점변환여부": false, "원본Geometry유형": "Point" }, "geometry": { "type": "Point", "coordinates": [ 126.9268, 37.611 ] } },
{ "type": "Feature", "properties": { "id": "283", "CONTENTS_NAME": "남도공인중개사사무소", "ADDR_OLD": "서울특별시 은평구 대조동 11-10", "ADDR_NEW": "서울특별시 은평구 통일로 735", "TEL_NO": "02-386-8424", "시설대분류": "생활편의업소", "시설구분": null, "편의시설 구분": null, "경사로지원상태": "정보없음", "자동문정보": "정보없음", "경사로 설치 여부": null, "이동식 경사로 설치 여부": null, "자동문 설치 여부": null, "점자표지판 설치 여부": null, "점자 메뉴판 설치 여부": null, "의사소통판 설치 여부": null, "경사도": null, "영업시간": "10:00 ~ 19:00", "버스번호": null, "버스정보": null, "평일운영시간": null, "토요일운영시간": null, "상세위치": null, "최적경로": null, "대표점변환여부": false, "원본Geometry유형": "Point" }, "geometry": { "type": "Point", "coordinates": [ 126.9291, 37.6111 ] } },
{ "type": "Feature", "properties": { "id": "498", "CONTENTS_NAME": "성신부동산중개인사무소", "ADDR_OLD": "서울특별시 은평구 대조동 80-7", "ADDR_NEW": "서울특별시 은평구 통일로69길 15", "TEL_NO": "359-9443", "시설대분류": "생활편의업소", "시설구분": null, "편의시설 구분": null, "경사로지원상태": "정보없음", "자동문정보": "정보없음", "경사로 설치 여부": null, "이동식 경사로 설치 여부": null, "자동문 설치 여부": null, "점자표지판 설치 여부": null, "점자 메뉴판 설치 여부": null, "의사소통판 설치 여부": null, "경사도": null, "영업시간": null, "버스번호": null, "버스정보": null, "평일운영시간": null, "토요일운영시간": null, "상세위치": null, "최적경로": null, "대표점변환여부": false, "원본Geometry유형": "Point" }, "geometry": { "type": "Point", "coordinates": [ 126.927, 37.6112 ] } },
{ "type": "Feature", "properties": { "id": "242", "CONTENTS_NAME": "현대재테크공인중개사사무소", "ADDR_OLD": "서울특별시 은평구 대조동 3-46", "ADDR_NEW": "서울특별시 은평구 통일로69길 8", "TEL_NO": "02-357-2267 / 010-6343-1501", "시설대분류": "생활편의업소", "시설구분": null, "편의시설 구분": null, "경사로지원상태": "정보없음", "자동문정보": "정보없음", "경사로 설치 여부": null, "이동식 경사로 설치 여부": null, "자동문 설치 여부": null, "점자표지판 설치 여부": null, "점자 메뉴판 설치 여부": null, "의사소통판 설치 여부": null, "경사도": null, "영업시간": null, "버스번호": null, "버스정보": null, "평일운영시간": null, "토요일운영시간": null, "상세위치": null, "최적경로": null, "대표점변환여부": false, "원본Geometry유형": "Point" }, "geometry": { "type": "Point", "coordinates": [ 126.9275, 37.6118 ] } },
{ "type": "Feature", "properties": { "id": "257", "CONTENTS_NAME": "다은보호작업장", "ADDR_OLD": "서울특별시 은평구 대조동 84-7", "ADDR_NEW": "서울특별시 은평구 통일로71길 8", "TEL_NO": "02-6925-1780", "시설대분류": "접근성조사시설", "시설구분": "직업재활시설", "편의시설 구분": null, "경사로지원상태": "정보없음", "자동문정보": "정보없음", "경사로 설치 여부": null, "이동식 경사로 설치 여부": null, "자동문 설치 여부": null, "점자표지판 설치 여부": null, "점자 메뉴판 설치 여부": null, "의사소통판 설치 여부": null, "경사도": null, "영업시간": null, "버스번호": null, "버스정보": null, "평일운영시간": null, "토요일운영시간": null, "상세위치": null, "최적경로": null, "대표점변환여부": false, "원본Geometry유형": "Point" }, "geometry": { "type": "Point", "coordinates": [ 126.9261, 37.6139 ] } },
{ "type": "Feature", "properties": { "id": "246", "CONTENTS_NAME": "에이스공인중개사사무소", "ADDR_OLD": "서울특별시 은평구 불광동 600-1", "ADDR_NEW": "서울특별시 은평구 불광로2길 6-2", "TEL_NO": "355-5600", "시설대분류": "생활편의업소", "시설구분": null, "편의시설 구분": null, "경사로지원상태": "정보없음", "자동문정보": "정보없음", "경사로 설치 여부": null, "이동식 경사로 설치 여부": null, "자동문 설치 여부": null, "점자표지판 설치 여부": null, "점자 메뉴판 설치 여부": null, "의사소통판 설치 여부": null, "경사도": null, "영업시간": null, "버스번호": null, "버스정보": null, "평일운영시간": null, "토요일운영시간": null, "상세위치": null, "최적경로": null, "대표점변환여부": false, "원본Geometry유형": "Point" }, "geometry": { "type": "Point", "coordinates": [ 126.9326, 37.6119 ] } },
{ "type": "Feature", "properties": { "id": "117", "CONTENTS_NAME": "하나공인중개사사무소", "ADDR_OLD": "서울특별시 은평구 불광동 633-1", "ADDR_NEW": "서울특별시 은평구 불광로2길 7", "TEL_NO": "382-5900", "시설대분류": "생활편의업소", "시설구분": null, "편의시설 구분": null, "경사로지원상태": "정보없음", "자동문정보": "정보없음", "경사로 설치 여부": null, "이동식 경사로 설치 여부": null, "자동문 설치 여부": null, "점자표지판 설치 여부": null, "점자 메뉴판 설치 여부": null, "의사소통판 설치 여부": null, "경사도": null, "영업시간": null, "버스번호": null, "버스정보": null, "평일운영시간": null, "토요일운영시간": null, "상세위치": null, "최적경로": null, "대표점변환여부": false, "원본Geometry유형": "Point" }, "geometry": { "type": "Point", "coordinates": [ 126.9329, 37.612 ] } },
{ "type": "Feature", "properties": { "id": "501", "CONTENTS_NAME": "행운공인중개사사무소", "ADDR_OLD": "서울특별시 은평구 불광동 633-1", "ADDR_NEW": "서울특별시 은평구 불광로2길 7, 상가동 (불광동, 북한산현대홈타운아파트)", "TEL_NO": "357-7373", "시설대분류": "생활편의업소", "시설구분": null, "편의시설 구분": null, "경사로지원상태": "정보없음", "자동문정보": "정보없음", "경사로 설치 여부": null, "이동식 경사로 설치 여부": null, "자동문 설치 여부": null, "점자표지판 설치 여부": null, "점자 메뉴판 설치 여부": null, "의사소통판 설치 여부": null, "경사도": null, "영업시간": null, "버스번호": null, "버스정보": null, "평일운영시간": null, "토요일운영시간": null, "상세위치": null, "최적경로": null, "대표점변환여부": false, "원본Geometry유형": "Point" }, "geometry": { "type": "Point", "coordinates": [ 126.9328, 37.6121 ] } },
{ "type": "Feature", "properties": { "id": "395", "CONTENTS_NAME": "뚜레쥬르 불광현대점", "ADDR_OLD": "서울특별시 은평구 불광동 614-1", "ADDR_NEW": "서울특별시 은평구 불광로 60", "TEL_NO": "02-352-0555", "시설대분류": "접근성조사시설", "시설구분": "제과점", "편의시설 구분": null, "경사로지원상태": "고정경사로 설치", "자동문정보": "자동문 미설치", "경사로 설치 여부": "설치", "이동식 경사로 설치 여부": "미설치", "자동문 설치 여부": "미 설치", "점자표지판 설치 여부": "미설치", "점자 메뉴판 설치 여부": "미설치", "의사소통판 설치 여부": "미설치", "경사도": null, "영업시간": null, "버스번호": null, "버스정보": null, "평일운영시간": null, "토요일운영시간": null, "상세위치": null, "최적경로": null, "대표점변환여부": false, "원본Geometry유형": "Point" }, "geometry": { "type": "Point", "coordinates": [ 126.9321, 37.6121 ] } },
{ "type": "Feature", "properties": { "id": "392", "CONTENTS_NAME": "다루동물병원", "ADDR_OLD": "서울특별시 은평구 불광동 614-1", "ADDR_NEW": "서울특별시 은평구 불광로 60", "TEL_NO": "0507-1328-8353", "시설대분류": "접근성조사시설", "시설구분": "동물병원", "편의시설 구분": null, "경사로지원상태": "고정경사로 설치", "자동문정보": "자동문 미설치", "경사로 설치 여부": "설치", "이동식 경사로 설치 여부": "미설치", "자동문 설치 여부": "미 설치", "점자표지판 설치 여부": "미설치", "점자 메뉴판 설치 여부": "미설치", "의사소통판 설치 여부": "미설치", "경사도": null, "영업시간": null, "버스번호": null, "버스정보": null, "평일운영시간": null, "토요일운영시간": null, "상세위치": null, "최적경로": null, "대표점변환여부": false, "원본Geometry유형": "Point" }, "geometry": { "type": "Point", "coordinates": [ 126.9321, 37.6123 ] } },
{ "type": "Feature", "properties": { "id": "116", "CONTENTS_NAME": "올레공인중개사사무소", "ADDR_OLD": "서울특별시 은평구 불광동 645", "ADDR_NEW": "서울특별시 은평구 불광로 64", "TEL_NO": "02-384-8900", "시설대분류": "생활편의업소", "시설구분": null, "편의시설 구분": null, "경사로지원상태": "정보없음", "자동문정보": "정보없음", "경사로 설치 여부": null, "이동식 경사로 설치 여부": null, "자동문 설치 여부": null, "점자표지판 설치 여부": null, "점자 메뉴판 설치 여부": null, "의사소통판 설치 여부": null, "경사도": null, "영업시간": "10:00 ~ 19:00", "버스번호": null, "버스정보": null, "평일운영시간": null, "토요일운영시간": null, "상세위치": null, "최적경로": null, "대표점변환여부": false, "원본Geometry유형": "Point" }, "geometry": { "type": "Point", "coordinates": [ 126.9322, 37.6126 ] } },
{ "type": "Feature", "properties": { "id": "352", "CONTENTS_NAME": "35. 대호아파트", "ADDR_OLD": "서울특별시 은평구 불광동 542-3", "ADDR_NEW": "서울특별시 은평구 불광로 76", "TEL_NO": "02-385-1351", "시설대분류": "셔틀버스정류장", "시설구분": null, "편의시설 구분": null, "경사로지원상태": "정보없음", "자동문정보": "정보없음", "경사로 설치 여부": null, "이동식 경사로 설치 여부": null, "자동문 설치 여부": null, "점자표지판 설치 여부": null, "점자 메뉴판 설치 여부": null, "의사소통판 설치 여부": null, "경사도": null, "영업시간": null, "버스번호": "12-1번", "버스정보": "전기 저상버스, 휠체어 탑승 가능, 토요일은 1회, 2회만 운영, 일요일 및 공휴일 미운영", "평일운영시간": null, "토요일운영시간": null, "상세위치": null, "최적경로": null, "대표점변환여부": false, "원본Geometry유형": "Point" }, "geometry": { "type": "Point", "coordinates": [ 126.9324, 37.6144 ] } },
{ "type": "Feature", "properties": { "id": "582", "CONTENTS_NAME": "색연필", "ADDR_OLD": "서울특별시 은평구 불광동  631-1", "ADDR_NEW": "서울특별시 은평구 불광로 90, 102동 (불광동, 대호프라자아파트)", "TEL_NO": "02-352-7323", "시설대분류": "접근성조사시설", "시설구분": "소매점", "편의시설 구분": null, "경사로지원상태": "고정경사로 설치", "자동문정보": "자동문 미설치", "경사로 설치 여부": "설치", "이동식 경사로 설치 여부": "미설치", "자동문 설치 여부": "미 설치", "점자표지판 설치 여부": "미설치", "점자 메뉴판 설치 여부": "미설치", "의사소통판 설치 여부": "미설치", "경사도": null, "영업시간": null, "버스번호": null, "버스정보": null, "평일운영시간": null, "토요일운영시간": null, "상세위치": null, "최적경로": null, "대표점변환여부": false, "원본Geometry유형": "Point" }, "geometry": { "type": "Point", "coordinates": [ 126.9326, 37.6145 ] } },
{ "type": "Feature", "properties": { "id": "315", "CONTENTS_NAME": "05.  대호아파트", "ADDR_OLD": "서울특별시 은평구 불광동 242-74", "ADDR_NEW": "서울특별시 은평구 불광로 82", "TEL_NO": "02-385-1351", "시설대분류": "셔틀버스정류장", "시설구분": null, "편의시설 구분": null, "경사로지원상태": "정보없음", "자동문정보": "정보없음", "경사로 설치 여부": null, "이동식 경사로 설치 여부": null, "자동문 설치 여부": null, "점자표지판 설치 여부": null, "점자 메뉴판 설치 여부": null, "의사소통판 설치 여부": null, "경사도": null, "영업시간": null, "버스번호": "12번", "버스정보": "전기 저상버스, 휠체어 탑승 가능, 토요일은 1회, 2회만 운영, 일요일 및 공휴일 미운영", "평일운영시간": null, "토요일운영시간": null, "상세위치": null, "최적경로": null, "대표점변환여부": false, "원본Geometry유형": "Point" }, "geometry": { "type": "Point", "coordinates": [ 126.9324, 37.6145 ] } },
{ "type": "Feature", "properties": { "id": "214", "CONTENTS_NAME": "대호크리닝세탁", "ADDR_OLD": "서울특별시 은평구 불광동  631-1", "ADDR_NEW": "서울특별시 은평구 불광로 90, 102동 (불광동, 대호프라자아파트)", "TEL_NO": "02-353-6169", "시설대분류": "접근성조사시설", "시설구분": "세탁소", "편의시설 구분": null, "경사로지원상태": "고정경사로 설치", "자동문정보": "자동문 미설치", "경사로 설치 여부": "설치", "이동식 경사로 설치 여부": "미설치", "자동문 설치 여부": "미 설치", "점자표지판 설치 여부": "미설치", "점자 메뉴판 설치 여부": "미설치", "의사소통판 설치 여부": "미설치", "경사도": null, "영업시간": null, "버스번호": null, "버스정보": null, "평일운영시간": null, "토요일운영시간": null, "상세위치": null, "최적경로": null, "대표점변환여부": false, "원본Geometry유형": "Point" }, "geometry": { "type": "Point", "coordinates": [ 126.9326, 37.6146 ] } },
{ "type": "Feature", "properties": { "id": "213", "CONTENTS_NAME": "월드공인중개사사무소", "ADDR_OLD": "서울특별시 은평구 불광동  631-1", "ADDR_NEW": "서울특별시 은평구 불광로 90, 102동 (불광동, 대호프라자아파트)", "TEL_NO": "02-387-2332", "시설대분류": "접근성조사시설", "시설구분": "부동산", "편의시설 구분": null, "경사로지원상태": "고정경사로 설치", "자동문정보": "자동문 미설치", "경사로 설치 여부": "설치", "이동식 경사로 설치 여부": "미설치", "자동문 설치 여부": "미 설치", "점자표지판 설치 여부": "미설치", "점자 메뉴판 설치 여부": "미설치", "의사소통판 설치 여부": "미설치", "경사도": null, "영업시간": null, "버스번호": null, "버스정보": null, "평일운영시간": null, "토요일운영시간": null, "상세위치": null, "최적경로": null, "대표점변환여부": false, "원본Geometry유형": "Point" }, "geometry": { "type": "Point", "coordinates": [ 126.9326, 37.6146 ] } },
{ "type": "Feature", "properties": { "id": "30", "CONTENTS_NAME": "드림공인중개사사무소", "ADDR_OLD": "서울특별시 은평구 불광동 631-1", "ADDR_NEW": "서울특별시 은평구 불광로 90", "TEL_NO": "354-0056", "시설대분류": "생활편의업소", "시설구분": null, "편의시설 구분": null, "경사로지원상태": "정보없음", "자동문정보": "정보없음", "경사로 설치 여부": null, "이동식 경사로 설치 여부": null, "자동문 설치 여부": null, "점자표지판 설치 여부": null, "점자 메뉴판 설치 여부": null, "의사소통판 설치 여부": null, "경사도": null, "영업시간": null, "버스번호": null, "버스정보": null, "평일운영시간": null, "토요일운영시간": null, "상세위치": null, "최적경로": null, "대표점변환여부": false, "원본Geometry유형": "Point" }, "geometry": { "type": "Point", "coordinates": [ 126.9327, 37.6147 ] } },
{ "type": "Feature", "properties": { "id": "216", "CONTENTS_NAME": "서울면옥", "ADDR_OLD": "서울특별시 은평구 불광동  631-1", "ADDR_NEW": "서울특별시 은평구 불광로 90, 102동 (불광동, 대호프라자아파트)", "TEL_NO": "070-7746-6359", "시설대분류": "접근성조사시설", "시설구분": "음식점", "편의시설 구분": null, "경사로지원상태": "고정경사로 설치", "자동문정보": "자동문 미설치", "경사로 설치 여부": "설치", "이동식 경사로 설치 여부": "미설치", "자동문 설치 여부": "미 설치", "점자표지판 설치 여부": "미설치", "점자 메뉴판 설치 여부": "미설치", "의사소통판 설치 여부": "미설치", "경사도": null, "영업시간": null, "버스번호": null, "버스정보": null, "평일운영시간": null, "토요일운영시간": null, "상세위치": null, "최적경로": null, "대표점변환여부": false, "원본Geometry유형": "Point" }, "geometry": { "type": "Point", "coordinates": [ 126.9327, 37.6148 ] } },
{ "type": "Feature", "properties": { "id": "215", "CONTENTS_NAME": "호우동", "ADDR_OLD": "서울특별시 은평구 불광동  631-1", "ADDR_NEW": "서울특별시 은평구 불광로 90, 102동 (불광동, 대호프라자아파트)", "TEL_NO": "02-356-3060", "시설대분류": "접근성조사시설", "시설구분": "음식점", "편의시설 구분": null, "경사로지원상태": "고정경사로 설치", "자동문정보": "자동문 미설치", "경사로 설치 여부": "설치", "이동식 경사로 설치 여부": "미설치", "자동문 설치 여부": "미 설치", "점자표지판 설치 여부": "미설치", "점자 메뉴판 설치 여부": "미설치", "의사소통판 설치 여부": "미설치", "경사도": null, "영업시간": null, "버스번호": null, "버스정보": null, "평일운영시간": null, "토요일운영시간": null, "상세위치": null, "최적경로": null, "대표점변환여부": false, "원본Geometry유형": "Point" }, "geometry": { "type": "Point", "coordinates": [ 126.9327, 37.6148 ] } },
{ "type": "Feature", "properties": { "id": "217", "CONTENTS_NAME": "냉삼집", "ADDR_OLD": "서울특별시 은평구 불광동  631-1", "ADDR_NEW": "서울특별시 은평구 불광로 90, 102동 (불광동, 대호프라자아파트)", "TEL_NO": "0507-1332-9734", "시설대분류": "접근성조사시설", "시설구분": "음식점", "편의시설 구분": null, "경사로지원상태": "고정경사로 설치", "자동문정보": "자동문 미설치", "경사로 설치 여부": "설치", "이동식 경사로 설치 여부": "미설치", "자동문 설치 여부": "미 설치", "점자표지판 설치 여부": "미설치", "점자 메뉴판 설치 여부": "미설치", "의사소통판 설치 여부": "미설치", "경사도": null, "영업시간": null, "버스번호": null, "버스정보": null, "평일운영시간": null, "토요일운영시간": null, "상세위치": null, "최적경로": null, "대표점변환여부": false, "원본Geometry유형": "Point" }, "geometry": { "type": "Point", "coordinates": [ 126.9329, 37.6152 ] } },
{ "type": "Feature", "properties": { "id": "14", "CONTENTS_NAME": "그린공인중개사사무소", "ADDR_OLD": "서울특별시 은평구 불광동 239-34", "ADDR_NEW": "서울특별시 은평구 불광로9길 2", "TEL_NO": "353-2555", "시설대분류": "생활편의업소", "시설구분": null, "편의시설 구분": null, "경사로지원상태": "정보없음", "자동문정보": "정보없음", "경사로 설치 여부": null, "이동식 경사로 설치 여부": null, "자동문 설치 여부": null, "점자표지판 설치 여부": null, "점자 메뉴판 설치 여부": null, "의사소통판 설치 여부": null, "경사도": null, "영업시간": null, "버스번호": null, "버스정보": null, "평일운영시간": null, "토요일운영시간": null, "상세위치": null, "최적경로": null, "대표점변환여부": false, "원본Geometry유형": "Point" }, "geometry": { "type": "Point", "coordinates": [ 126.9327, 37.6161 ] } },
{ "type": "Feature", "properties": { "id": "35", "CONTENTS_NAME": "화신공인중개사사무소", "ADDR_OLD": "서울특별시 은평구 불광동 239-10", "ADDR_NEW": "서울특별시 은평구 불광로 107", "TEL_NO": "388-1155", "시설대분류": "생활편의업소", "시설구분": null, "편의시설 구분": null, "경사로지원상태": "정보없음", "자동문정보": "정보없음", "경사로 설치 여부": null, "이동식 경사로 설치 여부": null, "자동문 설치 여부": null, "점자표지판 설치 여부": null, "점자 메뉴판 설치 여부": null, "의사소통판 설치 여부": null, "경사도": null, "영업시간": null, "버스번호": null, "버스정보": null, "평일운영시간": null, "토요일운영시간": null, "상세위치": null, "최적경로": null, "대표점변환여부": false, "원본Geometry유형": "Point" }, "geometry": { "type": "Point", "coordinates": [ 126.9327, 37.6163 ] } },
{ "type": "Feature", "properties": { "id": "620", "CONTENTS_NAME": "바르티매오공동생활가정", "ADDR_OLD": "서울특별시 은평구 불광동 234-7", "ADDR_NEW": "서울특별시 은평구 불광로9가길 4", "TEL_NO": "02-722-0988", "시설대분류": "접근성조사시설", "시설구분": "거주시설(공동생활가정)", "편의시설 구분": null, "경사로지원상태": "정보없음", "자동문정보": "정보없음", "경사로 설치 여부": null, "이동식 경사로 설치 여부": null, "자동문 설치 여부": null, "점자표지판 설치 여부": null, "점자 메뉴판 설치 여부": null, "의사소통판 설치 여부": null, "경사도": null, "영업시간": null, "버스번호": null, "버스정보": null, "평일운영시간": null, "토요일운영시간": null, "상세위치": null, "최적경로": null, "대표점변환여부": false, "원본Geometry유형": "Point" }, "geometry": { "type": "Point", "coordinates": [ 126.9315, 37.6166 ] } },
{ "type": "Feature", "properties": { "id": "532", "CONTENTS_NAME": "한라공인중개사사무소", "ADDR_OLD": "서울특별시 은평구 불광동 222-2", "ADDR_NEW": "서울특별시 은평구 불광로 119-1", "TEL_NO": "352-2823", "시설대분류": "생활편의업소", "시설구분": null, "편의시설 구분": null, "경사로지원상태": "정보없음", "자동문정보": "정보없음", "경사로 설치 여부": null, "이동식 경사로 설치 여부": null, "자동문 설치 여부": null, "점자표지판 설치 여부": null, "점자 메뉴판 설치 여부": null, "의사소통판 설치 여부": null, "경사도": null, "영업시간": null, "버스번호": null, "버스정보": null, "평일운영시간": null, "토요일운영시간": null, "상세위치": null, "최적경로": null, "대표점변환여부": false, "원본Geometry유형": "Point" }, "geometry": { "type": "Point", "coordinates": [ 126.9329, 37.6174 ] } },
{ "type": "Feature", "properties": { "id": "581", "CONTENTS_NAME": "구세군 희망나누기", "ADDR_OLD": "서울특별시 은평구 불광동 222-1", "ADDR_NEW": "서울특별시 은평구 불광로 119", "TEL_NO": "0507-1387-9350", "시설대분류": "접근성조사시설", "시설구분": "소매점", "편의시설 구분": null, "경사로지원상태": "고정경사로 설치", "자동문정보": "자동문 미설치", "경사로 설치 여부": "설치", "이동식 경사로 설치 여부": "미설치", "자동문 설치 여부": "미 설치", "점자표지판 설치 여부": "미설치", "점자 메뉴판 설치 여부": "미설치", "의사소통판 설치 여부": "미설치", "경사도": null, "영업시간": null, "버스번호": null, "버스정보": null, "평일운영시간": null, "토요일운영시간": null, "상세위치": null, "최적경로": null, "대표점변환여부": false, "원본Geometry유형": "Point" }, "geometry": { "type": "Point", "coordinates": [ 126.9329, 37.6175 ] } },
{ "type": "Feature", "properties": { "id": "272", "CONTENTS_NAME": "청여울공인중개사사무소", "ADDR_OLD": "서울특별시 은평구 대조동 241", "ADDR_NEW": "서울특별시 은평구 통일로 767, 101동 (대조동, 베르디움STAY1)", "TEL_NO": "02-356-9006", "시설대분류": "생활편의업소", "시설구분": null, "편의시설 구분": null, "경사로지원상태": "정보없음", "자동문정보": "정보없음", "경사로 설치 여부": null, "이동식 경사로 설치 여부": null, "자동문 설치 여부": null, "점자표지판 설치 여부": null, "점자 메뉴판 설치 여부": null, "의사소통판 설치 여부": null, "경사도": null, "영업시간": "10:00 ~ 18:00", "버스번호": null, "버스정보": null, "평일운영시간": null, "토요일운영시간": null, "상세위치": null, "최적경로": null, "대표점변환여부": false, "원본Geometry유형": "Point" }, "geometry": { "type": "Point", "coordinates": [ 126.9265, 37.614 ] } },
{ "type": "Feature", "properties": { "id": "112", "CONTENTS_NAME": "권선생부동산공인중개사사무소", "ADDR_OLD": "서울특별시 은평구 불광동 248", "ADDR_NEW": "서울특별시 은평구 통일로 780", "TEL_NO": "02-386-6611", "시설대분류": "생활편의업소", "시설구분": null, "편의시설 구분": null, "경사로지원상태": "정보없음", "자동문정보": "정보없음", "경사로 설치 여부": null, "이동식 경사로 설치 여부": null, "자동문 설치 여부": null, "점자표지판 설치 여부": null, "점자 메뉴판 설치 여부": null, "의사소통판 설치 여부": null, "경사도": null, "영업시간": "10:00 ~ 19:00", "버스번호": null, "버스정보": null, "평일운영시간": null, "토요일운영시간": null, "상세위치": null, "최적경로": null, "대표점변환여부": false, "원본Geometry유형": "Point" }, "geometry": { "type": "Point", "coordinates": [ 126.9272, 37.6141 ] } },
{ "type": "Feature", "properties": { "id": "113", "CONTENTS_NAME": "열린공인중개사사무소", "ADDR_OLD": "서울특별시 은평구 불광동 248", "ADDR_NEW": "서울특별시 은평구 통일로 780", "TEL_NO": "358-5894%2C356-6666", "시설대분류": "생활편의업소", "시설구분": null, "편의시설 구분": null, "경사로지원상태": "정보없음", "자동문정보": "정보없음", "경사로 설치 여부": null, "이동식 경사로 설치 여부": null, "자동문 설치 여부": null, "점자표지판 설치 여부": null, "점자 메뉴판 설치 여부": null, "의사소통판 설치 여부": null, "경사도": null, "영업시간": null, "버스번호": null, "버스정보": null, "평일운영시간": null, "토요일운영시간": null, "상세위치": null, "최적경로": null, "대표점변환여부": false, "원본Geometry유형": "Point" }, "geometry": { "type": "Point", "coordinates": [ 126.9273, 37.6142 ] } },
{ "type": "Feature", "properties": { "id": "455", "CONTENTS_NAME": "국민공인중개사사무소", "ADDR_OLD": "서울특별시 은평구 불광동 643", "ADDR_NEW": "서울특별시 은평구 통일로 796, 상가동 (불광동, 북한산 힐스테이트7차)", "TEL_NO": "02-388-8955", "시설대분류": "생활편의업소", "시설구분": null, "편의시설 구분": null, "경사로지원상태": "정보없음", "자동문정보": "정보없음", "경사로 설치 여부": null, "이동식 경사로 설치 여부": null, "자동문 설치 여부": null, "점자표지판 설치 여부": null, "점자 메뉴판 설치 여부": null, "의사소통판 설치 여부": null, "경사도": null, "영업시간": "10:00 ~ 19:00", "버스번호": null, "버스정보": null, "평일운영시간": null, "토요일운영시간": null, "상세위치": null, "최적경로": null, "대표점변환여부": false, "원본Geometry유형": "Point" }, "geometry": { "type": "Point", "coordinates": [ 126.9258, 37.6163 ] } },
{ "type": "Feature", "properties": { "id": "564", "CONTENTS_NAME": "골든벨공인중개사사무소", "ADDR_OLD": "서울특별시 은평구 불광동 643", "ADDR_NEW": "서울특별시 은평구 통일로 796, 상가동 (불광동, 북한산 힐스테이트7차)", "TEL_NO": "387-3330", "시설대분류": "생활편의업소", "시설구분": null, "편의시설 구분": null, "경사로지원상태": "정보없음", "자동문정보": "정보없음", "경사로 설치 여부": null, "이동식 경사로 설치 여부": null, "자동문 설치 여부": null, "점자표지판 설치 여부": null, "점자 메뉴판 설치 여부": null, "의사소통판 설치 여부": null, "경사도": null, "영업시간": null, "버스번호": null, "버스정보": null, "평일운영시간": null, "토요일운영시간": null, "상세위치": null, "최적경로": null, "대표점변환여부": false, "원본Geometry유형": "Point" }, "geometry": { "type": "Point", "coordinates": [ 126.9258, 37.6163 ] } },
{ "type": "Feature", "properties": { "id": "222", "CONTENTS_NAME": "CU불광어게인점", "ADDR_OLD": "서울특별시 은평구 불광동 355-5", "ADDR_NEW": "서울특별시 은평구 연서로 284", "TEL_NO": "%EC%A0%95%EB%B3%B4%EC%97%86%EC%9D%8C", "시설대분류": "접근성조사시설", "시설구분": "편의점", "편의시설 구분": null, "경사로지원상태": "고정경사로 설치", "자동문정보": "자동문 미설치", "경사로 설치 여부": "설치", "이동식 경사로 설치 여부": "미설치", "자동문 설치 여부": "미 설치", "점자표지판 설치 여부": "미설치", "점자 메뉴판 설치 여부": "미설치", "의사소통판 설치 여부": "미설치", "경사도": null, "영업시간": null, "버스번호": null, "버스정보": null, "평일운영시간": null, "토요일운영시간": null, "상세위치": null, "최적경로": null, "대표점변환여부": false, "원본Geometry유형": "Point" }, "geometry": { "type": "Point", "coordinates": [ 126.926, 37.621 ] } },
{ "type": "Feature", "properties": { "id": "449", "CONTENTS_NAME": "현대공인중개사사무소", "ADDR_OLD": "서울특별시 은평구 불광동 424-2", "ADDR_NEW": "서울특별시 은평구 연서로34길 5", "TEL_NO": "02-352-1441", "시설대분류": "생활편의업소", "시설구분": null, "편의시설 구분": null, "경사로지원상태": "정보없음", "자동문정보": "정보없음", "경사로 설치 여부": null, "이동식 경사로 설치 여부": null, "자동문 설치 여부": null, "점자표지판 설치 여부": null, "점자 메뉴판 설치 여부": null, "의사소통판 설치 여부": null, "경사도": null, "영업시간": "9:30 ~ 19:00", "버스번호": null, "버스정보": null, "평일운영시간": null, "토요일운영시간": null, "상세위치": null, "최적경로": null, "대표점변환여부": false, "원본Geometry유형": "Point" }, "geometry": { "type": "Point", "coordinates": [ 126.927, 37.6214 ] } },
{ "type": "Feature", "properties": { "id": "355", "CONTENTS_NAME": "38. 불광보건지소", "ADDR_OLD": "서울특별시 은평구 불광동 426-2", "ADDR_NEW": "서울특별시 은평구 연서로 296", "TEL_NO": "02-385-1351", "시설대분류": "셔틀버스정류장", "시설구분": null, "편의시설 구분": null, "경사로지원상태": "정보없음", "자동문정보": "정보없음", "경사로 설치 여부": null, "이동식 경사로 설치 여부": null, "자동문 설치 여부": null, "점자표지판 설치 여부": null, "점자 메뉴판 설치 여부": null, "의사소통판 설치 여부": null, "경사도": null, "영업시간": null, "버스번호": "12-1번", "버스정보": "전기 저상버스, 휠체어 탑승 가능, 토요일은 1회, 2회만 운영, 일요일 및 공휴일 미운영", "평일운영시간": null, "토요일운영시간": null, "상세위치": null, "최적경로": null, "대표점변환여부": false, "원본Geometry유형": "Point" }, "geometry": { "type": "Point", "coordinates": [ 126.9268, 37.6218 ] } },
{ "type": "Feature", "properties": { "id": "373", "CONTENTS_NAME": "콜핑 연신내점", "ADDR_OLD": "서울특별시 은평구 불광동 426-18", "ADDR_NEW": "서울특별시 은평구 연서로 296", "TEL_NO": "02-388-3714", "시설대분류": "접근성조사시설", "시설구분": "의류판매", "편의시설 구분": null, "경사로지원상태": "고정경사로 설치", "자동문정보": "자동문 미설치", "경사로 설치 여부": "설치", "이동식 경사로 설치 여부": "미설치", "자동문 설치 여부": "미 설치", "점자표지판 설치 여부": "설치", "점자 메뉴판 설치 여부": "미설치", "의사소통판 설치 여부": "미설치", "경사도": null, "영업시간": null, "버스번호": null, "버스정보": null, "평일운영시간": null, "토요일운영시간": null, "상세위치": null, "최적경로": null, "대표점변환여부": false, "원본Geometry유형": "Point" }, "geometry": { "type": "Point", "coordinates": [ 126.9269, 37.6219 ] } },
{ "type": "Feature", "properties": { "id": "509", "CONTENTS_NAME": "퍼스트공인중개사사무소", "ADDR_OLD": "서울특별시 은평구 불광동 422-5", "ADDR_NEW": "서울특별시 은평구 연서로35길 6", "TEL_NO": "387-9114", "시설대분류": "생활편의업소", "시설구분": null, "편의시설 구분": null, "경사로지원상태": "정보없음", "자동문정보": "정보없음", "경사로 설치 여부": null, "이동식 경사로 설치 여부": null, "자동문 설치 여부": null, "점자표지판 설치 여부": null, "점자 메뉴판 설치 여부": null, "의사소통판 설치 여부": null, "경사도": null, "영업시간": null, "버스번호": null, "버스정보": null, "평일운영시간": null, "토요일운영시간": null, "상세위치": null, "최적경로": null, "대표점변환여부": false, "원본Geometry유형": "Point" }, "geometry": { "type": "Point", "coordinates": [ 126.926, 37.6219 ] } },
{ "type": "Feature", "properties": { "id": "111", "CONTENTS_NAME": "뉴태양공인중개사사무소", "ADDR_OLD": "서울특별시 은평구 불광동 643", "ADDR_NEW": "서울특별시 은평구 통일로 796", "TEL_NO": "02-382-7784", "시설대분류": "생활편의업소", "시설구분": null, "편의시설 구분": null, "경사로지원상태": "정보없음", "자동문정보": "정보없음", "경사로 설치 여부": null, "이동식 경사로 설치 여부": null, "자동문 설치 여부": null, "점자표지판 설치 여부": null, "점자 메뉴판 설치 여부": null, "의사소통판 설치 여부": null, "경사도": null, "영업시간": "10:00 ~ 18:00", "버스번호": null, "버스정보": null, "평일운영시간": null, "토요일운영시간": null, "상세위치": null, "최적경로": null, "대표점변환여부": false, "원본Geometry유형": "Point" }, "geometry": { "type": "Point", "coordinates": [ 126.925, 37.6159 ] } },
{ "type": "Feature", "properties": { "id": "297", "CONTENTS_NAME": "미래공인중개사사무소", "ADDR_OLD": "서울특별시 은평구 대조동 187-26", "ADDR_NEW": "서울특별시 은평구 통일로75길 6-20", "TEL_NO": "356-6999\n356-0025", "시설대분류": "생활편의업소", "시설구분": null, "편의시설 구분": null, "경사로지원상태": "정보없음", "자동문정보": "정보없음", "경사로 설치 여부": null, "이동식 경사로 설치 여부": null, "자동문 설치 여부": null, "점자표지판 설치 여부": null, "점자 메뉴판 설치 여부": null, "의사소통판 설치 여부": null, "경사도": null, "영업시간": null, "버스번호": null, "버스정보": null, "평일운영시간": null, "토요일운영시간": null, "상세위치": null, "최적경로": null, "대표점변환여부": false, "원본Geometry유형": "Point" }, "geometry": { "type": "Point", "coordinates": [ 126.9227, 37.6165 ] } },
{ "type": "Feature", "properties": { "id": "39", "CONTENTS_NAME": "한남공인중개사사무소", "ADDR_OLD": "서울특별시 은평구 대조동 187-6", "ADDR_NEW": "서울특별시 은평구 통일로77길 3-1", "TEL_NO": "02-389-8459", "시설대분류": "생활편의업소", "시설구분": null, "편의시설 구분": null, "경사로지원상태": "정보없음", "자동문정보": "정보없음", "경사로 설치 여부": null, "이동식 경사로 설치 여부": null, "자동문 설치 여부": null, "점자표지판 설치 여부": null, "점자 메뉴판 설치 여부": null, "의사소통판 설치 여부": null, "경사도": null, "영업시간": "9:00 ~ 20:00", "버스번호": null, "버스정보": null, "평일운영시간": null, "토요일운영시간": null, "상세위치": null, "최적경로": null, "대표점변환여부": false, "원본Geometry유형": "Point" }, "geometry": { "type": "Point", "coordinates": [ 126.9227, 37.6167 ] } },
{ "type": "Feature", "properties": { "id": "526", "CONTENTS_NAME": "스마일공인중개사사무소", "ADDR_OLD": "서울특별시 은평구 불광동 301-92", "ADDR_NEW": "서울특별시 은평구 통일로78길 12-4", "TEL_NO": "02-355-8849", "시설대분류": "생활편의업소", "시설구분": null, "편의시설 구분": null, "경사로지원상태": "정보없음", "자동문정보": "정보없음", "경사로 설치 여부": null, "이동식 경사로 설치 여부": null, "자동문 설치 여부": null, "점자표지판 설치 여부": null, "점자 메뉴판 설치 여부": null, "의사소통판 설치 여부": null, "경사도": null, "영업시간": null, "버스번호": null, "버스정보": null, "평일운영시간": null, "토요일운영시간": null, "상세위치": null, "최적경로": null, "대표점변환여부": false, "원본Geometry유형": "Point" }, "geometry": { "type": "Point", "coordinates": [ 126.9239, 37.6179 ] } },
{ "type": "Feature", "properties": { "id": "247", "CONTENTS_NAME": "명성부동산공인중개사사무소", "ADDR_OLD": "서울특별시 은평구 불광동 327-10", "ADDR_NEW": "서울특별시 은평구 연서로32길 18", "TEL_NO": "02-358-7272", "시설대분류": "생활편의업소", "시설구분": null, "편의시설 구분": null, "경사로지원상태": "정보없음", "자동문정보": "정보없음", "경사로 설치 여부": null, "이동식 경사로 설치 여부": null, "자동문 설치 여부": null, "점자표지판 설치 여부": null, "점자 메뉴판 설치 여부": null, "의사소통판 설치 여부": null, "경사도": null, "영업시간": null, "버스번호": null, "버스정보": null, "평일운영시간": null, "토요일운영시간": null, "상세위치": null, "최적경로": null, "대표점변환여부": false, "원본Geometry유형": "Point" }, "geometry": { "type": "Point", "coordinates": [ 126.9242, 37.6191 ] } },
{ "type": "Feature", "properties": { "id": "266", "CONTENTS_NAME": "퍼펙트공인중개사사무소", "ADDR_OLD": "서울특별시 은평구 불광동 339-72", "ADDR_NEW": "서울특별시 은평구 연서로32길 13", "TEL_NO": "02-359-2224", "시설대분류": "생활편의업소", "시설구분": null, "편의시설 구분": null, "경사로지원상태": "정보없음", "자동문정보": "정보없음", "경사로 설치 여부": null, "이동식 경사로 설치 여부": null, "자동문 설치 여부": null, "점자표지판 설치 여부": null, "점자 메뉴판 설치 여부": null, "의사소통판 설치 여부": null, "경사도": null, "영업시간": "10:00 ~ 19:00", "버스번호": null, "버스정보": null, "평일운영시간": null, "토요일운영시간": null, "상세위치": null, "최적경로": null, "대표점변환여부": false, "원본Geometry유형": "Point" }, "geometry": { "type": "Point", "coordinates": [ 126.9245, 37.6194 ] } },
{ "type": "Feature", "properties": { "id": "66", "CONTENTS_NAME": "구립불광노인복지관", "ADDR_OLD": "서울특별시 은평구 불광동 339-13", "ADDR_NEW": "서울특별시 은평구 연서로32길 17-11", "TEL_NO": "02-385-3222", "시설대분류": "접근성조사시설", "시설구분": "어르신 복지시설", "편의시설 구분": null, "경사로지원상태": "정보없음", "자동문정보": "정보없음", "경사로 설치 여부": null, "이동식 경사로 설치 여부": null, "자동문 설치 여부": null, "점자표지판 설치 여부": null, "점자 메뉴판 설치 여부": null, "의사소통판 설치 여부": null, "경사도": null, "영업시간": null, "버스번호": null, "버스정보": null, "평일운영시간": null, "토요일운영시간": null, "상세위치": null, "최적경로": "연신내역 3번 출구에서 도보 6분", "대표점변환여부": false, "원본Geometry유형": "Point" }, "geometry": { "type": "Point", "coordinates": [ 126.9249, 37.6195 ] } },
{ "type": "Feature", "properties": { "id": "380", "CONTENTS_NAME": "유정약국", "ADDR_OLD": "서울특별시 은평구 불광동 320-1", "ADDR_NEW": "서울특별시 은평구 연서로 258", "TEL_NO": "02-355-6270", "시설대분류": "접근성조사시설", "시설구분": "약국", "편의시설 구분": null, "경사로지원상태": "고정경사로 설치", "자동문정보": "자동문 미설치", "경사로 설치 여부": "설치", "이동식 경사로 설치 여부": "미설치", "자동문 설치 여부": "미 설치", "점자표지판 설치 여부": "미설치", "점자 메뉴판 설치 여부": "미설치", "의사소통판 설치 여부": "미설치", "경사도": null, "영업시간": null, "버스번호": null, "버스정보": null, "평일운영시간": null, "토요일운영시간": null, "상세위치": null, "최적경로": null, "대표점변환여부": false, "원본Geometry유형": "Point" }, "geometry": { "type": "Point", "coordinates": [ 126.9233, 37.6198 ] } },
{ "type": "Feature", "properties": { "id": "378", "CONTENTS_NAME": "왕돈까스&왕냉면", "ADDR_OLD": "서울특별시 은평구 불광동 319-37", "ADDR_NEW": "서울특별시 은평구 연서로 262", "TEL_NO": "02-353-0910", "시설대분류": "접근성조사시설", "시설구분": "식당", "편의시설 구분": null, "경사로지원상태": "고정경사로 설치", "자동문정보": "자동문 미설치", "경사로 설치 여부": "설치", "이동식 경사로 설치 여부": "설치", "자동문 설치 여부": "미 설치", "점자표지판 설치 여부": "미설치", "점자 메뉴판 설치 여부": "미설치", "의사소통판 설치 여부": "미설치", "경사도": null, "영업시간": null, "버스번호": null, "버스정보": null, "평일운영시간": null, "토요일운영시간": null, "상세위치": null, "최적경로": null, "대표점변환여부": false, "원본Geometry유형": "Point" }, "geometry": { "type": "Point", "coordinates": [ 126.9239, 37.62 ] } },
{ "type": "Feature", "properties": { "id": "265", "CONTENTS_NAME": "아이리스공인중개사사무소", "ADDR_OLD": "서울특별시 은평구 불광동 320-17", "ADDR_NEW": "서울특별시 은평구 연서로 260", "TEL_NO": "02-354-4987", "시설대분류": "생활편의업소", "시설구분": null, "편의시설 구분": null, "경사로지원상태": "정보없음", "자동문정보": "정보없음", "경사로 설치 여부": null, "이동식 경사로 설치 여부": null, "자동문 설치 여부": null, "점자표지판 설치 여부": null, "점자 메뉴판 설치 여부": null, "의사소통판 설치 여부": null, "경사도": null, "영업시간": "10:00 ~ 19:00", "버스번호": null, "버스정보": null, "평일운영시간": null, "토요일운영시간": null, "상세위치": null, "최적경로": null, "대표점변환여부": false, "원본Geometry유형": "Point" }, "geometry": { "type": "Point", "coordinates": [ 126.9237, 37.62 ] } },
{ "type": "Feature", "properties": { "id": "22", "CONTENTS_NAME": "태양공인중개사사무소", "ADDR_OLD": "서울특별시 은평구 불광동 320-17", "ADDR_NEW": "서울특별시 은평구 연서로 260", "TEL_NO": "", "시설대분류": "생활편의업소", "시설구분": null, "편의시설 구분": null, "경사로지원상태": "정보없음", "자동문정보": "정보없음", "경사로 설치 여부": null, "이동식 경사로 설치 여부": null, "자동문 설치 여부": null, "점자표지판 설치 여부": null, "점자 메뉴판 설치 여부": null, "의사소통판 설치 여부": null, "경사도": null, "영업시간": null, "버스번호": null, "버스정보": null, "평일운영시간": null, "토요일운영시간": null, "상세위치": null, "최적경로": null, "대표점변환여부": false, "원본Geometry유형": "Point" }, "geometry": { "type": "Point", "coordinates": [ 126.9237, 37.62 ] } },
{ "type": "Feature", "properties": { "id": "238", "CONTENTS_NAME": "사과나무공인중개사사무소", "ADDR_OLD": "서울특별시 은평구 불광동 314-1", "ADDR_NEW": "서울특별시 은평구 연서로 267", "TEL_NO": "355-2442", "시설대분류": "생활편의업소", "시설구분": null, "편의시설 구분": null, "경사로지원상태": "정보없음", "자동문정보": "정보없음", "경사로 설치 여부": null, "이동식 경사로 설치 여부": null, "자동문 설치 여부": null, "점자표지판 설치 여부": null, "점자 메뉴판 설치 여부": null, "의사소통판 설치 여부": null, "경사도": null, "영업시간": null, "버스번호": null, "버스정보": null, "평일운영시간": null, "토요일운영시간": null, "상세위치": null, "최적경로": null, "대표점변환여부": false, "원본Geometry유형": "Point" }, "geometry": { "type": "Point", "coordinates": [ 126.9243, 37.6205 ] } },
{ "type": "Feature", "properties": { "id": "278", "CONTENTS_NAME": "연신내영웅공인중개사사무소", "ADDR_OLD": "서울특별시 은평구 불광동 366-2", "ADDR_NEW": "서울특별시 은평구 연서로 271", "TEL_NO": "02-352-0300", "시설대분류": "생활편의업소", "시설구분": null, "편의시설 구분": null, "경사로지원상태": "정보없음", "자동문정보": "정보없음", "경사로 설치 여부": null, "이동식 경사로 설치 여부": null, "자동문 설치 여부": null, "점자표지판 설치 여부": null, "점자 메뉴판 설치 여부": null, "의사소통판 설치 여부": null, "경사도": null, "영업시간": "10:00 ~ 19:00", "버스번호": null, "버스정보": null, "평일운영시간": null, "토요일운영시간": null, "상세위치": null, "최적경로": null, "대표점변환여부": false, "원본Geometry유형": "Point" }, "geometry": { "type": "Point", "coordinates": [ 126.9246, 37.6208 ] } },
{ "type": "Feature", "properties": { "id": "537", "CONTENTS_NAME": "소망공인중개사사무소", "ADDR_OLD": "서울특별시 은평구 불광동 313-12", "ADDR_NEW": "서울특별시 은평구 통일로80길 25-1", "TEL_NO": "353-8946", "시설대분류": "생활편의업소", "시설구분": null, "편의시설 구분": null, "경사로지원상태": "정보없음", "자동문정보": "정보없음", "경사로 설치 여부": null, "이동식 경사로 설치 여부": null, "자동문 설치 여부": null, "점자표지판 설치 여부": null, "점자 메뉴판 설치 여부": null, "의사소통판 설치 여부": null, "경사도": null, "영업시간": null, "버스번호": null, "버스정보": null, "평일운영시간": null, "토요일운영시간": null, "상세위치": null, "최적경로": null, "대표점변환여부": false, "원본Geometry유형": "Point" }, "geometry": { "type": "Point", "coordinates": [ 126.9233, 37.6208 ] } },
{ "type": "Feature", "properties": { "id": "301", "CONTENTS_NAME": "삼원공인중개사사무소", "ADDR_OLD": "서울특별시 은평구 불광동 367-14", "ADDR_NEW": "서울특별시 은평구 연서로31길 12", "TEL_NO": "359-8945", "시설대분류": "생활편의업소", "시설구분": null, "편의시설 구분": null, "경사로지원상태": "정보없음", "자동문정보": "정보없음", "경사로 설치 여부": null, "이동식 경사로 설치 여부": null, "자동문 설치 여부": null, "점자표지판 설치 여부": null, "점자 메뉴판 설치 여부": null, "의사소통판 설치 여부": null, "경사도": null, "영업시간": null, "버스번호": null, "버스정보": null, "평일운영시간": null, "토요일운영시간": null, "상세위치": null, "최적경로": null, "대표점변환여부": false, "원본Geometry유형": "Point" }, "geometry": { "type": "Point", "coordinates": [ 126.9238, 37.621 ] } },
{ "type": "Feature", "properties": { "id": "245", "CONTENTS_NAME": "상지공인중개사사무소", "ADDR_OLD": "서울특별시 은평구 불광동 357-8", "ADDR_NEW": "서울특별시 은평구 연서로33길 4-1", "TEL_NO": "02-351-3326, 02-351-3327", "시설대분류": "생활편의업소", "시설구분": null, "편의시설 구분": null, "경사로지원상태": "정보없음", "자동문정보": "정보없음", "경사로 설치 여부": null, "이동식 경사로 설치 여부": null, "자동문 설치 여부": null, "점자표지판 설치 여부": null, "점자 메뉴판 설치 여부": null, "의사소통판 설치 여부": null, "경사도": null, "영업시간": null, "버스번호": null, "버스정보": null, "평일운영시간": null, "토요일운영시간": null, "상세위치": null, "최적경로": null, "대표점변환여부": false, "원본Geometry유형": "Point" }, "geometry": { "type": "Point", "coordinates": [ 126.9247, 37.6211 ] } },
{ "type": "Feature", "properties": { "id": "586", "CONTENTS_NAME": "하나로약국", "ADDR_OLD": "서울특별시 은평구 불광동 356-29", "ADDR_NEW": "서울특별시 은평구 연서로 277-1", "TEL_NO": "02-388-6397", "시설대분류": "접근성조사시설", "시설구분": "약국", "편의시설 구분": null, "경사로지원상태": "고정경사로 설치", "자동문정보": "자동문 미설치", "경사로 설치 여부": "설치", "이동식 경사로 설치 여부": "미설치", "자동문 설치 여부": "미 설치", "점자표지판 설치 여부": "미설치", "점자 메뉴판 설치 여부": "미설치", "의사소통판 설치 여부": "미설치", "경사도": null, "영업시간": null, "버스번호": null, "버스정보": null, "평일운영시간": null, "토요일운영시간": null, "상세위치": null, "최적경로": null, "대표점변환여부": false, "원본Geometry유형": "Point" }, "geometry": { "type": "Point", "coordinates": [ 126.9252, 37.6212 ] } },
{ "type": "Feature", "properties": { "id": "506", "CONTENTS_NAME": "그린공인중개사사무소", "ADDR_OLD": "서울특별시 은평구 불광동 365-4", "ADDR_NEW": "서울특별시 은평구 연서로33길 10", "TEL_NO": "384-9007", "시설대분류": "생활편의업소", "시설구분": null, "편의시설 구분": null, "경사로지원상태": "정보없음", "자동문정보": "정보없음", "경사로 설치 여부": null, "이동식 경사로 설치 여부": null, "자동문 설치 여부": null, "점자표지판 설치 여부": null, "점자 메뉴판 설치 여부": null, "의사소통판 설치 여부": null, "경사도": null, "영업시간": null, "버스번호": null, "버스정보": null, "평일운영시간": null, "토요일운영시간": null, "상세위치": null, "최적경로": null, "대표점변환여부": false, "원본Geometry유형": "Point" }, "geometry": { "type": "Point", "coordinates": [ 126.9244, 37.6215 ] } },
{ "type": "Feature", "properties": { "id": "358", "CONTENTS_NAME": "포도원복지센터", "ADDR_OLD": "서울특별시 은평구 불광동 445-385", "ADDR_NEW": "서울특별시 은평구 연서로41가길 24-3", "TEL_NO": "", "시설대분류": "접근성조사시설", "시설구분": "거주시설(단기보호시설)", "편의시설 구분": null, "경사로지원상태": "정보없음", "자동문정보": "정보없음", "경사로 설치 여부": null, "이동식 경사로 설치 여부": null, "자동문 설치 여부": null, "점자표지판 설치 여부": null, "점자 메뉴판 설치 여부": null, "의사소통판 설치 여부": null, "경사도": null, "영업시간": null, "버스번호": null, "버스정보": null, "평일운영시간": null, "토요일운영시간": null, "상세위치": null, "최적경로": null, "대표점변환여부": false, "원본Geometry유형": "Point" }, "geometry": { "type": "Point", "coordinates": [ 126.9254, 37.626 ] } },
{ "type": "Feature", "properties": { "id": "527", "CONTENTS_NAME": "준공인중개사사무소", "ADDR_OLD": "서울특별시 은평구 불광동 445-350", "ADDR_NEW": "서울특별시 은평구 통일로92길 35-1", "TEL_NO": "02-355-5520", "시설대분류": "생활편의업소", "시설구분": null, "편의시설 구분": null, "경사로지원상태": "정보없음", "자동문정보": "정보없음", "경사로 설치 여부": null, "이동식 경사로 설치 여부": null, "자동문 설치 여부": null, "점자표지판 설치 여부": null, "점자 메뉴판 설치 여부": null, "의사소통판 설치 여부": null, "경사도": null, "영업시간": null, "버스번호": null, "버스정보": null, "평일운영시간": null, "토요일운영시간": null, "상세위치": null, "최적경로": null, "대표점변환여부": false, "원본Geometry유형": "Point" }, "geometry": { "type": "Point", "coordinates": [ 126.9237, 37.626 ] } },
{ "type": "Feature", "properties": { "id": "457", "CONTENTS_NAME": "방주공인중개사사무소", "ADDR_OLD": "서울특별시 은평구 불광동 146-6", "ADDR_NEW": "서울특별시 은평구 연서로34길 31", "TEL_NO": "02-357-8282", "시설대분류": "생활편의업소", "시설구분": null, "편의시설 구분": null, "경사로지원상태": "정보없음", "자동문정보": "정보없음", "경사로 설치 여부": null, "이동식 경사로 설치 여부": null, "자동문 설치 여부": null, "점자표지판 설치 여부": null, "점자 메뉴판 설치 여부": null, "의사소통판 설치 여부": null, "경사도": null, "영업시간": "10:00 ~ 18:00", "버스번호": null, "버스정보": null, "평일운영시간": null, "토요일운영시간": null, "상세위치": null, "최적경로": null, "대표점변환여부": false, "원본Geometry유형": "Point" }, "geometry": { "type": "Point", "coordinates": [ 126.9294, 37.6221 ] } },
{ "type": "Feature", "properties": { "id": "354", "CONTENTS_NAME": "37. 불광중학교", "ADDR_OLD": "서울특별시 은평구 불광동  177-21", "ADDR_NEW": "", "TEL_NO": "02-385-1351", "시설대분류": "셔틀버스정류장", "시설구분": null, "편의시설 구분": null, "경사로지원상태": "정보없음", "자동문정보": "정보없음", "경사로 설치 여부": null, "이동식 경사로 설치 여부": null, "자동문 설치 여부": null, "점자표지판 설치 여부": null, "점자 메뉴판 설치 여부": null, "의사소통판 설치 여부": null, "경사도": null, "영업시간": null, "버스번호": "12-1번", "버스정보": "전기 저상버스, 휠체어 탑승 가능, 토요일은 1회, 2회만 운영, 일요일 및 공휴일 미운영", "평일운영시간": null, "토요일운영시간": null, "상세위치": null, "최적경로": null, "대표점변환여부": false, "원본Geometry유형": "Point" }, "geometry": { "type": "Point", "coordinates": [ 126.9305, 37.6222 ] } },
{ "type": "Feature", "properties": { "id": "577", "CONTENTS_NAME": "공화춘", "ADDR_OLD": "서울특별시 은평구 불광동 123-11", "ADDR_NEW": "서울특별시 은평구 연서로 304", "TEL_NO": "02-352-7710", "시설대분류": "접근성조사시설", "시설구분": "음식점", "편의시설 구분": null, "경사로지원상태": "고정경사로 설치", "자동문정보": "자동문 미설치", "경사로 설치 여부": "설치", "이동식 경사로 설치 여부": "미설치", "자동문 설치 여부": "미 설치", "점자표지판 설치 여부": "미설치", "점자 메뉴판 설치 여부": "미설치", "의사소통판 설치 여부": "미설치", "경사도": null, "영업시간": null, "버스번호": null, "버스정보": null, "평일운영시간": null, "토요일운영시간": null, "상세위치": null, "최적경로": null, "대표점변환여부": false, "원본Geometry유형": "Point" }, "geometry": { "type": "Point", "coordinates": [ 126.9273, 37.6225 ] } },
{ "type": "Feature", "properties": { "id": "401", "CONTENTS_NAME": "불광작은예수의집", "ADDR_OLD": "서울특별시 은평구 불광동 436-34", "ADDR_NEW": "서울특별시 은평구 연서로37길 21-5", "TEL_NO": "02-355-0877", "시설대분류": "접근성조사시설", "시설구분": "거주시설(단기보호시설)", "편의시설 구분": null, "경사로지원상태": "정보없음", "자동문정보": "정보없음", "경사로 설치 여부": null, "이동식 경사로 설치 여부": null, "자동문 설치 여부": null, "점자표지판 설치 여부": null, "점자 메뉴판 설치 여부": null, "의사소통판 설치 여부": null, "경사도": null, "영업시간": null, "버스번호": null, "버스정보": null, "평일운영시간": null, "토요일운영시간": null, "상세위치": null, "최적경로": null, "대표점변환여부": false, "원본Geometry유형": "Point" }, "geometry": { "type": "Point", "coordinates": [ 126.9262, 37.6234 ] } },
{ "type": "Feature", "properties": { "id": "429", "CONTENTS_NAME": "장원축산고기마트", "ADDR_OLD": "서울특별시 은평구 불광동 102-13", "ADDR_NEW": "서울특별시 은평구 연서로 325", "TEL_NO": "0507-1408-8627", "시설대분류": "접근성조사시설", "시설구분": "정육점", "편의시설 구분": null, "경사로지원상태": "고정경사로 설치", "자동문정보": "자동문 미설치", "경사로 설치 여부": "설치", "이동식 경사로 설치 여부": "미설치", "자동문 설치 여부": "미 설치", "점자표지판 설치 여부": "미설치", "점자 메뉴판 설치 여부": "미설치", "의사소통판 설치 여부": "미설치", "경사도": null, "영업시간": null, "버스번호": null, "버스정보": null, "평일운영시간": null, "토요일운영시간": null, "상세위치": null, "최적경로": null, "대표점변환여부": false, "원본Geometry유형": "Point" }, "geometry": { "type": "Point", "coordinates": [ 126.9282, 37.6244 ] } },
{ "type": "Feature", "properties": { "id": "304", "CONTENTS_NAME": "허브공인중개사사무소", "ADDR_OLD": "서울특별시 은평구 불광동 90-62", "ADDR_NEW": "서울특별시 은평구 연서로 335", "TEL_NO": "356-5151", "시설대분류": "생활편의업소", "시설구분": null, "편의시설 구분": null, "경사로지원상태": "정보없음", "자동문정보": "정보없음", "경사로 설치 여부": null, "이동식 경사로 설치 여부": null, "자동문 설치 여부": null, "점자표지판 설치 여부": null, "점자 메뉴판 설치 여부": null, "의사소통판 설치 여부": null, "경사도": null, "영업시간": null, "버스번호": null, "버스정보": null, "평일운영시간": null, "토요일운영시간": null, "상세위치": null, "최적경로": null, "대표점변환여부": false, "원본Geometry유형": "Point" }, "geometry": { "type": "Point", "coordinates": [ 126.9287, 37.6253 ] } },
{ "type": "Feature", "properties": { "id": "77", "CONTENTS_NAME": "불광2동주민센터", "ADDR_OLD": "서울특별시 은평구 불광동 81-2", "ADDR_NEW": "서울특별시 은평구 연서로41길 18", "TEL_NO": "02-351-5062", "시설대분류": "전동휠체어충전소", "시설구분": null, "편의시설 구분": null, "경사로지원상태": "정보없음", "자동문정보": "정보없음", "경사로 설치 여부": null, "이동식 경사로 설치 여부": null, "자동문 설치 여부": null, "점자표지판 설치 여부": null, "점자 메뉴판 설치 여부": null, "의사소통판 설치 여부": null, "경사도": null, "영업시간": null, "버스번호": null, "버스정보": null, "평일운영시간": "09시 ~ 18시", "토요일운영시간": "00시 ~ 24시", "상세위치": "민원실", "최적경로": null, "대표점변환여부": false, "원본Geometry유형": "Point" }, "geometry": { "type": "Point", "coordinates": [ 126.9273, 37.6264 ] } },
{ "type": "Feature", "properties": { "id": "356", "CONTENTS_NAME": "39. 은평경찰서", "ADDR_OLD": "서울특별시 은평구 불광동  산 19-8", "ADDR_NEW": "", "TEL_NO": "02-385-1351", "시설대분류": "셔틀버스정류장", "시설구분": null, "편의시설 구분": null, "경사로지원상태": "정보없음", "자동문정보": "정보없음", "경사로 설치 여부": null, "이동식 경사로 설치 여부": null, "자동문 설치 여부": null, "점자표지판 설치 여부": null, "점자 메뉴판 설치 여부": null, "의사소통판 설치 여부": null, "경사도": null, "영업시간": null, "버스번호": "12-1번", "버스정보": "전기 저상버스, 휠체어 탑승 가능, 토요일은 1회, 2회만 운영, 일요일 및 공휴일 미운영", "평일운영시간": null, "토요일운영시간": null, "상세위치": null, "최적경로": null, "대표점변환여부": false, "원본Geometry유형": "Point" }, "geometry": { "type": "Point", "coordinates": [ 126.9295, 37.6281 ] } },
{ "type": "Feature", "properties": { "id": "312", "CONTENTS_NAME": "02.  은평경찰서", "ADDR_OLD": "서울특별시 은평구 불광동  산 24-1", "ADDR_NEW": "", "TEL_NO": "02-385-1351", "시설대분류": "셔틀버스정류장", "시설구분": null, "편의시설 구분": null, "경사로지원상태": "정보없음", "자동문정보": "정보없음", "경사로 설치 여부": null, "이동식 경사로 설치 여부": null, "자동문 설치 여부": null, "점자표지판 설치 여부": null, "점자 메뉴판 설치 여부": null, "의사소통판 설치 여부": null, "경사도": null, "영업시간": null, "버스번호": "12번", "버스정보": "전기 저상버스, 휠체어 탑승 가능, 토요일은 1회, 2회만 운영, 일요일 및 공휴일 미운영", "평일운영시간": null, "토요일운영시간": null, "상세위치": null, "최적경로": null, "대표점변환여부": false, "원본Geometry유형": "Point" }, "geometry": { "type": "Point", "coordinates": [ 126.9293, 37.6282 ] } },
{ "type": "Feature", "properties": { "id": "311", "CONTENTS_NAME": "01.  시립은평노인종합복지관", "ADDR_OLD": "서울특별시 은평구 진관동  140-3", "ADDR_NEW": "", "TEL_NO": "02-385-1351", "시설대분류": "셔틀버스정류장", "시설구분": null, "편의시설 구분": null, "경사로지원상태": "정보없음", "자동문정보": "정보없음", "경사로 설치 여부": null, "이동식 경사로 설치 여부": null, "자동문 설치 여부": null, "점자표지판 설치 여부": null, "점자 메뉴판 설치 여부": null, "의사소통판 설치 여부": null, "경사도": null, "영업시간": null, "버스번호": "12번", "버스정보": "전기 저상버스, 휠체어 탑승 가능, 토요일은 1회, 2회만 운영, 일요일 및 공휴일 미운영", "평일운영시간": null, "토요일운영시간": null, "상세위치": null, "최적경로": null, "대표점변환여부": false, "원본Geometry유형": "Point" }, "geometry": { "type": "Point", "coordinates": [ 126.931, 37.6314 ] } },
{ "type": "Feature", "properties": { "id": "353", "CONTENTS_NAME": "36. 독바위역 ", "ADDR_OLD": "서울특별시 은평구 불광동  13-6", "ADDR_NEW": "", "TEL_NO": "02-385-1351", "시설대분류": "셔틀버스정류장", "시설구분": null, "편의시설 구분": null, "경사로지원상태": "정보없음", "자동문정보": "정보없음", "경사로 설치 여부": null, "이동식 경사로 설치 여부": null, "자동문 설치 여부": null, "점자표지판 설치 여부": null, "점자 메뉴판 설치 여부": null, "의사소통판 설치 여부": null, "경사도": null, "영업시간": null, "버스번호": "12-1번", "버스정보": "전기 저상버스, 휠체어 탑승 가능, 토요일은 1회, 2회만 운영, 일요일 및 공휴일 미운영", "평일운영시간": null, "토요일운영시간": null, "상세위치": null, "최적경로": null, "대표점변환여부": false, "원본Geometry유형": "Point" }, "geometry": { "type": "Point", "coordinates": [ 126.9332, 37.6181 ] } },
{ "type": "Feature", "properties": { "id": "115", "CONTENTS_NAME": "힐스테이트공인중개사사무소", "ADDR_OLD": "서울특별시 은평구 불광동 641", "ADDR_NEW": "서울특별시 은평구 불광로 122-10", "TEL_NO": "02-353-9988", "시설대분류": "생활편의업소", "시설구분": null, "편의시설 구분": null, "경사로지원상태": "정보없음", "자동문정보": "정보없음", "경사로 설치 여부": null, "이동식 경사로 설치 여부": null, "자동문 설치 여부": null, "점자표지판 설치 여부": null, "점자 메뉴판 설치 여부": null, "의사소통판 설치 여부": null, "경사도": null, "영업시간": "10:00 ~ 19:00", "버스번호": null, "버스정보": null, "평일운영시간": null, "토요일운영시간": null, "상세위치": null, "최적경로": null, "대표점변환여부": false, "원본Geometry유형": "Point" }, "geometry": { "type": "Point", "coordinates": [ 126.9338, 37.6182 ] } },
{ "type": "Feature", "properties": { "id": "114", "CONTENTS_NAME": "온누리(단지내)공인중개사사무소", "ADDR_OLD": "서울특별시 은평구 불광동 641", "ADDR_NEW": "서울특별시 은평구 불광로 122-10", "TEL_NO": "02-389-0606", "시설대분류": "생활편의업소", "시설구분": null, "편의시설 구분": null, "경사로지원상태": "정보없음", "자동문정보": "정보없음", "경사로 설치 여부": null, "이동식 경사로 설치 여부": null, "자동문 설치 여부": null, "점자표지판 설치 여부": null, "점자 메뉴판 설치 여부": null, "의사소통판 설치 여부": null, "경사도": null, "영업시간": null, "버스번호": null, "버스정보": null, "평일운영시간": null, "토요일운영시간": null, "상세위치": null, "최적경로": null, "대표점변환여부": false, "원본Geometry유형": "Point" }, "geometry": { "type": "Point", "coordinates": [ 126.9337, 37.6183 ] } },
{ "type": "Feature", "properties": { "id": "87", "CONTENTS_NAME": "독바위역", "ADDR_OLD": "서울특별시 은평구 불광동 13-33", "ADDR_NEW": "서울특별시 은평구 불광로 129-1", "TEL_NO": "02-6311-6131", "시설대분류": "전동휠체어충전소", "시설구분": null, "편의시설 구분": null, "경사로지원상태": "정보없음", "자동문정보": "정보없음", "경사로 설치 여부": null, "이동식 경사로 설치 여부": null, "자동문 설치 여부": null, "점자표지판 설치 여부": null, "점자 메뉴판 설치 여부": null, "의사소통판 설치 여부": null, "경사도": null, "영업시간": null, "버스번호": null, "버스정보": null, "평일운영시간": "00시 ~ 24시", "토요일운영시간": "00시 ~ 24시", "상세위치": "B1층 엘리베이터 옆", "최적경로": null, "대표점변환여부": false, "원본Geometry유형": "Point" }, "geometry": { "type": "Point", "coordinates": [ 126.9328, 37.6184 ] } },
{ "type": "Feature", "properties": { "id": "314", "CONTENTS_NAME": "04.  독바위역  1번출구", "ADDR_OLD": "서울특별시 은평구 불광동  13-6", "ADDR_NEW": "", "TEL_NO": "02-385-1351", "시설대분류": "셔틀버스정류장", "시설구분": null, "편의시설 구분": null, "경사로지원상태": "정보없음", "자동문정보": "정보없음", "경사로 설치 여부": null, "이동식 경사로 설치 여부": null, "자동문 설치 여부": null, "점자표지판 설치 여부": null, "점자 메뉴판 설치 여부": null, "의사소통판 설치 여부": null, "경사도": null, "영업시간": null, "버스번호": "12번", "버스정보": "전기 저상버스, 휠체어 탑승 가능, 토요일은 1회, 2회만 운영, 일요일 및 공휴일 미운영", "평일운영시간": null, "토요일운영시간": null, "상세위치": null, "최적경로": null, "대표점변환여부": false, "원본Geometry유형": "Point" }, "geometry": { "type": "Point", "coordinates": [ 126.933, 37.6185 ] } },
{ "type": "Feature", "properties": { "id": "585", "CONTENTS_NAME": "제일공인중개사사무소", "ADDR_OLD": "서울특별시 은평구 불광동 221-1", "ADDR_NEW": "서울특별시 은평구 불광로 137", "TEL_NO": "02-355-1143", "시설대분류": "생활편의업소", "시설구분": null, "편의시설 구분": null, "경사로지원상태": "정보없음", "자동문정보": "정보없음", "경사로 설치 여부": null, "이동식 경사로 설치 여부": null, "자동문 설치 여부": null, "점자표지판 설치 여부": null, "점자 메뉴판 설치 여부": null, "의사소통판 설치 여부": null, "경사도": null, "영업시간": "10:00 ~ 19:00", "버스번호": null, "버스정보": null, "평일운영시간": null, "토요일운영시간": null, "상세위치": null, "최적경로": null, "대표점변환여부": false, "원본Geometry유형": "Point" }, "geometry": { "type": "Point", "coordinates": [ 126.9325, 37.6189 ] } },
{ "type": "Feature", "properties": { "id": "313", "CONTENTS_NAME": "03.  불광중학교", "ADDR_OLD": "서울특별시 은평구 불광동  177-3", "ADDR_NEW": "서울특별시 은평구 불광로 179-6", "TEL_NO": "02-385-1351", "시설대분류": "셔틀버스정류장", "시설구분": null, "편의시설 구분": null, "경사로지원상태": "정보없음", "자동문정보": "정보없음", "경사로 설치 여부": null, "이동식 경사로 설치 여부": null, "자동문 설치 여부": null, "점자표지판 설치 여부": null, "점자 메뉴판 설치 여부": null, "의사소통판 설치 여부": null, "경사도": null, "영업시간": null, "버스번호": "12번", "버스정보": "전기 저상버스, 휠체어 탑승 가능, 토요일은 1회, 2회만 운영, 일요일 및 공휴일 미운영", "평일운영시간": null, "토요일운영시간": null, "상세위치": null, "최적경로": null, "대표점변환여부": false, "원본Geometry유형": "Point" }, "geometry": { "type": "Point", "coordinates": [ 126.9311, 37.6226 ] } },
{ "type": "Feature", "properties": { "id": "252", "CONTENTS_NAME": "아침공인중개사사무소", "ADDR_OLD": "서울특별시 은평구 진관동 140", "ADDR_NEW": "서울특별시 은평구 연서로44길 7, 412동 (진관동, 은평뉴타운 폭포동)", "TEL_NO": "02-388-5002", "시설대분류": "생활편의업소", "시설구분": null, "편의시설 구분": null, "경사로지원상태": "정보없음", "자동문정보": "정보없음", "경사로 설치 여부": null, "이동식 경사로 설치 여부": null, "자동문 설치 여부": null, "점자표지판 설치 여부": null, "점자 메뉴판 설치 여부": null, "의사소통판 설치 여부": null, "경사도": null, "영업시간": null, "버스번호": null, "버스정보": null, "평일운영시간": null, "토요일운영시간": null, "상세위치": null, "최적경로": null, "대표점변환여부": false, "원본Geometry유형": "Point" }, "geometry": { "type": "Point", "coordinates": [ 126.932, 37.6291 ] } },
{ "type": "Feature", "properties": { "id": "325", "CONTENTS_NAME": "01. 시립은평노인종합복지관", "ADDR_OLD": "서울특별시 은평구 진관동  140-8", "ADDR_NEW": "", "TEL_NO": "02-385-1351", "시설대분류": "셔틀버스정류장", "시설구분": null, "편의시설 구분": null, "경사로지원상태": "정보없음", "자동문정보": "정보없음", "경사로 설치 여부": null, "이동식 경사로 설치 여부": null, "자동문 설치 여부": null, "점자표지판 설치 여부": null, "점자 메뉴판 설치 여부": null, "의사소통판 설치 여부": null, "경사도": null, "영업시간": null, "버스번호": "12-1번", "버스정보": "전기 저상버스, 휠체어 탑승 가능, 토요일은 1회, 2회만 운영, 일요일 및 공휴일 미운영", "평일운영시간": null, "토요일운영시간": null, "상세위치": null, "최적경로": null, "대표점변환여부": false, "원본Geometry유형": "Point" }, "geometry": { "type": "Point", "coordinates": [ 126.9316, 37.6323 ] } },
{ "type": "Feature", "properties": { "id": "324", "CONTENTS_NAME": "38.  은평뉴타운  5단지  530동", "ADDR_OLD": "서울특별시 은평구 진관동  154-2", "ADDR_NEW": "", "TEL_NO": "02-385-1351", "시설대분류": "셔틀버스정류장", "시설구분": null, "편의시설 구분": null, "경사로지원상태": "정보없음", "자동문정보": "정보없음", "경사로 설치 여부": null, "이동식 경사로 설치 여부": null, "자동문 설치 여부": null, "점자표지판 설치 여부": null, "점자 메뉴판 설치 여부": null, "의사소통판 설치 여부": null, "경사도": null, "영업시간": null, "버스번호": "12번", "버스정보": "전기 저상버스, 휠체어 탑승 가능, 토요일은 1회, 2회만 운영, 일요일 및 공휴일 미운영", "평일운영시간": null, "토요일운영시간": null, "상세위치": null, "최적경로": null, "대표점변환여부": false, "원본Geometry유형": "Point" }, "geometry": { "type": "Point", "coordinates": [ 126.9344, 37.6368 ] } },
{ "type": "Feature", "properties": { "id": "409", "CONTENTS_NAME": "미래부동산", "ADDR_OLD": "서울특별시 은평구 진관동 105", "ADDR_NEW": "서울특별시 은평구 진관2로 60, 324동 (진관동, 은평뉴타운 마고정)", "TEL_NO": "02-355-0026", "시설대분류": "접근성조사시설", "시설구분": "부동산", "편의시설 구분": null, "경사로지원상태": "고정경사로 설치", "자동문정보": "자동문 미설치", "경사로 설치 여부": "설치", "이동식 경사로 설치 여부": "미설치", "자동문 설치 여부": "미 설치", "점자표지판 설치 여부": "미설치", "점자 메뉴판 설치 여부": "미설치", "의사소통판 설치 여부": "미설치", "경사도": null, "영업시간": null, "버스번호": null, "버스정보": null, "평일운영시간": null, "토요일운영시간": null, "상세위치": null, "최적경로": null, "대표점변환여부": false, "원본Geometry유형": "Point" }, "geometry": { "type": "Point", "coordinates": [ 126.9246, 37.634 ] } },
{ "type": "Feature", "properties": { "id": "563", "CONTENTS_NAME": "미래공인중개사사무소", "ADDR_OLD": "서울특별시 은평구 진관동 105", "ADDR_NEW": "서울특별시 은평구 진관2로 60, 324동 (진관동, 은평뉴타운 마고정)", "TEL_NO": "355-0026", "시설대분류": "생활편의업소", "시설구분": null, "편의시설 구분": null, "경사로지원상태": "정보없음", "자동문정보": "정보없음", "경사로 설치 여부": null, "이동식 경사로 설치 여부": null, "자동문 설치 여부": null, "점자표지판 설치 여부": null, "점자 메뉴판 설치 여부": null, "의사소통판 설치 여부": null, "경사도": null, "영업시간": null, "버스번호": null, "버스정보": null, "평일운영시간": null, "토요일운영시간": null, "상세위치": null, "최적경로": null, "대표점변환여부": false, "원본Geometry유형": "Point" }, "geometry": { "type": "Point", "coordinates": [ 126.9244, 37.634 ] } },
{ "type": "Feature", "properties": { "id": "515", "CONTENTS_NAME": "33.  은평뉴타운  9단지  /  롯데캐슬", "ADDR_OLD": "서울특별시 은평구 진관동  20-4", "ADDR_NEW": "", "TEL_NO": "02-385-1351", "시설대분류": "셔틀버스정류장", "시설구분": null, "편의시설 구분": null, "경사로지원상태": "정보없음", "자동문정보": "정보없음", "경사로 설치 여부": null, "이동식 경사로 설치 여부": null, "자동문 설치 여부": null, "점자표지판 설치 여부": null, "점자 메뉴판 설치 여부": null, "의사소통판 설치 여부": null, "경사도": null, "영업시간": null, "버스번호": "12번", "버스정보": "전기 저상버스, 휠체어 탑승 가능, 토요일은 1회, 2회만 운영, 일요일 및 공휴일 미운영", "평일운영시간": null, "토요일운영시간": null, "상세위치": null, "최적경로": null, "대표점변환여부": false, "원본Geometry유형": "Point" }, "geometry": { "type": "Point", "coordinates": [ 126.9218, 37.6419 ] } },
{ "type": "Feature", "properties": { "id": "594", "CONTENTS_NAME": "연세참소아청소년과", "ADDR_OLD": "서울특별시 은평구 진관동 20", "ADDR_NEW": "서울특별시 은평구 진관3로 70, 821동 (진관동, 은평뉴타운상림마을)", "TEL_NO": "02-357-3388", "시설대분류": "접근성조사시설", "시설구분": "의원", "편의시설 구분": null, "경사로지원상태": "고정경사로 설치", "자동문정보": "자동문 미설치", "경사로 설치 여부": "설치", "이동식 경사로 설치 여부": "미설치", "자동문 설치 여부": "미 설치", "점자표지판 설치 여부": "미설치", "점자 메뉴판 설치 여부": "미설치", "의사소통판 설치 여부": "미설치", "경사도": null, "영업시간": null, "버스번호": null, "버스정보": null, "평일운영시간": null, "토요일운영시간": null, "상세위치": null, "최적경로": null, "대표점변환여부": false, "원본Geometry유형": "Point" }, "geometry": { "type": "Point", "coordinates": [ 126.9223, 37.6429 ] } },
{ "type": "Feature", "properties": { "id": "422", "CONTENTS_NAME": "온누리부동산", "ADDR_OLD": "서울특별시 은평구 진관동 20", "ADDR_NEW": "서울특별시 은평구 진관3로 70, 821동 (진관동, 은평뉴타운상림마을)", "TEL_NO": "02-385-1600", "시설대분류": "접근성조사시설", "시설구분": "부동산", "편의시설 구분": null, "경사로지원상태": "고정경사로 설치", "자동문정보": "자동문 미설치", "경사로 설치 여부": "설치", "이동식 경사로 설치 여부": "미설치", "자동문 설치 여부": "미 설치", "점자표지판 설치 여부": "미설치", "점자 메뉴판 설치 여부": "미설치", "의사소통판 설치 여부": "미설치", "경사도": null, "영업시간": null, "버스번호": null, "버스정보": null, "평일운영시간": null, "토요일운영시간": null, "상세위치": null, "최적경로": null, "대표점변환여부": false, "원본Geometry유형": "Point" }, "geometry": { "type": "Point", "coordinates": [ 126.9223, 37.6429 ] } },
{ "type": "Feature", "properties": { "id": "396", "CONTENTS_NAME": "롯데부동산", "ADDR_OLD": "서울특별시 은평구 진관동 20", "ADDR_NEW": "서울특별시 은평구 진관3로 70, 821동 (진관동, 은평뉴타운상림마을)", "TEL_NO": "02-355-0029", "시설대분류": "접근성조사시설", "시설구분": "부동산", "편의시설 구분": null, "경사로지원상태": "고정경사로 설치", "자동문정보": "자동문 미설치", "경사로 설치 여부": "설치", "이동식 경사로 설치 여부": "미설치", "자동문 설치 여부": "미 설치", "점자표지판 설치 여부": "미설치", "점자 메뉴판 설치 여부": "미설치", "의사소통판 설치 여부": "미설치", "경사도": null, "영업시간": null, "버스번호": null, "버스정보": null, "평일운영시간": null, "토요일운영시간": null, "상세위치": null, "최적경로": null, "대표점변환여부": false, "원본Geometry유형": "Point" }, "geometry": { "type": "Point", "coordinates": [ 126.9223, 37.6429 ] } },
{ "type": "Feature", "properties": { "id": "391", "CONTENTS_NAME": "니트의매력", "ADDR_OLD": "서울특별시 은평구 진관동 20", "ADDR_NEW": "서울특별시 은평구 진관3로 70, 821동 (진관동, 은평뉴타운상림마을)", "TEL_NO": "0507-1321-1491", "시설대분류": "접근성조사시설", "시설구분": "잡화점", "편의시설 구분": null, "경사로지원상태": "고정경사로 설치", "자동문정보": "자동문 미설치", "경사로 설치 여부": "설치", "이동식 경사로 설치 여부": "미설치", "자동문 설치 여부": "미 설치", "점자표지판 설치 여부": "미설치", "점자 메뉴판 설치 여부": "미설치", "의사소통판 설치 여부": "미설치", "경사도": null, "영업시간": null, "버스번호": null, "버스정보": null, "평일운영시간": null, "토요일운영시간": null, "상세위치": null, "최적경로": null, "대표점변환여부": false, "원본Geometry유형": "Point" }, "geometry": { "type": "Point", "coordinates": [ 126.9223, 37.6429 ] } },
{ "type": "Feature", "properties": { "id": "390", "CONTENTS_NAME": "나나공인중개사", "ADDR_OLD": "서울특별시 은평구 진관동 20", "ADDR_NEW": "서울특별시 은평구 진관3로 70, 821동 (진관동, 은평뉴타운상림마을)", "TEL_NO": "02-3210-4800", "시설대분류": "접근성조사시설", "시설구분": "부동산", "편의시설 구분": null, "경사로지원상태": "고정경사로 설치", "자동문정보": "자동문 미설치", "경사로 설치 여부": "설치", "이동식 경사로 설치 여부": "미설치", "자동문 설치 여부": "미 설치", "점자표지판 설치 여부": "미설치", "점자 메뉴판 설치 여부": "미설치", "의사소통판 설치 여부": "미설치", "경사도": null, "영업시간": null, "버스번호": null, "버스정보": null, "평일운영시간": null, "토요일운영시간": null, "상세위치": null, "최적경로": null, "대표점변환여부": false, "원본Geometry유형": "Point" }, "geometry": { "type": "Point", "coordinates": [ 126.9223, 37.6429 ] } },
{ "type": "Feature", "properties": { "id": "16", "CONTENTS_NAME": "다봄공인중개사사무소", "ADDR_OLD": "서울특별시 은평구 진관동 20", "ADDR_NEW": "서울특별시 은평구 진관3로 70", "TEL_NO": "02-355-4300", "시설대분류": "생활편의업소", "시설구분": null, "편의시설 구분": null, "경사로지원상태": "정보없음", "자동문정보": "정보없음", "경사로 설치 여부": null, "이동식 경사로 설치 여부": null, "자동문 설치 여부": null, "점자표지판 설치 여부": null, "점자 메뉴판 설치 여부": null, "의사소통판 설치 여부": null, "경사도": null, "영업시간": null, "버스번호": null, "버스정보": null, "평일운영시간": null, "토요일운영시간": null, "상세위치": null, "최적경로": null, "대표점변환여부": false, "원본Geometry유형": "Point" }, "geometry": { "type": "Point", "coordinates": [ 126.9223, 37.643 ] } },
{ "type": "Feature", "properties": { "id": "444", "CONTENTS_NAME": "햇살약국", "ADDR_OLD": "서울특별시 은평구 진관동 19", "ADDR_NEW": "서울특별시 은평구 진관4로 17, 820동", "TEL_NO": "02-387-5358", "시설대분류": "접근성조사시설", "시설구분": "약국", "편의시설 구분": null, "경사로지원상태": "경사로 미설치", "자동문정보": "자동문 설치", "경사로 설치 여부": "미 설치", "이동식 경사로 설치 여부": "미설치", "자동문 설치 여부": "설치", "점자표지판 설치 여부": "미설치", "점자 메뉴판 설치 여부": "미설치", "의사소통판 설치 여부": "미설치", "경사도": null, "영업시간": null, "버스번호": null, "버스정보": null, "평일운영시간": null, "토요일운영시간": null, "상세위치": null, "최적경로": null, "대표점변환여부": false, "원본Geometry유형": "Point" }, "geometry": { "type": "Point", "coordinates": [ 126.9223, 37.6433 ] } },
{ "type": "Feature", "properties": { "id": "357", "CONTENTS_NAME": "40. 시립은평노인종합복지관", "ADDR_OLD": "서울특별시 은평구 진관동 156-6", "ADDR_NEW": "서울특별시 은평구 연서로 415", "TEL_NO": "02-385-1351", "시설대분류": "셔틀버스정류장", "시설구분": null, "편의시설 구분": null, "경사로지원상태": "정보없음", "자동문정보": "정보없음", "경사로 설치 여부": null, "이동식 경사로 설치 여부": null, "자동문 설치 여부": null, "점자표지판 설치 여부": null, "점자 메뉴판 설치 여부": null, "의사소통판 설치 여부": null, "경사도": null, "영업시간": null, "버스번호": "12-1번", "버스정보": "전기 저상버스, 휠체어 탑승 가능, 토요일은 1회, 2회만 운영, 일요일 및 공휴일 미운영", "평일운영시간": null, "토요일운영시간": null, "상세위치": null, "최적경로": null, "대표점변환여부": false, "원본Geometry유형": "Point" }, "geometry": { "type": "Point", "coordinates": [ 126.9303, 37.632 ] } },
{ "type": "Feature", "properties": { "id": "476", "CONTENTS_NAME": "39.  시립은평노인종합복지관", "ADDR_OLD": "서울특별시 은평구 진관동  114", "ADDR_NEW": "서울특별시 은평구 연서로 415", "TEL_NO": "02-385-1351", "시설대분류": "셔틀버스정류장", "시설구분": null, "편의시설 구분": null, "경사로지원상태": "정보없음", "자동문정보": "정보없음", "경사로 설치 여부": null, "이동식 경사로 설치 여부": null, "자동문 설치 여부": null, "점자표지판 설치 여부": null, "점자 메뉴판 설치 여부": null, "의사소통판 설치 여부": null, "경사도": null, "영업시간": null, "버스번호": "12번", "버스정보": "전기 저상버스, 휠체어 탑승 가능, 토요일은 1회, 2회만 운영, 일요일 및 공휴일 미운영", "평일운영시간": null, "토요일운영시간": null, "상세위치": null, "최적경로": null, "대표점변환여부": false, "원본Geometry유형": "Point" }, "geometry": { "type": "Point", "coordinates": [ 126.9303, 37.6322 ] } },
{ "type": "Feature", "properties": { "id": "399", "CONTENTS_NAME": "은평노인종합복지관", "ADDR_OLD": "서울특별시 은평구 진관동 156-6", "ADDR_NEW": "서울특별시 은평구 연서로 415", "TEL_NO": "02-385-1351", "시설대분류": "전동휠체어충전소", "시설구분": null, "편의시설 구분": null, "경사로지원상태": "정보없음", "자동문정보": "정보없음", "경사로 설치 여부": null, "이동식 경사로 설치 여부": null, "자동문 설치 여부": null, "점자표지판 설치 여부": null, "점자 메뉴판 설치 여부": null, "의사소통판 설치 여부": null, "경사도": null, "영업시간": null, "버스번호": null, "버스정보": null, "평일운영시간": "09시 ~ 18시", "토요일운영시간": "00시 ~ 24시", "상세위치": "1층 입구", "최적경로": null, "대표점변환여부": false, "원본Geometry유형": "Point" }, "geometry": { "type": "Point", "coordinates": [ 126.93, 37.6323 ] } },
{ "type": "Feature", "properties": { "id": "68", "CONTENTS_NAME": "시립은평노인종합복지관", "ADDR_OLD": "서울특별시 은평구 진관동 114", "ADDR_NEW": "서울특별시 은평구 연서로 415", "TEL_NO": "02-385-1351", "시설대분류": "접근성조사시설", "시설구분": "어르신 복지시설", "편의시설 구분": null, "경사로지원상태": "정보없음", "자동문정보": "정보없음", "경사로 설치 여부": null, "이동식 경사로 설치 여부": null, "자동문 설치 여부": null, "점자표지판 설치 여부": null, "점자 메뉴판 설치 여부": null, "의사소통판 설치 여부": null, "경사도": null, "영업시간": null, "버스번호": null, "버스정보": null, "평일운영시간": null, "토요일운영시간": null, "상세위치": null, "최적경로": "연신내역 4번 출구에서 버스(7211번) 13분", "대표점변환여부": false, "원본Geometry유형": "Point" }, "geometry": { "type": "Point", "coordinates": [ 126.93, 37.6323 ] } },
{ "type": "Feature", "properties": { "id": "109", "CONTENTS_NAME": "고구마공인중개사사무소", "ADDR_OLD": "서울특별시 은평구 진관동 107", "ADDR_NEW": "서울특별시 은평구 진관2로 90", "TEL_NO": "02-387-8900", "시설대분류": "생활편의업소", "시설구분": null, "편의시설 구분": null, "경사로지원상태": "정보없음", "자동문정보": "정보없음", "경사로 설치 여부": null, "이동식 경사로 설치 여부": null, "자동문 설치 여부": null, "점자표지판 설치 여부": null, "점자 메뉴판 설치 여부": null, "의사소통판 설치 여부": null, "경사도": null, "영업시간": null, "버스번호": null, "버스정보": null, "평일운영시간": null, "토요일운영시간": null, "상세위치": null, "최적경로": null, "대표점변환여부": false, "원본Geometry유형": "Point" }, "geometry": { "type": "Point", "coordinates": [ 126.9289, 37.634 ] } },
{ "type": "Feature", "properties": { "id": "416", "CONTENTS_NAME": "애플부동산", "ADDR_OLD": "서울특별시 은평구 진관동 107", "ADDR_NEW": "서울특별시 은평구 진관2로 90, 321동 (진관동, 은평뉴타운 마고정)", "TEL_NO": "02-389-7996", "시설대분류": "접근성조사시설", "시설구분": "부동산", "편의시설 구분": null, "경사로지원상태": "고정경사로 설치", "자동문정보": "자동문 미설치", "경사로 설치 여부": "설치", "이동식 경사로 설치 여부": "미설치", "자동문 설치 여부": "미 설치", "점자표지판 설치 여부": "미설치", "점자 메뉴판 설치 여부": "미설치", "의사소통판 설치 여부": "미설치", "경사도": null, "영업시간": null, "버스번호": null, "버스정보": null, "평일운영시간": null, "토요일운영시간": null, "상세위치": null, "최적경로": null, "대표점변환여부": false, "원본Geometry유형": "Point" }, "geometry": { "type": "Point", "coordinates": [ 126.9263, 37.634 ] } },
{ "type": "Feature", "properties": { "id": "430", "CONTENTS_NAME": "정성임식탁", "ADDR_OLD": "서울특별시 은평구 진관동 107", "ADDR_NEW": "서울특별시 은평구 진관2로 90, 321동 (진관동, 은평뉴타운 마고정)", "TEL_NO": "02-324-1388", "시설대분류": "접근성조사시설", "시설구분": "음식점", "편의시설 구분": null, "경사로지원상태": "고정경사로 설치", "자동문정보": "자동문 미설치", "경사로 설치 여부": "설치", "이동식 경사로 설치 여부": "미설치", "자동문 설치 여부": "미 설치", "점자표지판 설치 여부": "미설치", "점자 메뉴판 설치 여부": "미설치", "의사소통판 설치 여부": "미설치", "경사도": null, "영업시간": null, "버스번호": null, "버스정보": null, "평일운영시간": null, "토요일운영시간": null, "상세위치": null, "최적경로": null, "대표점변환여부": false, "원본Geometry유형": "Point" }, "geometry": { "type": "Point", "coordinates": [ 126.9261, 37.634 ] } },
{ "type": "Feature", "properties": { "id": "105", "CONTENTS_NAME": "대한공인중개사사무소", "ADDR_OLD": "서울특별시 은평구 진관동 11", "ADDR_NEW": "서울특별시 은평구 진관4로 48-50", "TEL_NO": "389-6989", "시설대분류": "생활편의업소", "시설구분": null, "편의시설 구분": null, "경사로지원상태": "정보없음", "자동문정보": "정보없음", "경사로 설치 여부": null, "이동식 경사로 설치 여부": null, "자동문 설치 여부": null, "점자표지판 설치 여부": null, "점자 메뉴판 설치 여부": null, "의사소통판 설치 여부": null, "경사도": null, "영업시간": null, "버스번호": null, "버스정보": null, "평일운영시간": null, "토요일운영시간": null, "상세위치": null, "최적경로": null, "대표점변환여부": false, "원본Geometry유형": "Point" }, "geometry": { "type": "Point", "coordinates": [ 126.9301, 37.6421 ] } },
{ "type": "Feature", "properties": { "id": "474", "CONTENTS_NAME": "05. 은평뉴타운 7단지 708동 ", "ADDR_OLD": "서울특별시 은평구 진관동  13-3", "ADDR_NEW": "", "TEL_NO": "02-385-1351", "시설대분류": "셔틀버스정류장", "시설구분": null, "편의시설 구분": null, "경사로지원상태": "정보없음", "자동문정보": "정보없음", "경사로 설치 여부": null, "이동식 경사로 설치 여부": null, "자동문 설치 여부": null, "점자표지판 설치 여부": null, "점자 메뉴판 설치 여부": null, "의사소통판 설치 여부": null, "경사도": null, "영업시간": null, "버스번호": "12-1번", "버스정보": "전기 저상버스, 휠체어 탑승 가능, 토요일은 1회, 2회만 운영, 일요일 및 공휴일 미운영", "평일운영시간": null, "토요일운영시간": null, "상세위치": null, "최적경로": null, "대표점변환여부": false, "원본Geometry유형": "Point" }, "geometry": { "type": "Point", "coordinates": [ 126.9271, 37.6456 ] } },
{ "type": "Feature", "properties": { "id": "322", "CONTENTS_NAME": "35.  은평뉴타운  7단지  701동", "ADDR_OLD": "서울특별시 은평구 진관동  7", "ADDR_NEW": "서울특별시 은평구 진관4로 78-8, 701동 (진관동, 은평뉴타운상림마을)", "TEL_NO": "02-385-1351", "시설대분류": "셔틀버스정류장", "시설구분": null, "편의시설 구분": null, "경사로지원상태": "정보없음", "자동문정보": "정보없음", "경사로 설치 여부": null, "이동식 경사로 설치 여부": null, "자동문 설치 여부": null, "점자표지판 설치 여부": null, "점자 메뉴판 설치 여부": null, "의사소통판 설치 여부": null, "경사도": null, "영업시간": null, "버스번호": "12번", "버스정보": "전기 저상버스, 휠체어 탑승 가능, 토요일은 1회, 2회만 운영, 일요일 및 공휴일 미운영", "평일운영시간": null, "토요일운영시간": null, "상세위치": null, "최적경로": null, "대표점변환여부": false, "원본Geometry유형": "Point" }, "geometry": { "type": "Point", "coordinates": [ 126.9282, 37.6461 ] } },
{ "type": "Feature", "properties": { "id": "458", "CONTENTS_NAME": "3s인테리어필림", "ADDR_OLD": "서울특별시 은평구 갈현동 392-31", "ADDR_NEW": "서울특별시 은평구 통일로 911", "TEL_NO": "0507-1304-3296", "시설대분류": "접근성조사시설", "시설구분": "소매점", "편의시설 구분": null, "경사로지원상태": "고정경사로 설치", "자동문정보": "자동문 미설치", "경사로 설치 여부": "설치", "이동식 경사로 설치 여부": "미설치", "자동문 설치 여부": "미 설치", "점자표지판 설치 여부": "미설치", "점자 메뉴판 설치 여부": "미설치", "의사소통판 설치 여부": "미설치", "경사도": null, "영업시간": null, "버스번호": null, "버스정보": null, "평일운영시간": null, "토요일운영시간": null, "상세위치": null, "최적경로": null, "대표점변환여부": false, "원본Geometry유형": "Point" }, "geometry": { "type": "Point", "coordinates": [ 126.9197, 37.6245 ] } },
{ "type": "Feature", "properties": { "id": "496", "CONTENTS_NAME": "일등공인중개사사무소", "ADDR_OLD": "서울특별시 은평구 갈현동 392-31", "ADDR_NEW": "서울특별시 은평구 통일로 911", "TEL_NO": "388-0101", "시설대분류": "생활편의업소", "시설구분": null, "편의시설 구분": null, "경사로지원상태": "정보없음", "자동문정보": "정보없음", "경사로 설치 여부": null, "이동식 경사로 설치 여부": null, "자동문 설치 여부": null, "점자표지판 설치 여부": null, "점자 메뉴판 설치 여부": null, "의사소통판 설치 여부": null, "경사도": null, "영업시간": null, "버스번호": null, "버스정보": null, "평일운영시간": null, "토요일운영시간": null, "상세위치": null, "최적경로": null, "대표점변환여부": false, "원본Geometry유형": "Point" }, "geometry": { "type": "Point", "coordinates": [ 126.9196, 37.6245 ] } },
{ "type": "Feature", "properties": { "id": "381", "CONTENTS_NAME": "금광모터샵", "ADDR_OLD": "서울특별시 은평구 불광동 491", "ADDR_NEW": "서울특별시 은평구 통일로 920", "TEL_NO": "02-385-1424", "시설대분류": "접근성조사시설", "시설구분": "오토바이", "편의시설 구분": null, "경사로지원상태": "경사로 미설치", "자동문정보": "자동문 설치", "경사로 설치 여부": "미 설치", "이동식 경사로 설치 여부": "미설치", "자동문 설치 여부": "설치", "점자표지판 설치 여부": "미설치", "점자 메뉴판 설치 여부": "미설치", "의사소통판 설치 여부": "미설치", "경사도": null, "영업시간": null, "버스번호": null, "버스정보": null, "평일운영시간": null, "토요일운영시간": null, "상세위치": null, "최적경로": null, "대표점변환여부": false, "원본Geometry유형": "Point" }, "geometry": { "type": "Point", "coordinates": [ 126.9203, 37.625 ] } },
{ "type": "Feature", "properties": { "id": "531", "CONTENTS_NAME": "굿모닝부동산공인중개사사무소", "ADDR_OLD": "서울특별시 은평구 불광동 494", "ADDR_NEW": "서울특별시 은평구 통일로 928", "TEL_NO": "388-2266", "시설대분류": "생활편의업소", "시설구분": null, "편의시설 구분": null, "경사로지원상태": "정보없음", "자동문정보": "정보없음", "경사로 설치 여부": null, "이동식 경사로 설치 여부": null, "자동문 설치 여부": null, "점자표지판 설치 여부": null, "점자 메뉴판 설치 여부": null, "의사소통판 설치 여부": null, "경사도": null, "영업시간": null, "버스번호": null, "버스정보": null, "평일운영시간": null, "토요일운영시간": null, "상세위치": null, "최적경로": null, "대표점변환여부": false, "원본Geometry유형": "Point" }, "geometry": { "type": "Point", "coordinates": [ 126.9203, 37.6257 ] } },
{ "type": "Feature", "properties": { "id": "319", "CONTENTS_NAME": "30.  세명컴퓨터고등학교", "ADDR_OLD": "서울특별시 은평구 불광동 494", "ADDR_NEW": "서울특별시 은평구 통일로 928", "TEL_NO": "02-385-1351", "시설대분류": "셔틀버스정류장", "시설구분": null, "편의시설 구분": null, "경사로지원상태": "정보없음", "자동문정보": "정보없음", "경사로 설치 여부": null, "이동식 경사로 설치 여부": null, "자동문 설치 여부": null, "점자표지판 설치 여부": null, "점자 메뉴판 설치 여부": null, "의사소통판 설치 여부": null, "경사도": null, "영업시간": null, "버스번호": "12번", "버스정보": "전기 저상버스, 휠체어 탑승 가능, 토요일은 1회, 2회만 운영, 일요일 및 공휴일 미운영", "평일운영시간": null, "토요일운영시간": null, "상세위치": null, "최적경로": null, "대표점변환여부": false, "원본Geometry유형": "Point" }, "geometry": { "type": "Point", "coordinates": [ 126.9203, 37.6257 ] } },
{ "type": "Feature", "properties": { "id": "331", "CONTENTS_NAME": "10. 세명컴퓨터고등학교", "ADDR_OLD": "서울특별시 은평구 갈현동 389-3", "ADDR_NEW": "서울특별시 은평구 통일로 895-2", "TEL_NO": "02-385-1351", "시설대분류": "셔틀버스정류장", "시설구분": null, "편의시설 구분": null, "경사로지원상태": "정보없음", "자동문정보": "정보없음", "경사로 설치 여부": null, "이동식 경사로 설치 여부": null, "자동문 설치 여부": null, "점자표지판 설치 여부": null, "점자 메뉴판 설치 여부": null, "의사소통판 설치 여부": null, "경사도": null, "영업시간": null, "버스번호": "12-1번", "버스정보": "전기 저상버스, 휠체어 탑승 가능, 토요일은 1회, 2회만 운영, 일요일 및 공휴일 미운영", "평일운영시간": null, "토요일운영시간": null, "상세위치": null, "최적경로": null, "대표점변환여부": false, "원본Geometry유형": "Point" }, "geometry": { "type": "Point", "coordinates": [ 126.9199, 37.6262 ] } },
{ "type": "Feature", "properties": { "id": "320", "CONTENTS_NAME": "31.  은평뉴타운  112동", "ADDR_OLD": "서울특별시 은평구 진관동  106-1", "ADDR_NEW": "", "TEL_NO": "02-385-1351", "시설대분류": "셔틀버스정류장", "시설구분": null, "편의시설 구분": null, "경사로지원상태": "정보없음", "자동문정보": "정보없음", "경사로 설치 여부": null, "이동식 경사로 설치 여부": null, "자동문 설치 여부": null, "점자표지판 설치 여부": null, "점자 메뉴판 설치 여부": null, "의사소통판 설치 여부": null, "경사도": null, "영업시간": null, "버스번호": "12번", "버스정보": "전기 저상버스, 휠체어 탑승 가능, 토요일은 1회, 2회만 운영, 일요일 및 공휴일 미운영", "평일운영시간": null, "토요일운영시간": null, "상세위치": null, "최적경로": null, "대표점변환여부": false, "원본Geometry유형": "Point" }, "geometry": { "type": "Point", "coordinates": [ 126.9208, 37.6308 ] } },
{ "type": "Feature", "properties": { "id": "330", "CONTENTS_NAME": "09. 은평뉴타운 109동 ", "ADDR_OLD": "서울특별시 은평구 진관동  106-1", "ADDR_NEW": "", "TEL_NO": "02-385-1351", "시설대분류": "셔틀버스정류장", "시설구분": null, "편의시설 구분": null, "경사로지원상태": "정보없음", "자동문정보": "정보없음", "경사로 설치 여부": null, "이동식 경사로 설치 여부": null, "자동문 설치 여부": null, "점자표지판 설치 여부": null, "점자 메뉴판 설치 여부": null, "의사소통판 설치 여부": null, "경사도": null, "영업시간": null, "버스번호": "12-1번", "버스정보": "전기 저상버스, 휠체어 탑승 가능, 토요일은 1회, 2회만 운영, 일요일 및 공휴일 미운영", "평일운영시간": null, "토요일운영시간": null, "상세위치": null, "최적경로": null, "대표점변환여부": false, "원본Geometry유형": "Point" }, "geometry": { "type": "Point", "coordinates": [ 126.921, 37.6311 ] } },
{ "type": "Feature", "properties": { "id": "50", "CONTENTS_NAME": "정혜영헤어큐", "ADDR_OLD": "서울특별시 은평구 진관동  101", "ADDR_NEW": "서울특별시 은평구 진관1로 21-9, 106동 (진관동, 은평뉴타운 박석고개)", "TEL_NO": "02-388-9104", "시설대분류": "이미용지원시설", "시설구분": null, "편의시설 구분": null, "경사로지원상태": "고정경사로 설치", "자동문정보": "자동문 미설치", "경사로 설치 여부": "설치", "이동식 경사로 설치 여부": null, "자동문 설치 여부": "미 설치", "점자표지판 설치 여부": null, "점자 메뉴판 설치 여부": null, "의사소통판 설치 여부": null, "경사도": null, "영업시간": null, "버스번호": null, "버스정보": null, "평일운영시간": null, "토요일운영시간": null, "상세위치": null, "최적경로": null, "대표점변환여부": false, "원본Geometry유형": "Point" }, "geometry": { "type": "Point", "coordinates": [ 126.921, 37.6321 ] } },
{ "type": "Feature", "properties": { "id": "232", "CONTENTS_NAME": "정혜영헤어큐", "ADDR_OLD": "서울특별시 은평구 진관동  101", "ADDR_NEW": "서울특별시 은평구 진관1로 21-9, 106동 (진관동, 은평뉴타운 박석고개)", "TEL_NO": "02-388-9104", "시설대분류": "접근성조사시설", "시설구분": "미용실", "편의시설 구분": null, "경사로지원상태": "고정경사로 설치", "자동문정보": "자동문 미설치", "경사로 설치 여부": "설치", "이동식 경사로 설치 여부": "미설치", "자동문 설치 여부": "미 설치", "점자표지판 설치 여부": "미설치", "점자 메뉴판 설치 여부": "미설치", "의사소통판 설치 여부": "미설치", "경사도": null, "영업시간": null, "버스번호": null, "버스정보": null, "평일운영시간": null, "토요일운영시간": null, "상세위치": null, "최적경로": null, "대표점변환여부": false, "원본Geometry유형": "Point" }, "geometry": { "type": "Point", "coordinates": [ 126.921, 37.6321 ] } },
{ "type": "Feature", "properties": { "id": "308", "CONTENTS_NAME": "대한공인중개사사무소", "ADDR_OLD": "서울특별시 은평구 갈현동 419-2", "ADDR_NEW": "서울특별시 은평구 갈현로 326-2", "TEL_NO": "02-352-4945", "시설대분류": "생활편의업소", "시설구분": null, "편의시설 구분": null, "경사로지원상태": "정보없음", "자동문정보": "정보없음", "경사로 설치 여부": null, "이동식 경사로 설치 여부": null, "자동문 설치 여부": null, "점자표지판 설치 여부": null, "점자 메뉴판 설치 여부": null, "의사소통판 설치 여부": null, "경사도": null, "영업시간": null, "버스번호": null, "버스정보": null, "평일운영시간": null, "토요일운영시간": null, "상세위치": null, "최적경로": null, "대표점변환여부": false, "원본Geometry유형": "Point" }, "geometry": { "type": "Point", "coordinates": [ 126.9182, 37.6257 ] } },
{ "type": "Feature", "properties": { "id": "23", "CONTENTS_NAME": "갈현제일공인중개사사무소", "ADDR_OLD": "서울특별시 은평구 갈현동 6-132", "ADDR_NEW": "서울특별시 은평구 갈현로 339", "TEL_NO": "389-2001%2C+354-3333", "시설대분류": "생활편의업소", "시설구분": null, "편의시설 구분": null, "경사로지원상태": "정보없음", "자동문정보": "정보없음", "경사로 설치 여부": null, "이동식 경사로 설치 여부": null, "자동문 설치 여부": null, "점자표지판 설치 여부": null, "점자 메뉴판 설치 여부": null, "의사소통판 설치 여부": null, "경사도": null, "영업시간": null, "버스번호": null, "버스정보": null, "평일운영시간": null, "토요일운영시간": null, "상세위치": null, "최적경로": null, "대표점변환여부": false, "원본Geometry유형": "Point" }, "geometry": { "type": "Point", "coordinates": [ 126.9189, 37.6266 ] } },
{ "type": "Feature", "properties": { "id": "329", "CONTENTS_NAME": "08. 구파발역 4번출구", "ADDR_OLD": "서울특별시 은평구 진관동 63", "ADDR_NEW": "서울특별시 은평구 통일로 1050", "TEL_NO": "02-385-1351", "시설대분류": "셔틀버스정류장", "시설구분": null, "편의시설 구분": null, "경사로지원상태": "정보없음", "자동문정보": "정보없음", "경사로 설치 여부": null, "이동식 경사로 설치 여부": null, "자동문 설치 여부": null, "점자표지판 설치 여부": null, "점자 메뉴판 설치 여부": null, "의사소통판 설치 여부": null, "경사도": null, "영업시간": null, "버스번호": "12-1번", "버스정보": "전기 저상버스, 휠체어 탑승 가능, 토요일은 1회, 2회만 운영, 일요일 및 공휴일 미운영", "평일운영시간": null, "토요일운영시간": null, "상세위치": null, "최적경로": null, "대표점변환여부": false, "원본Geometry유형": "Point" }, "geometry": { "type": "Point", "coordinates": [ 126.9186, 37.6373 ] } },
{ "type": "Feature", "properties": { "id": "108", "CONTENTS_NAME": "이지공인중개사사무소", "ADDR_OLD": "서울특별시 은평구 진관동 102", "ADDR_NEW": "서울특별시 은평구 진관1로 21-10", "TEL_NO": "02-384-4800", "시설대분류": "생활편의업소", "시설구분": null, "편의시설 구분": null, "경사로지원상태": "정보없음", "자동문정보": "정보없음", "경사로 설치 여부": null, "이동식 경사로 설치 여부": null, "자동문 설치 여부": null, "점자표지판 설치 여부": null, "점자 메뉴판 설치 여부": null, "의사소통판 설치 여부": null, "경사도": null, "영업시간": "9:00 ~ 19:00", "버스번호": null, "버스정보": null, "평일운영시간": null, "토요일운영시간": null, "상세위치": null, "최적경로": null, "대표점변환여부": false, "원본Geometry유형": "Point" }, "geometry": { "type": "Point", "coordinates": [ 126.9194, 37.6337 ] } },
{ "type": "Feature", "properties": { "id": "321", "CONTENTS_NAME": "32.  구파발역  1번출구", "ADDR_OLD": "서울특별시 은평구 진관동  21-3", "ADDR_NEW": "", "TEL_NO": "02-385-1351", "시설대분류": "셔틀버스정류장", "시설구분": null, "편의시설 구분": null, "경사로지원상태": "정보없음", "자동문정보": "정보없음", "경사로 설치 여부": null, "이동식 경사로 설치 여부": null, "자동문 설치 여부": null, "점자표지판 설치 여부": null, "점자 메뉴판 설치 여부": null, "의사소통판 설치 여부": null, "경사도": null, "영업시간": null, "버스번호": "12번", "버스정보": "전기 저상버스, 휠체어 탑승 가능, 토요일은 1회, 2회만 운영, 일요일 및 공휴일 미운영", "평일운영시간": null, "토요일운영시간": null, "상세위치": null, "최적경로": null, "대표점변환여부": false, "원본Geometry유형": "Point" }, "geometry": { "type": "Point", "coordinates": [ 126.919, 37.6369 ] } },
{ "type": "Feature", "properties": { "id": "299", "CONTENTS_NAME": "해원공인중개사사무소", "ADDR_OLD": "서울특별시 은평구 진관동 65", "ADDR_NEW": "서울특별시 은평구 진관3로 21, 101동 (진관동, 은평뉴타운엘크루)", "TEL_NO": "02-353-1151", "시설대분류": "생활편의업소", "시설구분": null, "편의시설 구분": null, "경사로지원상태": "정보없음", "자동문정보": "정보없음", "경사로 설치 여부": null, "이동식 경사로 설치 여부": null, "자동문 설치 여부": null, "점자표지판 설치 여부": null, "점자 메뉴판 설치 여부": null, "의사소통판 설치 여부": null, "경사도": null, "영업시간": null, "버스번호": null, "버스정보": null, "평일운영시간": null, "토요일운영시간": null, "상세위치": null, "최적경로": null, "대표점변환여부": false, "원본Geometry유형": "Point" }, "geometry": { "type": "Point", "coordinates": [ 126.919, 37.6396 ] } },
{ "type": "Feature", "properties": { "id": "397", "CONTENTS_NAME": "마왕족발", "ADDR_OLD": "서울특별시 은평구 진관동 67-1", "ADDR_NEW": "서울특별시 은평구 진관3로 37", "TEL_NO": "02-355-2892", "시설대분류": "접근성조사시설", "시설구분": "음식점", "편의시설 구분": null, "경사로지원상태": "고정경사로 설치", "자동문정보": "자동문 미설치", "경사로 설치 여부": "설치", "이동식 경사로 설치 여부": "미설치", "자동문 설치 여부": "미 설치", "점자표지판 설치 여부": "미설치", "점자 메뉴판 설치 여부": "미설치", "의사소통판 설치 여부": "미설치", "경사도": null, "영업시간": null, "버스번호": null, "버스정보": null, "평일운영시간": null, "토요일운영시간": null, "상세위치": null, "최적경로": null, "대표점변환여부": false, "원본Geometry유형": "Point" }, "geometry": { "type": "Point", "coordinates": [ 126.9207, 37.6403 ] } },
{ "type": "Feature", "properties": { "id": "593", "CONTENTS_NAME": "북한산옹심이메밀칼국수", "ADDR_OLD": "서울특별시 은평구 진관동  22", "ADDR_NEW": "서울특별시 은평구 진관3로 67, 903동 (진관동, 은평뉴타운 구파발)", "TEL_NO": "02-353-5500", "시설대분류": "접근성조사시설", "시설구분": "음식점", "편의시설 구분": null, "경사로지원상태": "고정경사로 설치", "자동문정보": "자동문 미설치", "경사로 설치 여부": "설치", "이동식 경사로 설치 여부": "미설치", "자동문 설치 여부": "미 설치", "점자표지판 설치 여부": "미설치", "점자 메뉴판 설치 여부": "미설치", "의사소통판 설치 여부": "미설치", "경사도": null, "영업시간": null, "버스번호": null, "버스정보": null, "평일운영시간": null, "토요일운영시간": null, "상세위치": null, "최적경로": null, "대표점변환여부": false, "원본Geometry유형": "Point" }, "geometry": { "type": "Point", "coordinates": [ 126.9199, 37.6407 ] } },
{ "type": "Feature", "properties": { "id": "473", "CONTENTS_NAME": "07. 은평뉴타운 9단지 909동", "ADDR_OLD": "서울특별시 은평구 진관동  20-4", "ADDR_NEW": "", "TEL_NO": "02-385-1351", "시설대분류": "셔틀버스정류장", "시설구분": null, "편의시설 구분": null, "경사로지원상태": "정보없음", "자동문정보": "정보없음", "경사로 설치 여부": null, "이동식 경사로 설치 여부": null, "자동문 설치 여부": null, "점자표지판 설치 여부": null, "점자 메뉴판 설치 여부": null, "의사소통판 설치 여부": null, "경사도": null, "영업시간": null, "버스번호": "12-1번", "버스정보": "전기 저상버스, 휠체어 탑승 가능, 토요일은 1회, 2회만 운영, 일요일 및 공휴일 미운영", "평일운영시간": null, "토요일운영시간": null, "상세위치": null, "최적경로": null, "대표점변환여부": false, "원본Geometry유형": "Point" }, "geometry": { "type": "Point", "coordinates": [ 126.9215, 37.6411 ] } },
{ "type": "Feature", "properties": { "id": "628", "CONTENTS_NAME": "구파발미용실", "ADDR_OLD": "서울특별시 은평구 진관동 22", "ADDR_NEW": "서울특별시 은평구 진관3로 67, 909동 (진관동, 은평뉴타운 구파발)", "TEL_NO": "0506-882-7016", "시설대분류": "접근성조사시설", "시설구분": "미용실", "편의시설 구분": null, "경사로지원상태": "고정경사로 설치", "자동문정보": "자동문 미설치", "경사로 설치 여부": "설치", "이동식 경사로 설치 여부": "미설치", "자동문 설치 여부": "미 설치", "점자표지판 설치 여부": "미설치", "점자 메뉴판 설치 여부": "미설치", "의사소통판 설치 여부": "미설치", "경사도": null, "영업시간": null, "버스번호": null, "버스정보": null, "평일운영시간": null, "토요일운영시간": null, "상세위치": null, "최적경로": null, "대표점변환여부": false, "원본Geometry유형": "Point" }, "geometry": { "type": "Point", "coordinates": [ 126.9214, 37.6411 ] } },
{ "type": "Feature", "properties": { "id": "576", "CONTENTS_NAME": "금손 피부샵", "ADDR_OLD": "서울특별시 은평구 진관동  22", "ADDR_NEW": "서울특별시 은평구 진관3로 67, 903동 (진관동, 은평뉴타운 구파발)", "TEL_NO": "0507-1460-9948", "시설대분류": "접근성조사시설", "시설구분": "소매점", "편의시설 구분": null, "경사로지원상태": "고정경사로 설치", "자동문정보": "자동문 미설치", "경사로 설치 여부": "설치", "이동식 경사로 설치 여부": "미설치", "자동문 설치 여부": "미 설치", "점자표지판 설치 여부": "미설치", "점자 메뉴판 설치 여부": "미설치", "의사소통판 설치 여부": "미설치", "경사도": null, "영업시간": null, "버스번호": null, "버스정보": null, "평일운영시간": null, "토요일운영시간": null, "상세위치": null, "최적경로": null, "대표점변환여부": false, "원본Geometry유형": "Point" }, "geometry": { "type": "Point", "coordinates": [ 126.9215, 37.6419 ] } },
{ "type": "Feature", "properties": { "id": "225", "CONTENTS_NAME": "해피보석", "ADDR_OLD": "서울특별시 은평구 진관동 22", "ADDR_NEW": "서울특별시 은평구 진관3로 67, 911동 (진관동, 은평뉴타운 구파발)", "TEL_NO": "02-353-9330", "시설대분류": "접근성조사시설", "시설구분": "소매점", "편의시설 구분": null, "경사로지원상태": "고정경사로 설치", "자동문정보": "자동문 미설치", "경사로 설치 여부": "설치", "이동식 경사로 설치 여부": "미설치", "자동문 설치 여부": "미 설치", "점자표지판 설치 여부": "미설치", "점자 메뉴판 설치 여부": "미설치", "의사소통판 설치 여부": "미설치", "경사도": null, "영업시간": null, "버스번호": null, "버스정보": null, "평일운영시간": null, "토요일운영시간": null, "상세위치": null, "최적경로": null, "대표점변환여부": false, "원본Geometry유형": "Point" }, "geometry": { "type": "Point", "coordinates": [ 126.9215, 37.6421 ] } },
{ "type": "Feature", "properties": { "id": "599", "CONTENTS_NAME": "태영부동산", "ADDR_OLD": "서울특별시 은평구 진관동 22", "ADDR_NEW": "서울특별시 은평구 진관3로 67, 915동 (진관동, 은평뉴타운 구파발)", "TEL_NO": "02-302-1515", "시설대분류": "접근성조사시설", "시설구분": "부동산", "편의시설 구분": null, "경사로지원상태": "고정경사로 설치", "자동문정보": "자동문 미설치", "경사로 설치 여부": "설치", "이동식 경사로 설치 여부": "미설치", "자동문 설치 여부": "미 설치", "점자표지판 설치 여부": "미설치", "점자 메뉴판 설치 여부": "미설치", "의사소통판 설치 여부": "미설치", "경사도": null, "영업시간": null, "버스번호": null, "버스정보": null, "평일운영시간": null, "토요일운영시간": null, "상세위치": null, "최적경로": null, "대표점변환여부": false, "원본Geometry유형": "Point" }, "geometry": { "type": "Point", "coordinates": [ 126.921, 37.6428 ] } },
{ "type": "Feature", "properties": { "id": "433", "CONTENTS_NAME": "초록세탁", "ADDR_OLD": "서울특별시 은평구 진관동 25", "ADDR_NEW": "서울특별시 은평구 진관3로 77, 919동 (진관동, 은평뉴타운 구파발)", "TEL_NO": "02-352-6785", "시설대분류": "접근성조사시설", "시설구분": "세탁소", "편의시설 구분": null, "경사로지원상태": "고정경사로 설치", "자동문정보": "자동문 미설치", "경사로 설치 여부": "설치", "이동식 경사로 설치 여부": "미설치", "자동문 설치 여부": "미 설치", "점자표지판 설치 여부": "미설치", "점자 메뉴판 설치 여부": "미설치", "의사소통판 설치 여부": "미설치", "경사도": null, "영업시간": null, "버스번호": null, "버스정보": null, "평일운영시간": null, "토요일운영시간": null, "상세위치": null, "최적경로": null, "대표점변환여부": false, "원본Geometry유형": "Point" }, "geometry": { "type": "Point", "coordinates": [ 126.9192, 37.6431 ] } },
{ "type": "Feature", "properties": { "id": "425", "CONTENTS_NAME": "원순두부찌개", "ADDR_OLD": "서울특별시 은평구 진관동 25", "ADDR_NEW": "서울특별시 은평구 진관3로 77, 922동 (진관동, 은평뉴타운 구파발)", "TEL_NO": "02-352-6068", "시설대분류": "접근성조사시설", "시설구분": "음식점", "편의시설 구분": null, "경사로지원상태": "고정경사로 설치", "자동문정보": "자동문 미설치", "경사로 설치 여부": "설치", "이동식 경사로 설치 여부": "미설치", "자동문 설치 여부": "미 설치", "점자표지판 설치 여부": "미설치", "점자 메뉴판 설치 여부": "미설치", "의사소통판 설치 여부": "미설치", "경사도": null, "영업시간": null, "버스번호": null, "버스정보": null, "평일운영시간": null, "토요일운영시간": null, "상세위치": null, "최적경로": null, "대표점변환여부": false, "원본Geometry유형": "Point" }, "geometry": { "type": "Point", "coordinates": [ 126.9213, 37.6437 ] } },
{ "type": "Feature", "properties": { "id": "106", "CONTENTS_NAME": "은평채움공인중개사사무소", "ADDR_OLD": "서울특별시 은평구 진관동 25", "ADDR_NEW": "서울특별시 은평구 진관3로 77", "TEL_NO": "357-3500", "시설대분류": "생활편의업소", "시설구분": null, "편의시설 구분": null, "경사로지원상태": "정보없음", "자동문정보": "정보없음", "경사로 설치 여부": null, "이동식 경사로 설치 여부": null, "자동문 설치 여부": null, "점자표지판 설치 여부": null, "점자 메뉴판 설치 여부": null, "의사소통판 설치 여부": null, "경사도": null, "영업시간": null, "버스번호": null, "버스정보": null, "평일운영시간": null, "토요일운영시간": null, "상세위치": null, "최적경로": null, "대표점변환여부": false, "원본Geometry유형": "Point" }, "geometry": { "type": "Point", "coordinates": [ 126.9212, 37.6439 ] } },
{ "type": "Feature", "properties": { "id": "103", "CONTENTS_NAME": "대산공인중개사사무소", "ADDR_OLD": "서울특별시 은평구 진관동 154", "ADDR_NEW": "서울특별시 은평구 연서로48길 12", "TEL_NO": "382-7766", "시설대분류": "생활편의업소", "시설구분": null, "편의시설 구분": null, "경사로지원상태": "정보없음", "자동문정보": "정보없음", "경사로 설치 여부": null, "이동식 경사로 설치 여부": null, "자동문 설치 여부": null, "점자표지판 설치 여부": null, "점자 메뉴판 설치 여부": null, "의사소통판 설치 여부": null, "경사도": null, "영업시간": null, "버스번호": null, "버스정보": null, "평일운영시간": null, "토요일운영시간": null, "상세위치": null, "최적경로": null, "대표점변환여부": false, "원본Geometry유형": "Point" }, "geometry": { "type": "Point", "coordinates": [ 126.9356, 37.6373 ] } },
{ "type": "Feature", "properties": { "id": "104", "CONTENTS_NAME": "좋은집공인중개사사무소", "ADDR_OLD": "서울특별시 은평구 진관동 155", "ADDR_NEW": "서울특별시 은평구 연서로48길 11", "TEL_NO": "02-355-8400", "시설대분류": "생활편의업소", "시설구분": null, "편의시설 구분": null, "경사로지원상태": "정보없음", "자동문정보": "정보없음", "경사로 설치 여부": null, "이동식 경사로 설치 여부": null, "자동문 설치 여부": null, "점자표지판 설치 여부": null, "점자 메뉴판 설치 여부": null, "의사소통판 설치 여부": null, "경사도": null, "영업시간": null, "버스번호": null, "버스정보": null, "평일운영시간": null, "토요일운영시간": null, "상세위치": null, "최적경로": null, "대표점변환여부": false, "원본Geometry유형": "Point" }, "geometry": { "type": "Point", "coordinates": [ 126.9358, 37.6376 ] } },
{ "type": "Feature", "properties": { "id": "326", "CONTENTS_NAME": "02. 은평뉴타운 5단지 520동", "ADDR_OLD": "서울특별시 은평구 진관동 155", "ADDR_NEW": "서울특별시 은평구 연서로48길 11, 516동 (진관동, 은평뉴타운 제각말)", "TEL_NO": "02-385-1351", "시설대분류": "셔틀버스정류장", "시설구분": null, "편의시설 구분": null, "경사로지원상태": "정보없음", "자동문정보": "정보없음", "경사로 설치 여부": null, "이동식 경사로 설치 여부": null, "자동문 설치 여부": null, "점자표지판 설치 여부": null, "점자 메뉴판 설치 여부": null, "의사소통판 설치 여부": null, "경사도": null, "영업시간": null, "버스번호": "12-1번", "버스정보": "전기 저상버스, 휠체어 탑승 가능, 토요일은 1회, 2회만 운영, 일요일 및 공휴일 미운영", "평일운영시간": null, "토요일운영시간": null, "상세위치": null, "최적경로": null, "대표점변환여부": false, "원본Geometry유형": "Point" }, "geometry": { "type": "Point", "coordinates": [ 126.9355, 37.6382 ] } },
{ "type": "Feature", "properties": { "id": "327", "CONTENTS_NAME": "03. 삼천리골 입구(신규)", "ADDR_OLD": "서울특별시 은평구 진관동  218", "ADDR_NEW": "", "TEL_NO": "02-385-1351", "시설대분류": "셔틀버스정류장", "시설구분": null, "편의시설 구분": null, "경사로지원상태": "정보없음", "자동문정보": "정보없음", "경사로 설치 여부": null, "이동식 경사로 설치 여부": null, "자동문 설치 여부": null, "점자표지판 설치 여부": null, "점자 메뉴판 설치 여부": null, "의사소통판 설치 여부": null, "경사도": null, "영업시간": null, "버스번호": "12-1번", "버스정보": "전기 저상버스, 휠체어 탑승 가능, 토요일은 1회, 2회만 운영, 일요일 및 공휴일 미운영", "평일운영시간": null, "토요일운영시간": null, "상세위치": null, "최적경로": null, "대표점변환여부": false, "원본Geometry유형": "Point" }, "geometry": { "type": "Point", "coordinates": [ 126.9385, 37.6421 ] } },
{ "type": "Feature", "properties": { "id": "513", "CONTENTS_NAME": "37.  입곡삼거리(신규)", "ADDR_OLD": "서울특별시 은평구 진관동  333-11", "ADDR_NEW": "", "TEL_NO": "02-385-1351", "시설대분류": "셔틀버스정류장", "시설구분": null, "편의시설 구분": null, "경사로지원상태": "정보없음", "자동문정보": "정보없음", "경사로 설치 여부": null, "이동식 경사로 설치 여부": null, "자동문 설치 여부": null, "점자표지판 설치 여부": null, "점자 메뉴판 설치 여부": null, "의사소통판 설치 여부": null, "경사도": null, "영업시간": null, "버스번호": "12번", "버스정보": "전기 저상버스, 휠체어 탑승 가능, 토요일은 1회, 2회만 운영, 일요일 및 공휴일 미운영", "평일운영시간": null, "토요일운영시간": null, "상세위치": null, "최적경로": null, "대표점변환여부": false, "원본Geometry유형": "Point" }, "geometry": { "type": "Point", "coordinates": [ 126.9365, 37.6493 ] } },
{ "type": "Feature", "properties": { "id": "328", "CONTENTS_NAME": "06. 은평뉴타운 8단지 811동", "ADDR_OLD": "서울특별시 은평구 진관동  13-3", "ADDR_NEW": "", "TEL_NO": "02-385-1351", "시설대분류": "셔틀버스정류장", "시설구분": null, "편의시설 구분": null, "경사로지원상태": "정보없음", "자동문정보": "정보없음", "경사로 설치 여부": null, "이동식 경사로 설치 여부": null, "자동문 설치 여부": null, "점자표지판 설치 여부": null, "점자 메뉴판 설치 여부": null, "의사소통판 설치 여부": null, "경사도": null, "영업시간": null, "버스번호": "12-1번", "버스정보": "전기 저상버스, 휠체어 탑승 가능, 토요일은 1회, 2회만 운영, 일요일 및 공휴일 미운영", "평일운영시간": null, "토요일운영시간": null, "상세위치": null, "최적경로": null, "대표점변환여부": false, "원본Geometry유형": "Point" }, "geometry": { "type": "Point", "coordinates": [ 126.9231, 37.6434 ] } },
{ "type": "Feature", "properties": { "id": "514", "CONTENTS_NAME": "34.  은평뉴타운  8단지  /  진관고교", "ADDR_OLD": "서울특별시 은평구 진관동  13-3", "ADDR_NEW": "", "TEL_NO": "02-385-1351", "시설대분류": "셔틀버스정류장", "시설구분": null, "편의시설 구분": null, "경사로지원상태": "정보없음", "자동문정보": "정보없음", "경사로 설치 여부": null, "이동식 경사로 설치 여부": null, "자동문 설치 여부": null, "점자표지판 설치 여부": null, "점자 메뉴판 설치 여부": null, "의사소통판 설치 여부": null, "경사도": null, "영업시간": null, "버스번호": "12번", "버스정보": "전기 저상버스, 휠체어 탑승 가능, 토요일은 1회, 2회만 운영, 일요일 및 공휴일 미운영", "평일운영시간": null, "토요일운영시간": null, "상세위치": null, "최적경로": null, "대표점변환여부": false, "원본Geometry유형": "Point" }, "geometry": { "type": "Point", "coordinates": [ 126.9242, 37.6436 ] } },
{ "type": "Feature", "properties": { "id": "107", "CONTENTS_NAME": "88공인중개사사무소", "ADDR_OLD": "서울특별시 은평구 진관동 19", "ADDR_NEW": "서울특별시 은평구 진관4로 17", "TEL_NO": "02-354-5588", "시설대분류": "생활편의업소", "시설구분": null, "편의시설 구분": null, "경사로지원상태": "정보없음", "자동문정보": "정보없음", "경사로 설치 여부": null, "이동식 경사로 설치 여부": null, "자동문 설치 여부": null, "점자표지판 설치 여부": null, "점자 메뉴판 설치 여부": null, "의사소통판 설치 여부": null, "경사도": null, "영업시간": null, "버스번호": null, "버스정보": null, "평일운영시간": null, "토요일운영시간": null, "상세위치": null, "최적경로": null, "대표점변환여부": false, "원본Geometry유형": "Point" }, "geometry": { "type": "Point", "coordinates": [ 126.9217, 37.6438 ] } },
{ "type": "Feature", "properties": { "id": "632", "CONTENTS_NAME": "세계로축산", "ADDR_OLD": "서울특별시 은평구 진관동 6", "ADDR_NEW": "서울특별시 은평구 진관4로 77, 702동 (진관동, 은평뉴타운상림마을)", "TEL_NO": "02-353-7709", "시설대분류": "접근성조사시설", "시설구분": "정육점", "편의시설 구분": null, "경사로지원상태": "경사로 미설치", "자동문정보": "자동문 설치", "경사로 설치 여부": "미 설치", "이동식 경사로 설치 여부": "미설치", "자동문 설치 여부": "설치", "점자표지판 설치 여부": "미설치", "점자 메뉴판 설치 여부": "미설치", "의사소통판 설치 여부": "미설치", "경사도": null, "영업시간": null, "버스번호": null, "버스정보": null, "평일운영시간": null, "토요일운영시간": null, "상세위치": null, "최적경로": null, "대표점변환여부": false, "원본Geometry유형": "Point" }, "geometry": { "type": "Point", "coordinates": [ 126.9285, 37.6466 ] } },
{ "type": "Feature", "properties": { "id": "323", "CONTENTS_NAME": "36.  은평뉴타운  6단지  604동", "ADDR_OLD": "서울특별시 은평구 진관동  3", "ADDR_NEW": "서울특별시 은평구 진관4로 78-7, 604동 (진관동, 은평뉴타운상림마을)", "TEL_NO": "02-385-1351", "시설대분류": "셔틀버스정류장", "시설구분": null, "편의시설 구분": null, "경사로지원상태": "정보없음", "자동문정보": "정보없음", "경사로 설치 여부": null, "이동식 경사로 설치 여부": null, "자동문 설치 여부": null, "점자표지판 설치 여부": null, "점자 메뉴판 설치 여부": null, "의사소통판 설치 여부": null, "경사도": null, "영업시간": null, "버스번호": "12번", "버스정보": "전기 저상버스, 휠체어 탑승 가능, 토요일은 1회, 2회만 운영, 일요일 및 공휴일 미운영", "평일운영시간": null, "토요일운영시간": null, "상세위치": null, "최적경로": null, "대표점변환여부": false, "원본Geometry유형": "Point" }, "geometry": { "type": "Point", "coordinates": [ 126.9301, 37.6477 ] } },
{ "type": "Feature", "properties": { "id": "475", "CONTENTS_NAME": "04. 은평뉴타운 6단지 621동 ", "ADDR_OLD": "서울특별시 은평구 진관동  13-3", "ADDR_NEW": "", "TEL_NO": "02-385-1351", "시설대분류": "셔틀버스정류장", "시설구분": null, "편의시설 구분": null, "경사로지원상태": "정보없음", "자동문정보": "정보없음", "경사로 설치 여부": null, "이동식 경사로 설치 여부": null, "자동문 설치 여부": null, "점자표지판 설치 여부": null, "점자 메뉴판 설치 여부": null, "의사소통판 설치 여부": null, "경사도": null, "영업시간": null, "버스번호": "12-1번", "버스정보": "전기 저상버스, 휠체어 탑승 가능, 토요일은 1회, 2회만 운영, 일요일 및 공휴일 미운영", "평일운영시간": null, "토요일운영시간": null, "상세위치": null, "최적경로": null, "대표점변환여부": false, "원본Geometry유형": "Point" }, "geometry": { "type": "Point", "coordinates": [ 126.9305, 37.6485 ] } },
{ "type": "Feature", "properties": { "id": "462", "CONTENTS_NAME": "화장실", "ADDR_OLD": "서울특별시 은평구 구산동 산 136-1", "ADDR_NEW": "서울특별시 은평구 서오릉로21길 34-31", "TEL_NO": "", "시설대분류": "화장실", "시설구분": null, "편의시설 구분": null, "경사로지원상태": "정보없음", "자동문정보": "정보없음", "경사로 설치 여부": null, "이동식 경사로 설치 여부": null, "자동문 설치 여부": null, "점자표지판 설치 여부": null, "점자 메뉴판 설치 여부": null, "의사소통판 설치 여부": null, "경사도": null, "영업시간": null, "버스번호": null, "버스정보": null, "평일운영시간": null, "토요일운영시간": null, "상세위치": null, "최적경로": null, "대표점변환여부": true, "원본Geometry유형": "LineString" }, "geometry": { "type": "Point", "coordinates": [ 126.901900000000225, 37.614650000000211 ] } }
]
}
